t, theta_ref, theta, error, pid_out
0.000000000000000000e+00,0.000000000000000000e+00,3.490658503988659095e-02,-3.490658503988659095e-02,-6.934778411273863075e-01
1.000000000000000021e-02,0.000000000000000000e+00,3.490750436438631865e-02,-3.490750436438631865e-02,-6.958901523955638435e-01
2.000000000000000042e-02,0.000000000000000000e+00,3.491003935828120019e-02,-3.491003935828120019e-02,-6.997269184220764604e-01
2.999999999999999889e-02,0.000000000000000000e+00,3.491416005486339819e-02,-3.491416005486339819e-02,-7.035353090042310020e-01
4.000000000000000083e-02,0.000000000000000000e+00,3.491983101818563195e-02,-3.491983101818563195e-02,-7.073037096501259002e-01
5.000000000000000278e-02,0.000000000000000000e+00,3.492701735797725665e-02,-3.492701735797725665e-02,-7.110325429735363523e-01
5.999999999999999778e-02,0.000000000000000000e+00,3.493568477302528424e-02,-3.493568477302528424e-02,-7.147223294756420708e-01
7.000000000000000666e-02,0.000000000000000000e+00,3.494579954974984942e-02,-3.494579954974984942e-02,-7.183735979373653269e-01
8.000000000000000167e-02,0.000000000000000000e+00,3.495732856419391660e-02,-3.495732856419391660e-02,-7.219868922950357648e-01
8.999999999999999667e-02,0.000000000000000000e+00,3.497023928542143667e-02,-3.497023928542143667e-02,-7.255627745334857215e-01
1.000000000000000056e-01,0.000000000000000000e+00,3.498449977857873844e-02,-3.498449977857873844e-02,-7.291018240829505448e-01
1.100000000000000006e-01,0.000000000000000000e+00,3.500007870662309728e-02,-3.500007870662309728e-02,-7.326046351979217386e-01
1.199999999999999956e-01,0.000000000000000000e+00,3.501694533030880879e-02,-3.501694533030880879e-02,-7.360718134822699099e-01
1.300000000000000044e-01,0.000000000000000000e+00,3.503506761534209285e-02,-3.503506761534209285e-02,-7.395001535768883638e-01
1.400000000000000133e-01,0.000000000000000000e+00,3.505440247910541346e-02,-3.505440247910541346e-02,-7.428667284370849000e-01
1.499999999999999944e-01,0.000000000000000000e+00,3.507492217131782941e-02,-3.507492217131782941e-02,-7.462016630847174703e-01
1.600000000000000033e-01,0.000000000000000000e+00,3.509659964387840114e-02,-3.509659964387840114e-02,-7.495058430407179895e-01
1.700000000000000122e-01,0.000000000000000000e+00,3.511940841306440686e-02,-3.511940841306440686e-02,-7.527798890728508718e-01
1.799999999999999933e-01,0.000000000000000000e+00,3.514332253456760313e-02,-3.514332253456760313e-02,-7.560243823285075493e-01
1.900000000000000022e-01,0.000000000000000000e+00,3.516831658330043381e-02,-3.516831658330043381e-02,-7.592398734796275139e-01
2.000000000000000111e-01,0.000000000000000000e+00,3.519436563631827414e-02,-3.519436563631827414e-02,-7.624268886222039798e-01
2.099999999999999922e-01,0.000000000000000000e+00,3.522144525817241106e-02,-3.522144525817241106e-02,-7.655859338535501157e-01
2.200000000000000011e-01,0.000000000000000000e+00,3.524953148816150489e-02,-3.524953148816150489e-02,-7.687174988228064887e-01
2.300000000000000100e-01,0.000000000000000000e+00,3.527860082906615624e-02,-3.527860082906615624e-02,-7.718220594801641354e-01
2.399999999999999911e-01,0.000000000000000000e+00,3.530863023704371162e-02,-3.530863023704371162e-02,-7.749000802033865209e-01
2.500000000000000000e-01,0.000000000000000000e+00,3.533959711243198076e-02,-3.533959711243198076e-02,-7.779520154396997178e-01
2.600000000000000089e-01,0.000000000000000000e+00,3.537147929126651519e-02,-3.537147929126651519e-02,-7.809783109711073701e-01
2.700000000000000178e-01,0.000000000000000000e+00,3.540425503735954160e-02,-3.540425503735954160e-02,-7.839794048869941356e-01
2.800000000000000266e-01,0.000000000000000000e+00,3.543789012921848974e-02,-3.543789012921848974e-02,-7.869296671730738879e-01
2.899999999999999800e-01,0.000000000000000000e+00,3.547235925570899062e-02,-3.547235925570899062e-02,-7.898464249334268272e-01
2.999999999999999889e-01,0.000000000000000000e+00,3.550764185585469218e-02,-3.550764185585469218e-02,-7.927387809155603815e-01
3.099999999999999978e-01,0.000000000000000000e+00,3.554371782828018300e-02,-3.554371782828018300e-02,-7.956072676982385294e-01
3.200000000000000067e-01,0.000000000000000000e+00,3.558056749826384035e-02,-3.558056749826384035e-02,-7.984523601384657665e-01
3.300000000000000155e-01,0.000000000000000000e+00,3.561817160818234185e-02,-3.561817160818234185e-02,-8.012745219600949653e-01
3.400000000000000244e-01,0.000000000000000000e+00,3.565651130830691656e-02,-3.565651130830691656e-02,-8.040742062809238533e-01
3.500000000000000333e-01,0.000000000000000000e+00,3.569556814781610354e-02,-3.569556814781610354e-02,-8.068518558735515711e-01
3.599999999999999867e-01,0.000000000000000000e+00,3.573532406601648975e-02,-3.573532406601648975e-02,-8.096079034131702379e-01
3.699999999999999956e-01,0.000000000000000000e+00,3.577576138376453718e-02,-3.577576138376453718e-02,-8.123427717154362293e-01
3.800000000000000044e-01,0.000000000000000000e+00,3.581686279508308757e-02,-3.581686279508308757e-02,-8.150568739652510608e-01
3.900000000000000133e-01,0.000000000000000000e+00,3.585861135896671603e-02,-3.585861135896671603e-02,-8.177506139375078087e-01
4.000000000000000222e-01,0.000000000000000000e+00,3.590099049137048665e-02,-3.590099049137048665e-02,-8.204243862104579899e-01
4.100000000000000311e-01,0.000000000000000000e+00,3.594398395737702367e-02,-3.594398395737702367e-02,-8.230785763723238446e-01
4.199999999999999845e-01,0.000000000000000000e+00,3.598757586353726334e-02,-3.598757586353726334e-02,-8.257135612219685949e-01
4.299999999999999933e-01,0.000000000000000000e+00,3.603175065038031338e-02,-3.603175065038031338e-02,-8.283297089636609822e-01
4.400000000000000022e-01,0.000000000000000000e+00,3.607649308508820152e-02,-3.607649308508820152e-02,-8.309273793965605837e-01
4.500000000000000111e-01,0.000000000000000000e+00,3.612178825433145363e-02,-3.612178825433145363e-02,-8.335069240991653805e-01
4.600000000000000200e-01,0.000000000000000000e+00,3.616762155726169908e-02,-3.616762155726169908e-02,-8.360686866091617819e-01
4.700000000000000289e-01,0.000000000000000000e+00,3.621397869865748687e-02,-3.621397869865748687e-02,-8.386130025985754077e-01
4.799999999999999822e-01,0.000000000000000000e+00,3.626084568221986382e-02,-3.626084568221986382e-02,-8.411402000448934269e-01
4.899999999999999911e-01,0.000000000000000000e+00,3.630820880401413459e-02,-3.630820880401413459e-02,-8.436505993978242746e-01
5.000000000000000000e-01,0.000000000000000000e+00,3.635605464605463910e-02,-3.635605464605463910e-02,-8.461445137424675744e-01
5.100000000000000089e-01,0.000000000000000000e+00,3.640437007002917530e-02,-3.640437007002917530e-02,-8.486222489584142048e-01
5.200000000000000178e-01,0.000000000000000000e+00,3.645314221116002090e-02,-3.645314221116002090e-02,-8.510841038753679255e-01
5.300000000000000266e-01,0.000000000000000000e+00,3.650235847219853585e-02,-3.650235847219853585e-02,-8.535303704252892310e-01
5.400000000000000355e-01,0.000000000000000000e+00,3.655200651755032698e-02,-3.655200651755032698e-02,-8.559613337910005892e-01
5.500000000000000444e-01,0.000000000000000000e+00,3.660207426752817156e-02,-3.660207426752817156e-02,-8.583772725516325419e-01
5.600000000000000533e-01,0.000000000000000000e+00,3.665254989272983405e-02,-3.665254989272983405e-02,-8.607784588247282542e-01
5.700000000000000622e-01,0.000000000000000000e+00,3.670342180853809061e-02,-3.670342180853809061e-02,-8.631651584053170456e-01
5.799999999999999600e-01,0.000000000000000000e+00,3.675467866974034548e-02,-3.675467866974034548e-02,-8.655376309020468284e-01
5.899999999999999689e-01,0.000000000000000000e+00,3.680630936526507052e-02,-3.680630936526507052e-02,-8.678961298700149651e-01
5.999999999999999778e-01,0.000000000000000000e+00,3.685830301303272966e-02,-3.685830301303272966e-02,-8.702409029411132257e-01
6.099999999999999867e-01,0.000000000000000000e+00,3.691064895491857206e-02,-3.691064895491857206e-02,-8.725721919512847702e-01
6.199999999999999956e-01,0.000000000000000000e+00,3.696333675182491424e-02,-3.696333675182491424e-02,-8.748902330651152637e-01
6.300000000000000044e-01,0.000000000000000000e+00,3.701635617886053775e-02,-3.701635617886053775e-02,-8.771952568977297027e-01
6.400000000000000133e-01,0.000000000000000000e+00,3.706969722062487121e-02,-3.706969722062487121e-02,-8.794874886340318110e-01
6.500000000000000222e-01,0.000000000000000000e+00,3.712335006659468056e-02,-3.712335006659468056e-02,-8.817671481453542848e-01
6.600000000000000311e-01,0.000000000000000000e+00,3.717730510661106103e-02,-3.717730510661106103e-02,-8.840344501036158098e-01
6.700000000000000400e-01,0.000000000000000000e+00,3.723155292646457282e-02,-3.723155292646457282e-02,-8.862896040930423602e-01
6.800000000000000488e-01,0.000000000000000000e+00,3.728608430357625153e-02,-3.728608430357625153e-02,-8.885328147191837722e-01
6.900000000000000577e-01,0.000000000000000000e+00,3.734089020277266829e-02,-3.734089020277266829e-02,-8.907642817160837945e-01
7.000000000000000666e-01,0.000000000000000000e+00,3.739596177215277761e-02,-3.739596177215277761e-02,-8.929842000506807986e-01
7.099999999999999645e-01,0.000000000000000000e+00,3.745129033904461696e-02,-3.745129033904461696e-02,-8.951927600250582095e-01
7.199999999999999734e-01,0.000000000000000000e+00,3.750686740604994990e-02,-3.750686740604994990e-02,-8.973901473765624193e-01
7.299999999999999822e-01,0.000000000000000000e+00,3.756268464717487515e-02,-3.756268464717487515e-02,-8.995765433756104379e-01
7.399999999999999911e-01,0.000000000000000000e+00,3.761873390404459061e-02,-3.761873390404459061e-02,-9.017521249214868195e-01
7.500000000000000000e-01,0.000000000000000000e+00,3.767500718220041789e-02,-3.767500718220041789e-02,-9.039170646359280248e-01
7.600000000000000089e-01,0.000000000000000000e+00,3.773149664747733889e-02,-3.773149664747733889e-02,-9.060715309547494600e-01
7.700000000000000178e-01,0.000000000000000000e+00,3.778819462246027494e-02,-3.778819462246027494e-02,-9.082156882174420298e-01
7.800000000000000266e-01,0.000000000000000000e+00,3.784509358301738763e-02,-3.784509358301738763e-02,-9.103496967548017071e-01
7.900000000000000355e-01,0.000000000000000000e+00,3.790218615490868748e-02,-3.790218615490868748e-02,-9.124737129745720265e-01
8.000000000000000444e-01,0.000000000000000000e+00,3.795946511046840999e-02,-3.795946511046840999e-02,-9.145878894454197994e-01
8.100000000000000533e-01,0.000000000000000000e+00,3.801692336535943822e-02,-3.801692336535943822e-02,-9.166923749788464804e-01
8.200000000000000622e-01,0.000000000000000000e+00,3.807455397539825231e-02,-3.807455397539825231e-02,-9.187873147094123283e-01
8.300000000000000711e-01,0.000000000000000000e+00,3.813235013344887236e-02,-3.813235013344887236e-02,-9.208728501732127425e-01
8.399999999999999689e-01,0.000000000000000000e+00,3.819030516638428213e-02,-3.819030516638428213e-02,-9.229491193846230956e-01
8.499999999999999778e-01,0.000000000000000000e+00,3.824841253211387626e-02,-3.824841253211387626e-02,-9.250162569113908884e-01
8.599999999999999867e-01,0.000000000000000000e+00,3.830666581667546700e-02,-3.830666581667546700e-02,-9.270743939480378115e-01
8.699999999999999956e-01,0.000000000000000000e+00,3.836505873139048339e-02,-3.836505873139048339e-02,-9.291236583877366950e-01
8.800000000000000044e-01,0.000000000000000000e+00,3.842358511008097527e-02,-3.842358511008097527e-02,-9.311641748925957307e-01
8.900000000000000133e-01,0.000000000000000000e+00,3.848223890634709654e-02,-3.848223890634709654e-02,-9.331960649624514437e-01
9.000000000000000222e-01,0.000000000000000000e+00,3.854101419090370795e-02,-3.854101419090370795e-02,-9.352194470020710471e-01
9.100000000000000311e-01,0.000000000000000000e+00,3.859990514897491259e-02,-3.859990514897491259e-02,-9.372344363870936945e-01
9.200000000000000400e-01,0.000000000000000000e+00,3.865890607774517818e-02,-3.865890607774517818e-02,-9.392411455283600219e-01
9.300000000000000488e-01,0.000000000000000000e+00,3.871801138386587321e-02,-3.871801138386587321e-02,-9.412396839349594924e-01
9.400000000000000577e-01,0.000000000000000000e+00,3.877721558101605154e-02,-3.877721558101605154e-02,-9.432301582759833325e-01
9.500000000000000666e-01,0.000000000000000000e+00,3.883651328751630549e-02,-3.883651328751630549e-02,-9.452126724409353198e-01
9.599999999999999645e-01,0.000000000000000000e+00,3.889589922399441790e-02,-3.889589922399441790e-02,-9.471873275985935869e-01
9.699999999999999734e-01,0.000000000000000000e+00,3.895536821110195946e-02,-3.895536821110195946e-02,-9.491542222551421215e-01
9.799999999999999822e-01,0.000000000000000000e+00,3.901491516728050613e-02,-3.901491516728050613e-02,-9.511134523106002936e-01
9.899999999999999911e-01,0.000000000000000000e+00,3.907453510657655366e-02,-3.907453510657655366e-02,-9.530651111143407794e-01
1.000000000000000000e+00,0.000000000000000000e+00,3.913422313650401219e-02,-3.913422313650401219e-02,-9.550092895192814346e-01
1.010000000000000009e+00,0.000000000000000000e+00,3.919397445595333013e-02,-3.919397445595333013e-02,-9.569460759350723045e-01
1.020000000000000018e+00,0.000000000000000000e+00,3.925378435314618580e-02,-3.925378435314618580e-02,-9.588755563800284154e-01
1.030000000000000027e+00,0.000000000000000000e+00,3.931364820363485169e-02,-3.931364820363485169e-02,-9.607978145321298680e-01
1.040000000000000036e+00,0.000000000000000000e+00,3.937356146834521120e-02,-3.937356146834521120e-02,-9.627129317788170049e-01
1.050000000000000044e+00,0.000000000000000000e+00,3.943351969166254689e-02,-3.943351969166254689e-02,-9.646209872658421114e-01
1.060000000000000053e+00,0.000000000000000000e+00,3.949351849955919092e-02,-3.949351849955919092e-02,-9.665220579451052618e-01
1.070000000000000062e+00,0.000000000000000000e+00,3.955355359776310115e-02,-3.955355359776310115e-02,-9.684162186213993717e-01
1.080000000000000071e+00,0.000000000000000000e+00,3.961362076996656489e-02,-3.961362076996656489e-02,-9.703035419983289112e-01
1.090000000000000080e+00,0.000000000000000000e+00,3.967371587607412126e-02,-3.967371587607412126e-02,-9.721840987231604725e-01
1.100000000000000089e+00,0.000000000000000000e+00,3.973383485048889024e-02,-3.973383485048889024e-02,-9.740579574307868249e-01
1.110000000000000098e+00,0.000000000000000000e+00,3.979397370043651072e-02,-3.979397370043651072e-02,-9.759251847868134488e-01
1.120000000000000107e+00,0.000000000000000000e+00,3.985412850432586834e-02,-3.985412850432586834e-02,-9.777858455297128160e-01
1.130000000000000115e+00,0.000000000000000000e+00,3.991429541014582250e-02,-3.991429541014582250e-02,-9.796400025120869381e-01
1.140000000000000124e+00,0.000000000000000000e+00,3.997447063389719668e-02,-3.997447063389719668e-02,-9.814877167411333314e-01
1.150000000000000133e+00,0.000000000000000000e+00,4.003465045805927602e-02,-4.003465045805927602e-02,-9.833290474182591057e-01
1.159999999999999920e+00,0.000000000000000000e+00,4.009483123009007638e-02,-4.009483123009007638e-02,-9.851640519778712690e-01
1.169999999999999929e+00,0.000000000000000000e+00,4.015500936095961482e-02,-4.015500936095961482e-02,-9.869927861252594248e-01
1.179999999999999938e+00,0.000000000000000000e+00,4.021518132371559862e-02,-4.021518132371559862e-02,-9.888153038739317946e-01
1.189999999999999947e+00,0.000000000000000000e+00,4.027534365208070705e-02,-4.027534365208070705e-02,-9.906316575819071879e-01
1.199999999999999956e+00,0.000000000000000000e+00,4.033549293908089695e-02,-4.033549293908089695e-02,-9.924418979874622959e-01
1.209999999999999964e+00,0.000000000000000000e+00,4.039562583570399656e-02,-4.039562583570399656e-02,-9.942460742439869215e-01
1.219999999999999973e+00,0.000000000000000000e+00,4.045573904958799094e-02,-4.045573904958799094e-02,-9.960442339542174839e-01
1.229999999999999982e+00,0.000000000000000000e+00,4.051582934373831879e-02,-4.051582934373831879e-02,-9.978364232036638359e-01
1.239999999999999991e+00,0.000000000000000000e+00,4.057589353527360498e-02,-4.057589353527360498e-02,-9.996226865934292327e-01
1.250000000000000000e+00,0.000000000000000000e+00,4.063592849419919717e-02,-4.063592849419919717e-02,-1.001403067272302216e+00
1.260000000000000009e+00,0.000000000000000000e+00,4.069593114220790286e-02,-4.069593114220790286e-02,-1.003177606968158608e+00
1.270000000000000018e+00,0.000000000000000000e+00,4.075589845150732332e-02,-4.075589845150732332e-02,-1.004946346018669834e+00
1.280000000000000027e+00,0.000000000000000000e+00,4.081582744367326376e-02,-4.081582744367326376e-02,-1.006709323401467682e+00
1.290000000000000036e+00,0.000000000000000000e+00,4.087571518852862323e-02,-4.087571518852862323e-02,-1.008466576763603406e+00
1.300000000000000044e+00,0.000000000000000000e+00,4.093555880304721589e-02,-4.093555880304721589e-02,-1.010218142450389767e+00
1.310000000000000053e+00,0.000000000000000000e+00,4.099535545028198252e-02,-4.099535545028198252e-02,-1.011964055533626894e+00
1.320000000000000062e+00,0.000000000000000000e+00,4.105510233831708572e-02,-4.105510233831708572e-02,-1.013704349839273267e+00
1.330000000000000071e+00,0.000000000000000000e+00,4.111479671924332668e-02,-4.111479671924332668e-02,-1.015439057974439674e+00
1.340000000000000080e+00,0.000000000000000000e+00,4.117443588815641875e-02,-4.117443588815641875e-02,-1.017168211353890239e+00
1.350000000000000089e+00,0.000000000000000000e+00,4.123401718217763190e-02,-4.123401718217763190e-02,-1.018891840226001877e+00
1.360000000000000098e+00,0.000000000000000000e+00,4.129353797949623928e-02,-4.129353797949623928e-02,-1.020609973698003881e+00
1.370000000000000107e+00,0.000000000000000000e+00,4.135299569843339795e-02,-4.135299569843339795e-02,-1.022322639760890661e+00
1.380000000000000115e+00,0.000000000000000000e+00,4.141238779652692270e-02,-4.141238779652692270e-02,-1.024029865313655474e+00
1.390000000000000124e+00,0.000000000000000000e+00,4.147171176963653644e-02,-4.147171176963653644e-02,-1.025731676187081387e+00
1.400000000000000133e+00,0.000000000000000000e+00,4.153096515106909081e-02,-4.153096515106909081e-02,-1.027428097166902976e+00
1.409999999999999920e+00,0.000000000000000000e+00,4.159014551072340998e-02,-4.159014551072340998e-02,-1.029119152016650496e+00
1.419999999999999929e+00,0.000000000000000000e+00,4.164925045425425104e-02,-4.164925045425425104e-02,-1.030804863499846347e+00
1.429999999999999938e+00,0.000000000000000000e+00,4.170827762225499252e-02,-4.170827762225499252e-02,-1.032485253401784764e+00
1.439999999999999947e+00,0.000000000000000000e+00,4.176722468945864158e-02,-4.176722468945864158e-02,-1.034160342550842548e+00
1.449999999999999956e+00,0.000000000000000000e+00,4.182608936395675048e-02,-4.182608936395675048e-02,-1.035830150839314845e+00
1.459999999999999964e+00,0.000000000000000000e+00,4.188486938643583291e-02,-4.188486938643583291e-02,-1.037494697243767972e+00
1.469999999999999973e+00,0.000000000000000000e+00,4.194356252943092639e-02,-4.194356252943092639e-02,-1.039153999845011889e+00
1.479999999999999982e+00,0.000000000000000000e+00,4.200216659659591900e-02,-4.200216659659591900e-02,-1.040808075847632574e+00
1.489999999999999991e+00,0.000000000000000000e+00,4.206067942199023801e-02,-4.206067942199023801e-02,-1.042456941599030795e+00
1.500000000000000000e+00,0.000000000000000000e+00,4.211909886938155351e-02,-4.211909886938155351e-02,-1.044100612608076517e+00
1.510000000000000009e+00,0.000000000000000000e+00,4.217742283156417776e-02,-4.217742283156417776e-02,-1.045739103563424033e+00
1.520000000000000018e+00,0.000000000000000000e+00,4.223564922969276492e-02,-4.223564922969276492e-02,-1.047372428351329487e+00
1.530000000000000027e+00,0.000000000000000000e+00,4.229377601263097780e-02,-4.229377601263097780e-02,-1.049000600073090705e+00
1.540000000000000036e+00,0.000000000000000000e+00,4.235180115631485137e-02,-4.235180115631485137e-02,-1.050623631062224783e+00
1.550000000000000044e+00,0.000000000000000000e+00,4.240972266313045025e-02,-4.240972266313045025e-02,-1.052241532901118104e+00
1.560000000000000053e+00,0.000000000000000000e+00,4.246753856130549426e-02,-4.246753856130549426e-02,-1.053854316437289107e+00
1.570000000000000062e+00,0.000000000000000000e+00,4.252524690431478543e-02,-4.252524690431478543e-02,-1.055461991799583554e+00
1.580000000000000071e+00,0.000000000000000000e+00,4.258284577029891604e-02,-4.258284577029891604e-02,-1.057064568413584649e+00
1.590000000000000080e+00,0.000000000000000000e+00,4.264033326149615361e-02,-4.264033326149615361e-02,-1.058662055017065562e+00
1.600000000000000089e+00,0.000000000000000000e+00,4.269770750368706569e-02,-4.269770750368706569e-02,-1.060254459674813576e+00
1.610000000000000098e+00,0.000000000000000000e+00,4.275496664565171800e-02,-4.275496664565171800e-02,-1.061841789793361635e+00
1.620000000000000107e+00,0.000000000000000000e+00,4.281210885863909882e-02,-4.281210885863909882e-02,-1.063424052135259812e+00
1.630000000000000115e+00,0.000000000000000000e+00,4.286913233584847827e-02,-4.286913233584847827e-02,-1.065001252832993739e+00
1.640000000000000124e+00,0.000000000000000000e+00,4.292603529192250827e-02,-4.292603529192250827e-02,-1.066573397402738488e+00
1.650000000000000133e+00,0.000000000000000000e+00,4.298281596245179248e-02,-4.298281596245179248e-02,-1.068140490757793160e+00
1.660000000000000142e+00,0.000000000000000000e+00,4.303947260349053061e-02,-4.303947260349053061e-02,-1.069702537221433714e+00
1.669999999999999929e+00,0.000000000000000000e+00,4.309600349108323736e-02,-4.309600349108323736e-02,-1.071259540539980293e+00
1.679999999999999938e+00,0.000000000000000000e+00,4.315240692080207080e-02,-4.315240692080207080e-02,-1.072811503895138463e+00
1.689999999999999947e+00,0.000000000000000000e+00,4.320868120729464551e-02,-4.320868120729464551e-02,-1.074358429916289603e+00
1.699999999999999956e+00,0.000000000000000000e+00,4.326482468384204583e-02,-4.326482468384204583e-02,-1.075900320692409595e+00
1.709999999999999964e+00,0.000000000000000000e+00,4.332083570192686583e-02,-4.332083570192686583e-02,-1.077437177783832745e+00
1.719999999999999973e+00,0.000000000000000000e+00,4.337671263081101930e-02,-4.337671263081101930e-02,-1.078969002233688412e+00
1.729999999999999982e+00,0.000000000000000000e+00,4.343245385712305590e-02,-4.343245385712305590e-02,-1.080495794578993918e+00
1.739999999999999991e+00,0.000000000000000000e+00,4.348805778445489351e-02,-4.348805778445489351e-02,-1.082017554861746778e+00
1.750000000000000000e+00,0.000000000000000000e+00,4.354352283296760578e-02,-4.354352283296760578e-02,-1.083534282639468715e+00
1.760000000000000009e+00,0.000000000000000000e+00,4.359884743900618864e-02,-4.359884743900618864e-02,-1.085045976995770545e+00
1.770000000000000018e+00,0.000000000000000000e+00,4.365403005472305586e-02,-4.365403005472305586e-02,-1.086552636550582651e+00
1.780000000000000027e+00,0.000000000000000000e+00,4.370906914771004875e-02,-4.370906914771004875e-02,-1.088054259470120577e+00
1.790000000000000036e+00,0.000000000000000000e+00,4.376396320063877243e-02,-4.376396320063877243e-02,-1.089550843476634778e+00
1.800000000000000044e+00,0.000000000000000000e+00,4.381871071090915476e-02,-4.381871071090915476e-02,-1.091042385858109531e+00
1.810000000000000053e+00,0.000000000000000000e+00,4.387331019030589474e-02,-4.387331019030589474e-02,-1.092528883477447366e+00
1.820000000000000062e+00,0.000000000000000000e+00,4.392776016466280742e-02,-4.392776016466280742e-02,-1.094010332781819361e+00
1.830000000000000071e+00,0.000000000000000000e+00,4.398205917353467664e-02,-4.398205917353467664e-02,-1.095486729811380400e+00
1.840000000000000080e+00,0.000000000000000000e+00,4.403620576987666430e-02,-4.403620576987666430e-02,-1.096958070208228664e+00
1.850000000000000089e+00,0.000000000000000000e+00,4.409019851973094289e-02,-4.409019851973094289e-02,-1.098424349224837115e+00
1.860000000000000098e+00,0.000000000000000000e+00,4.414403600192047528e-02,-4.414403600192047528e-02,-1.099885561732467876e+00
1.870000000000000107e+00,0.000000000000000000e+00,4.419771680774974704e-02,-4.419771680774974704e-02,-1.101341702229332364e+00
1.880000000000000115e+00,0.000000000000000000e+00,4.425123954071234766e-02,-4.425123954071234766e-02,-1.102792764848675500e+00
1.890000000000000124e+00,0.000000000000000000e+00,4.430460281620512281e-02,-4.430460281620512281e-02,-1.104238743366429132e+00
1.900000000000000133e+00,0.000000000000000000e+00,4.435780526124893930e-02,-4.435780526124893930e-02,-1.105679631209076641e+00
1.910000000000000142e+00,0.000000000000000000e+00,4.441084551421572296e-02,-4.441084551421572296e-02,-1.107115421460957538e+00
1.919999999999999929e+00,0.000000000000000000e+00,4.446372222456177609e-02,-4.446372222456177609e-02,-1.108546106871707071e+00
1.929999999999999938e+00,0.000000000000000000e+00,4.451643405256712482e-02,-4.451643405256712482e-02,-1.109971679863309468e+00
1.939999999999999947e+00,0.000000000000000000e+00,4.456897966908089648e-02,-4.456897966908089648e-02,-1.111392132537270427e+00
1.949999999999999956e+00,0.000000000000000000e+00,4.462135775527241444e-02,-4.462135775527241444e-02,-1.112807456681272233e+00
1.959999999999999964e+00,0.000000000000000000e+00,4.467356700238800382e-02,-4.467356700238800382e-02,-1.114217643775924804e+00
1.969999999999999973e+00,0.000000000000000000e+00,4.472560611151340376e-02,-4.472560611151340376e-02,-1.115622685001417258e+00
1.979999999999999982e+00,0.000000000000000000e+00,4.477747379334155731e-02,-4.477747379334155731e-02,-1.117022571243813100e+00
1.989999999999999991e+00,0.000000000000000000e+00,4.482916876794572347e-02,-4.482916876794572347e-02,-1.118417293101338306e+00
2.000000000000000000e+00,0.000000000000000000e+00,4.488068976455777959e-02,-4.488068976455777959e-02,-1.119806840890503530e+00
2.010000000000000231e+00,0.000000000000000000e+00,4.493203552135161677e-02,-4.493203552135161677e-02,-1.121191204652130846e+00
2.020000000000000018e+00,0.000000000000000000e+00,4.498320478523148286e-02,-4.498320478523148286e-02,-1.122570374157183748e+00
2.030000000000000249e+00,0.000000000000000000e+00,4.503419631162518255e-02,-4.503419631162518255e-02,-1.123944338912509000e+00
2.040000000000000036e+00,0.000000000000000000e+00,4.508500886428201682e-02,-4.508500886428201682e-02,-1.125313088166435049e+00
2.049999999999999822e+00,0.000000000000000000e+00,4.513564121507534360e-02,-4.513564121507534360e-02,-1.126676610914222554e+00
2.060000000000000053e+00,0.000000000000000000e+00,4.518609214380972516e-02,-4.518609214380972516e-02,-1.128034895903532009e+00
2.069999999999999840e+00,0.000000000000000000e+00,4.523636043803243301e-02,-4.523636043803243301e-02,-1.129387931639520115e+00
2.080000000000000071e+00,0.000000000000000000e+00,4.528644489284937985e-02,-4.528644489284937985e-02,-1.130735706390156636e+00
2.089999999999999858e+00,0.000000000000000000e+00,4.533634431074515247e-02,-4.533634431074515247e-02,-1.132078208190970159e+00
2.100000000000000089e+00,0.000000000000000000e+00,4.538605750140735362e-02,-4.538605750140735362e-02,-1.133415424850291231e+00
2.109999999999999876e+00,0.000000000000000000e+00,4.543558328155486437e-02,-4.543558328155486437e-02,-1.134747343953793841e+00
2.120000000000000107e+00,0.000000000000000000e+00,4.548492047477011024e-02,-4.548492047477011024e-02,-1.136073952869281811e+00
2.129999999999999893e+00,0.000000000000000000e+00,4.553406791133521314e-02,-4.553406791133521314e-02,-1.137395238751311100e+00
2.140000000000000124e+00,0.000000000000000000e+00,4.558302442807190408e-02,-4.558302442807190408e-02,-1.138711188545637576e+00
2.149999999999999911e+00,0.000000000000000000e+00,4.563178886818516217e-02,-4.563178886818516217e-02,-1.140021788993663243e+00
2.160000000000000142e+00,0.000000000000000000e+00,4.568036008111042018e-02,-4.568036008111042018e-02,-1.141327026636635988e+00
2.169999999999999929e+00,0.000000000000000000e+00,4.572873692236439219e-02,-4.572873692236439219e-02,-1.142626887820026083e+00
2.180000000000000160e+00,0.000000000000000000e+00,4.577691825339924581e-02,-4.577691825339924581e-02,-1.143921358697413959e+00
2.189999999999999947e+00,0.000000000000000000e+00,4.582490294146027848e-02,-4.582490294146027848e-02,-1.145210425234763463e+00
2.200000000000000178e+00,0.000000000000000000e+00,4.587268985944679967e-02,-4.587268985944679967e-02,-1.146494073214160636e+00
2.209999999999999964e+00,0.000000000000000000e+00,4.592027788577630193e-02,-4.592027788577630193e-02,-1.147772288237781879e+00
2.220000000000000195e+00,0.000000000000000000e+00,4.596766590425176852e-02,-4.596766590425176852e-02,-1.149045055731615639e+00
2.229999999999999982e+00,0.000000000000000000e+00,4.601485280393208949e-02,-4.601485280393208949e-02,-1.150312360949190316e+00
2.240000000000000213e+00,0.000000000000000000e+00,4.606183747900544079e-02,-4.606183747900544079e-02,-1.151574188975067692e+00
2.250000000000000000e+00,0.000000000000000000e+00,4.610861882866572337e-02,-4.610861882866572337e-02,-1.152830524728586603e+00
2.260000000000000231e+00,0.000000000000000000e+00,4.615519575699177784e-02,-4.615519575699177784e-02,-1.154081352967094354e+00
2.270000000000000018e+00,0.000000000000000000e+00,4.620156717282949965e-02,-4.620156717282949965e-02,-1.155326658289480335e+00
2.280000000000000249e+00,0.000000000000000000e+00,4.624773198967668114e-02,-4.624773198967668114e-02,-1.156566425139418541e+00
2.290000000000000036e+00,0.000000000000000000e+00,4.629368912557053212e-02,-4.629368912557053212e-02,-1.157800637808561461e+00
2.300000000000000266e+00,0.000000000000000000e+00,4.633943750297790654e-02,-4.633943750297790654e-02,-1.159029280439842768e+00
2.310000000000000053e+00,0.000000000000000000e+00,4.638497604868801333e-02,-4.638497604868801333e-02,-1.160252337030383218e+00
2.319999999999999840e+00,0.000000000000000000e+00,4.643030369370776400e-02,-4.643030369370776400e-02,-1.161469791434753374e+00
2.330000000000000071e+00,0.000000000000000000e+00,4.647541937315947252e-02,-4.647541937315947252e-02,-1.162681627367710302e+00
2.339999999999999858e+00,0.000000000000000000e+00,4.652032202618106710e-02,-4.652032202618106710e-02,-1.163887828407304648e+00
2.350000000000000089e+00,0.000000000000000000e+00,4.656501059582855706e-02,-4.656501059582855706e-02,-1.165088377997515412e+00
2.359999999999999876e+00,0.000000000000000000e+00,4.660948402898089371e-02,-4.660948402898089371e-02,-1.166283259451209142e+00
2.370000000000000107e+00,0.000000000000000000e+00,4.665374127624705158e-02,-4.665374127624705158e-02,-1.167472455952794474e+00
2.379999999999999893e+00,0.000000000000000000e+00,4.669778129187531629e-02,-4.669778129187531629e-02,-1.168655950560890888e+00
2.390000000000000124e+00,0.000000000000000000e+00,4.674160303366469565e-02,-4.674160303366469565e-02,-1.169833726210872671e+00
2.399999999999999911e+00,0.000000000000000000e+00,4.678520546287848886e-02,-4.678520546287848886e-02,-1.171005765717524572e+00
2.410000000000000142e+00,0.000000000000000000e+00,4.682858754415988867e-02,-4.682858754415988867e-02,-1.172172051777482515e+00
2.419999999999999929e+00,0.000000000000000000e+00,4.687174824544959595e-02,-4.687174824544959595e-02,-1.173332566971677204e+00
2.430000000000000160e+00,0.000000000000000000e+00,4.691468653790542565e-02,-4.691468653790542565e-02,-1.174487293767769724e+00
2.439999999999999947e+00,0.000000000000000000e+00,4.695740139582379319e-02,-4.695740139582379319e-02,-1.175636214522402856e+00
2.450000000000000178e+00,0.000000000000000000e+00,4.699989179656313687e-02,-4.699989179656313687e-02,-1.176779311483601820e+00
2.459999999999999964e+00,0.000000000000000000e+00,4.704215672046914432e-02,-4.704215672046914432e-02,-1.177916566792944097e+00
2.470000000000000195e+00,0.000000000000000000e+00,4.708419515080179696e-02,-4.708419515080179696e-02,-1.179047962487792311e+00
2.479999999999999982e+00,0.000000000000000000e+00,4.712600607366416311e-02,-4.712600607366416311e-02,-1.180173480503422967e+00
2.490000000000000213e+00,0.000000000000000000e+00,4.716758847793291881e-02,-4.716758847793291881e-02,-1.181293102675145867e+00
2.500000000000000000e+00,0.000000000000000000e+00,4.720894135519055484e-02,-4.720894135519055484e-02,-1.182406810740373349e+00
2.510000000000000231e+00,0.000000000000000000e+00,4.725006369965922826e-02,-4.725006369965922826e-02,-1.183514586340636443e+00
2.520000000000000018e+00,0.000000000000000000e+00,4.729095450813620288e-02,-4.729095450813620288e-02,-1.184616411023522220e+00
2.530000000000000249e+00,0.000000000000000000e+00,4.733161277993088584e-02,-4.733161277993088584e-02,-1.185712266244655311e+00
2.540000000000000036e+00,0.000000000000000000e+00,4.737203751680341135e-02,-4.737203751680341135e-02,-1.186802133369611267e+00
2.550000000000000266e+00,0.000000000000000000e+00,4.741222772290468873e-02,-4.741222772290468873e-02,-1.187885993675691809e+00
2.560000000000000053e+00,0.000000000000000000e+00,4.745218240471794219e-02,-4.745218240471794219e-02,-1.188963828353784891e+00
2.569999999999999840e+00,0.000000000000000000e+00,4.749190057100172863e-02,-4.749190057100172863e-02,-1.190035618510225435e+00
2.580000000000000071e+00,0.000000000000000000e+00,4.753138123273427385e-02,-4.753138123273427385e-02,-1.191101345168360970e+00
2.589999999999999858e+00,0.000000000000000000e+00,4.757062340305927284e-02,-4.757062340305927284e-02,-1.192160989270437454e+00
2.600000000000000089e+00,0.000000000000000000e+00,4.760962609723297378e-02,-4.760962609723297378e-02,-1.193214531679150925e+00
2.609999999999999876e+00,0.000000000000000000e+00,4.764838833257260126e-02,-4.764838833257260126e-02,-1.194261953179332147e+00
2.620000000000000107e+00,0.000000000000000000e+00,4.768690912840604923e-02,-4.768690912840604923e-02,-1.195303234479520693e+00
2.629999999999999893e+00,0.000000000000000000e+00,4.772518750602285781e-02,-4.772518750602285781e-02,-1.196338356213588749e+00
2.640000000000000124e+00,0.000000000000000000e+00,4.776322248862640424e-02,-4.776322248862640424e-02,-1.197367298942250802e+00
2.649999999999999911e+00,0.000000000000000000e+00,4.780101310128728742e-02,-4.780101310128728742e-02,-1.198390043154554663e+00
2.660000000000000142e+00,0.000000000000000000e+00,4.783855837089787816e-02,-4.783855837089787816e-02,-1.199406569269338974e+00
2.669999999999999929e+00,0.000000000000000000e+00,4.787585732612803513e-02,-4.787585732612803513e-02,-1.200416857636712908e+00
2.680000000000000160e+00,0.000000000000000000e+00,4.791290899738197967e-02,-4.791290899738197967e-02,-1.201420888539546095e+00
2.689999999999999947e+00,0.000000000000000000e+00,4.794971241675617668e-02,-4.794971241675617668e-02,-1.202418642194668763e+00
2.700000000000000178e+00,0.000000000000000000e+00,4.798626661799836740e-02,-4.798626661799836740e-02,-1.203410098754391200e+00
2.709999999999999964e+00,0.000000000000000000e+00,4.802257063646761526e-02,-4.802257063646761526e-02,-1.204395238307758964e+00
2.720000000000000195e+00,0.000000000000000000e+00,4.805862350909538561e-02,-4.805862350909538561e-02,-1.205374040881874498e+00
2.729999999999999982e+00,0.000000000000000000e+00,4.809442427434765938e-02,-4.809442427434765938e-02,-1.206346486443235611e+00
2.740000000000000213e+00,0.000000000000000000e+00,4.812997197218795570e-02,-4.812997197218795570e-02,-1.207312554898844370e+00
2.750000000000000000e+00,0.000000000000000000e+00,4.816526564404137456e-02,-4.816526564404137456e-02,-1.208272226097553581e+00
2.760000000000000231e+00,0.000000000000000000e+00,4.820030433275954845e-02,-4.820030433275954845e-02,-1.209225479831214312e+00
2.770000000000000018e+00,0.000000000000000000e+00,4.823508708258652383e-02,-4.823508708258652383e-02,-1.210172295835877154e+00
2.780000000000000249e+00,0.000000000000000000e+00,4.826961293912553075e-02,-4.826961293912553075e-02,-1.211112653792932203e+00
2.790000000000000036e+00,0.000000000000000000e+00,4.830388094930661985e-02,-4.830388094930661985e-02,-1.212046533330221720e+00
2.800000000000000266e+00,0.000000000000000000e+00,4.833789016135515981e-02,-4.833789016135515981e-02,-1.212973914023154132e+00
2.810000000000000053e+00,0.000000000000000000e+00,4.837163962476119516e-02,-4.837163962476119516e-02,-1.213894775395838455e+00
2.819999999999999840e+00,0.000000000000000000e+00,4.840512839024953967e-02,-4.840512839024953967e-02,-1.214809096921980025e+00
2.830000000000000071e+00,0.000000000000000000e+00,4.843835550975079951e-02,-4.843835550975079951e-02,-1.215716858026183012e+00
2.839999999999999858e+00,0.000000000000000000e+00,4.847132003637302788e-02,-4.847132003637302788e-02,-1.216618038084670728e+00
2.850000000000000089e+00,0.000000000000000000e+00,4.850402102437426782e-02,-4.850402102437426782e-02,-1.217512616426533079e+00
2.859999999999999876e+00,0.000000000000000000e+00,4.853645752913574724e-02,-4.853645752913574724e-02,-1.218400572334517928e+00
2.870000000000000107e+00,0.000000000000000000e+00,4.856862860713584418e-02,-4.856862860713584418e-02,-1.219281885046070713e+00
2.879999999999999893e+00,0.000000000000000000e+00,4.860053331592475989e-02,-4.860053331592475989e-02,-1.220156533754263917e+00
2.890000000000000124e+00,0.000000000000000000e+00,4.863217071409985798e-02,-4.863217071409985798e-02,-1.221024497608657722e+00
2.899999999999999911e+00,0.000000000000000000e+00,4.866353986128171133e-02,-4.866353986128171133e-02,-1.221885755716254351e+00
2.910000000000000142e+00,0.000000000000000000e+00,4.869463981809078745e-02,-4.869463981809078745e-02,-1.222740287142327631e+00
2.919999999999999929e+00,0.000000000000000000e+00,4.872546964612478604e-02,-4.872546964612478604e-02,-1.223588070911294734e+00
2.930000000000000160e+00,0.000000000000000000e+00,4.875602840793656634e-02,-4.875602840793656634e-02,-1.224429086007469358e+00
2.939999999999999947e+00,0.000000000000000000e+00,4.878631516701274762e-02,-4.878631516701274762e-02,-1.225263311376001196e+00
2.950000000000000178e+00,0.000000000000000000e+00,4.881632898775288554e-02,-4.881632898775288554e-02,-1.226090725923625779e+00
2.959999999999999964e+00,0.000000000000000000e+00,4.884606893544916201e-02,-4.884606893544916201e-02,-1.226911308519304411e+00
2.970000000000000195e+00,0.000000000000000000e+00,4.887553407626675506e-02,-4.887553407626675506e-02,-1.227725037995205382e+00
2.979999999999999982e+00,0.000000000000000000e+00,4.890472347722464586e-02,-4.890472347722464586e-02,-1.228531893147214227e+00
2.990000000000000213e+00,0.000000000000000000e+00,4.893363620617705023e-02,-4.893363620617705023e-02,-1.229331852735824349e+00
3.000000000000000000e+00,0.000000000000000000e+00,4.896227133179529428e-02,-4.896227133179529428e-02,-1.230124895486678804e+00
3.010000000000000231e+00,0.000000000000000000e+00,4.899062792355022428e-02,-4.899062792355022428e-02,-1.230911000091302610e+00
3.020000000000000018e+00,0.000000000000000000e+00,4.901870505169515085e-02,-4.901870505169515085e-02,-1.231690145207845255e+00
3.030000000000000249e+00,0.000000000000000000e+00,4.904650178724916099e-02,-4.904650178724916099e-02,-1.232462309461495709e+00
3.040000000000000036e+00,0.000000000000000000e+00,4.907401720198099199e-02,-4.907401720198099199e-02,-1.233227471445299539e+00
3.050000000000000266e+00,0.000000000000000000e+00,4.910125036839328716e-02,-4.910125036839328716e-02,-1.233985609720620102e+00
3.060000000000000053e+00,0.000000000000000000e+00,4.912820035970728166e-02,-4.912820035970728166e-02,-1.234736702817706755e+00
3.070000000000000284e+00,0.000000000000000000e+00,4.915486624984791858e-02,-4.915486624984791858e-02,-1.235480729236270614e+00
3.080000000000000071e+00,0.000000000000000000e+00,4.918124711342933275e-02,-4.918124711342933275e-02,-1.236217667445941970e+00
3.089999999999999858e+00,0.000000000000000000e+00,4.920734202574076482e-02,-4.920734202574076482e-02,-1.236947495886863591e+00
3.100000000000000089e+00,0.000000000000000000e+00,4.923315006273273897e-02,-4.923315006273273897e-02,-1.237670192969952287e+00
3.109999999999999876e+00,0.000000000000000000e+00,4.925867030100369165e-02,-4.925867030100369165e-02,-1.238385737077545956e+00
3.120000000000000107e+00,0.000000000000000000e+00,4.928390181778680851e-02,-4.928390181778680851e-02,-1.239094106563569664e+00
3.129999999999999893e+00,0.000000000000000000e+00,4.930884369093727071e-02,-4.930884369093727071e-02,-1.239795279754108748e+00
3.140000000000000124e+00,0.000000000000000000e+00,4.933349499891969553e-02,-4.933349499891969553e-02,-1.240489234947561137e+00
3.149999999999999911e+00,0.000000000000000000e+00,4.935785482079593778e-02,-4.935785482079593778e-02,-1.241175950415122298e+00
3.160000000000000142e+00,0.000000000000000000e+00,4.938192223621298144e-02,-4.938192223621298144e-02,-1.241855404400737495e+00
3.169999999999999929e+00,0.000000000000000000e+00,4.940569632539119904e-02,-4.940569632539119904e-02,-1.242527575121611827e+00
3.180000000000000160e+00,0.000000000000000000e+00,4.942917616911270129e-02,-4.942917616911270129e-02,-1.243192440768168705e+00
3.189999999999999947e+00,0.000000000000000000e+00,4.945236084870990867e-02,-4.945236084870990867e-02,-1.243849979504275449e+00
3.200000000000000178e+00,0.000000000000000000e+00,4.947524944605419250e-02,-4.947524944605419250e-02,-1.244500169467164907e+00
3.209999999999999964e+00,0.000000000000000000e+00,4.949784104354464087e-02,-4.949784104354464087e-02,-1.245142988767472092e+00
3.220000000000000195e+00,0.000000000000000000e+00,4.952013472409694250e-02,-4.952013472409694250e-02,-1.245778415489255719e+00
3.229999999999999982e+00,0.000000000000000000e+00,4.954212957113219434e-02,-4.954212957113219434e-02,-1.246406427689631613e+00
3.240000000000000213e+00,0.000000000000000000e+00,4.956382466856579933e-02,-4.956382466856579933e-02,-1.247027003398742506e+00
3.250000000000000000e+00,0.000000000000000000e+00,4.958521910079621842e-02,-4.958521910079621842e-02,-1.247640120619248894e+00
3.260000000000000231e+00,0.000000000000000000e+00,4.960631195269366023e-02,-4.960631195269366023e-02,-1.248245757325988192e+00
3.270000000000000018e+00,0.000000000000000000e+00,4.962710230958861102e-02,-4.962710230958861102e-02,-1.248843891465434730e+00
3.280000000000000249e+00,0.000000000000000000e+00,4.964758925726008715e-02,-4.964758925726008715e-02,-1.249434500954920146e+00
3.290000000000000036e+00,0.000000000000000000e+00,4.966777188192364467e-02,-4.966777188192364467e-02,-1.250017563681914412e+00
3.300000000000000266e+00,0.000000000000000000e+00,4.968764927021898647e-02,-4.968764927021898647e-02,-1.250593057502984218e+00
3.310000000000000053e+00,0.000000000000000000e+00,4.970722050919711837e-02,-4.970722050919711837e-02,-1.251160960242640785e+00
3.320000000000000284e+00,0.000000000000000000e+00,4.972648468630695012e-02,-4.972648468630695012e-02,-1.251721249691971405e+00
3.330000000000000071e+00,0.000000000000000000e+00,4.974544088938119557e-02,-4.974544088938119557e-02,-1.252273903606963890e+00
3.339999999999999858e+00,0.000000000000000000e+00,4.976408820662154425e-02,-4.976408820662154425e-02,-1.252818899706762190e+00
3.350000000000000089e+00,0.000000000000000000e+00,4.978242572658284071e-02,-4.978242572658284071e-02,-1.253356215671372231e+00
3.359999999999999876e+00,0.000000000000000000e+00,4.980045253815618134e-02,-4.980045253815618134e-02,-1.253885829139168795e+00
3.370000000000000107e+00,0.000000000000000000e+00,4.981816773055075531e-02,-4.981816773055075531e-02,-1.254407717704028702e+00
3.379999999999999893e+00,0.000000000000000000e+00,4.983557039327417976e-02,-4.983557039327417976e-02,-1.254921858911933308e+00
3.390000000000000124e+00,0.000000000000000000e+00,4.985265961611107244e-02,-4.985265961611107244e-02,-1.255428230257025213e+00
3.399999999999999911e+00,0.000000000000000000e+00,4.986943448909964688e-02,-4.986943448909964688e-02,-1.255926809177192016e+00
3.410000000000000142e+00,0.000000000000000000e+00,4.988589410250596212e-02,-4.988589410250596212e-02,-1.256417573048870029e+00
3.419999999999999929e+00,0.000000000000000000e+00,4.990203754679541776e-02,-4.990203754679541776e-02,-1.256900499180973796e+00
3.430000000000000160e+00,0.000000000000000000e+00,4.991786391260115419e-02,-4.991786391260115419e-02,-1.257375564808082435e+00
3.439999999999999947e+00,0.000000000000000000e+00,4.993337229068874061e-02,-4.993337229068874061e-02,-1.257842747082319024e+00
3.450000000000000178e+00,0.000000000000000000e+00,4.994856177191666496e-02,-4.994856177191666496e-02,-1.258302023064173492e+00
3.459999999999999964e+00,0.000000000000000000e+00,4.996343144719175844e-02,-4.996343144719175844e-02,-1.258753369711489434e+00
3.470000000000000195e+00,0.000000000000000000e+00,4.997798047753182482e-02,-4.997798047753182482e-02,-1.259196905450787218e+00
3.479999999999999982e+00,0.000000000000000000e+00,4.999220803766198790e-02,-4.999220803766198790e-02,-1.259632636188398713e+00
3.490000000000000213e+00,0.000000000000000000e+00,5.000611321780508434e-02,-5.000611321780508434e-02,-1.260060369768552846e+00
3.500000000000000000e+00,0.000000000000000000e+00,5.001969510778715711e-02,-5.001969510778715711e-02,-1.260480082182104944e+00
3.510000000000000231e+00,0.000000000000000000e+00,5.003295279772349002e-02,-5.003295279772349002e-02,-1.260891750782889398e+00
3.520000000000000018e+00,0.000000000000000000e+00,5.004588537801293868e-02,-5.004588537801293868e-02,-1.261295352904548972e+00
3.530000000000000249e+00,0.000000000000000000e+00,5.005849193932623842e-02,-5.005849193932623842e-02,-1.261690865848266174e+00
3.540000000000000036e+00,0.000000000000000000e+00,5.007077157259403472e-02,-5.007077157259403472e-02,-1.262078266881972333e+00
3.550000000000000266e+00,0.000000000000000000e+00,5.008272336899451810e-02,-5.008272336899451810e-02,-1.262457533239317531e+00
3.560000000000000053e+00,0.000000000000000000e+00,5.009434641994073983e-02,-5.009434641994073983e-02,-1.262828642118782652e+00
3.570000000000000284e+00,0.000000000000000000e+00,5.010563981706746273e-02,-5.010563981706746273e-02,-1.263191570682493214e+00
3.580000000000000071e+00,0.000000000000000000e+00,5.011660265221756783e-02,-5.011660265221756783e-02,-1.263546296055064522e+00
3.589999999999999858e+00,0.000000000000000000e+00,5.012723401742794072e-02,-5.012723401742794072e-02,-1.263892795322284046e+00
3.600000000000000089e+00,0.000000000000000000e+00,5.013753300491474718e-02,-5.013753300491474718e-02,-1.264231045529601749e+00
3.609999999999999876e+00,0.000000000000000000e+00,5.014749870705807050e-02,-5.014749870705807050e-02,-1.264561023680549123e+00
3.620000000000000107e+00,0.000000000000000000e+00,5.015713021638582014e-02,-5.015713021638582014e-02,-1.264882706734968387e+00
3.629999999999999893e+00,0.000000000000000000e+00,5.016642662555687721e-02,-5.016642662555687721e-02,-1.265196071607151973e+00
3.640000000000000124e+00,0.000000000000000000e+00,5.017538702734330308e-02,-5.017538702734330308e-02,-1.265501095163617862e+00
3.649999999999999911e+00,0.000000000000000000e+00,5.018401051461159751e-02,-5.018401051461159751e-02,-1.265797754220839400e+00
3.660000000000000142e+00,0.000000000000000000e+00,5.019229618030288109e-02,-5.019229618030288109e-02,-1.266086025542701332e+00
3.669999999999999929e+00,0.000000000000000000e+00,5.020024311741184270e-02,-5.020024311741184270e-02,-1.266365885837614780e+00
3.680000000000000160e+00,0.000000000000000000e+00,5.020785041896441009e-02,-5.020785041896441009e-02,-1.266637311755520079e+00
3.689999999999999947e+00,0.000000000000000000e+00,5.021511717799392871e-02,-5.021511717799392871e-02,-1.266900279884431324e+00
3.700000000000000178e+00,0.000000000000000000e+00,5.022204248751573757e-02,-5.022204248751573757e-02,-1.267154766746727335e+00
3.709999999999999964e+00,0.000000000000000000e+00,5.022862544049992717e-02,-5.022862544049992717e-02,-1.267400748794973442e+00
3.720000000000000195e+00,0.000000000000000000e+00,5.023486512984214752e-02,-5.023486512984214752e-02,-1.267638202407444625e+00
3.729999999999999982e+00,0.000000000000000000e+00,5.024076064833218891e-02,-5.024076064833218891e-02,-1.267867103883043578e+00
3.740000000000000213e+00,0.000000000000000000e+00,5.024631108862010614e-02,-5.024631108862010614e-02,-1.268087429435717173e+00
3.750000000000000000e+00,0.000000000000000000e+00,5.025151554317968533e-02,-5.025151554317968533e-02,-1.268299155188411964e+00
3.760000000000000231e+00,0.000000000000000000e+00,5.025637310426878113e-02,-5.025637310426878113e-02,-1.268502257166028713e+00
3.770000000000000018e+00,0.000000000000000000e+00,5.026088286388641357e-02,-5.026088286388641357e-02,-1.268696711288084922e+00
3.780000000000000249e+00,0.000000000000000000e+00,5.026504391372594444e-02,-5.026504391372594444e-02,-1.268882493359943853e+00
3.790000000000000036e+00,0.000000000000000000e+00,5.026885534512413184e-02,-5.026885534512413184e-02,-1.269059579063553933e+00
3.800000000000000266e+00,0.000000000000000000e+00,5.027231624900543872e-02,-5.027231624900543872e-02,-1.269227943946847903e+00
3.810000000000000053e+00,0.000000000000000000e+00,5.027542571582094277e-02,-5.027542571582094277e-02,-1.269387563411728426e+00
3.820000000000000284e+00,0.000000000000000000e+00,5.027818283548129985e-02,-5.027818283548129985e-02,-1.269538412700838004e+00
3.830000000000000071e+00,0.000000000000000000e+00,5.028058669728286550e-02,-5.028058669728286550e-02,-1.269680466882402436e+00
3.839999999999999858e+00,0.000000000000000000e+00,5.028263638982610750e-02,-5.028263638982610750e-02,-1.269813700833186676e+00
3.850000000000000089e+00,0.000000000000000000e+00,5.028433100092526142e-02,-5.028433100092526142e-02,-1.269938089219178057e+00
3.859999999999999876e+00,0.000000000000000000e+00,5.028566961750789016e-02,-5.028566961750789016e-02,-1.270053606473393160e+00
3.870000000000000107e+00,0.000000000000000000e+00,5.028665132550299427e-02,-5.028665132550299427e-02,-1.270160226770745915e+00
3.879999999999999893e+00,0.000000000000000000e+00,5.028727520971583431e-02,-5.028727520971583431e-02,-1.270257923998977745e+00
3.890000000000000124e+00,0.000000000000000000e+00,5.028754035368745295e-02,-5.028754035368745295e-02,-1.270346671725254284e+00
3.899999999999999911e+00,0.000000000000000000e+00,5.028744583953637798e-02,-5.028744583953637798e-02,-1.270426443157371521e+00
3.910000000000000142e+00,0.000000000000000000e+00,5.028699153623962526e-02,-5.028699153623962526e-02,-1.270498803289225709e+00
3.919999999999999929e+00,0.000000000000000000e+00,5.028617698311425854e-02,-5.028617698311425854e-02,-1.270563078083925657e+00
3.930000000000000160e+00,0.000000000000000000e+00,5.028500125746667576e-02,-5.028500125746667576e-02,-1.270618319683276320e+00
3.939999999999999947e+00,0.000000000000000000e+00,5.028346343664193835e-02,-5.028346343664193835e-02,-1.270664504083136803e+00
3.950000000000000178e+00,0.000000000000000000e+00,5.028156260087885548e-02,-5.028156260087885548e-02,-1.270701613030905452e+00
3.959999999999999964e+00,0.000000000000000000e+00,5.027929783317166418e-02,-5.027929783317166418e-02,-1.270729628037505110e+00
3.970000000000000195e+00,0.000000000000000000e+00,5.027666821912611661e-02,-5.027666821912611661e-02,-1.270748530363383866e+00
3.979999999999999982e+00,0.000000000000000000e+00,5.027367284682800197e-02,-5.027367284682800197e-02,-1.270758301040808558e+00
3.990000000000000213e+00,0.000000000000000000e+00,5.027031080672290930e-02,-5.027031080672290930e-02,-1.270758920893992894e+00
4.000000000000000000e+00,0.000000000000000000e+00,5.026658119150601706e-02,-5.026658119150601706e-02,-1.270750370556991138e+00
4.009999999999999787e+00,0.000000000000000000e+00,5.026248309602093789e-02,-5.026248309602093789e-02,-1.270732630489832315e+00
4.020000000000000462e+00,0.000000000000000000e+00,5.025801561716661259e-02,-5.025801561716661259e-02,-1.270705680992798570e+00
4.030000000000000249e+00,0.000000000000000000e+00,5.025317785381160085e-02,-5.025317785381160085e-02,-1.270669502219545777e+00
4.040000000000000036e+00,0.000000000000000000e+00,5.024796890671496402e-02,-5.024796890671496402e-02,-1.270624074188742014e+00
4.049999999999999822e+00,0.000000000000000000e+00,5.024238787845319854e-02,-5.024238787845319854e-02,-1.270569376794745242e+00
4.060000000000000497e+00,0.000000000000000000e+00,5.023643387335268579e-02,-5.023643387335268579e-02,-1.270505389817322195e+00
4.070000000000000284e+00,0.000000000000000000e+00,5.023010599742711718e-02,-5.023010599742711718e-02,-1.270432092930377621e+00
4.080000000000000071e+00,0.000000000000000000e+00,5.022340335831955438e-02,-5.022340335831955438e-02,-1.270349465710101100e+00
4.089999999999999858e+00,0.000000000000000000e+00,5.021632506524870143e-02,-5.021632506524870143e-02,-1.270257487642345362e+00
4.099999999999999645e+00,0.000000000000000000e+00,5.020887022895902801e-02,-5.020887022895902801e-02,-1.270156138129361567e+00
4.110000000000000320e+00,0.000000000000000000e+00,5.020103796167451476e-02,-5.020103796167451476e-02,-1.270045396496147339e+00
4.120000000000000107e+00,0.000000000000000000e+00,5.019282737705568764e-02,-5.019282737705568764e-02,-1.269925241996192389e+00
4.129999999999999893e+00,0.000000000000000000e+00,5.018423759015965685e-02,-5.018423759015965685e-02,-1.269795653816715664e+00
4.139999999999999680e+00,0.000000000000000000e+00,5.017526771740306313e-02,-5.017526771740306313e-02,-1.269656611083765263e+00
4.150000000000000355e+00,0.000000000000000000e+00,5.016591687652757758e-02,-5.016591687652757758e-02,-1.269508092866658000e+00
4.160000000000000142e+00,0.000000000000000000e+00,5.015618418656792726e-02,-5.015618418656792726e-02,-1.269350078182419628e+00
4.169999999999999929e+00,0.000000000000000000e+00,5.014606876782212730e-02,-5.014606876782212730e-02,-1.269182545999621992e+00
4.179999999999999716e+00,0.000000000000000000e+00,5.013556974182385717e-02,-5.013556974182385717e-02,-1.269005475242144021e+00
4.190000000000000391e+00,0.000000000000000000e+00,5.012468623131684231e-02,-5.012468623131684231e-02,-1.268818844792691580e+00
4.200000000000000178e+00,0.000000000000000000e+00,5.011341736023103982e-02,-5.011341736023103982e-02,-1.268622633495950280e+00
4.209999999999999964e+00,0.000000000000000000e+00,5.010176225366062136e-02,-5.010176225366062136e-02,-1.268416820161761382e+00
4.219999999999999751e+00,0.000000000000000000e+00,5.008972003784351035e-02,-5.008972003784351035e-02,-1.268201383567840734e+00
4.230000000000000426e+00,0.000000000000000000e+00,5.007728984014250817e-02,-5.007728984014250817e-02,-1.267976302462600291e+00
4.240000000000000213e+00,0.000000000000000000e+00,5.006447078902784287e-02,-5.006447078902784287e-02,-1.267741555567662326e+00
4.250000000000000000e+00,0.000000000000000000e+00,5.005126201406101538e-02,-5.005126201406101538e-02,-1.267497121580152042e+00
4.259999999999999787e+00,0.000000000000000000e+00,5.003766264587997808e-02,-5.003766264587997808e-02,-1.267242979175082551e+00
4.270000000000000462e+00,0.000000000000000000e+00,5.002367181618547903e-02,-5.002367181618547903e-02,-1.266979107007433880e+00
4.280000000000000249e+00,0.000000000000000000e+00,5.000928865772854420e-02,-5.000928865772854420e-02,-1.266705483714194669e+00
4.290000000000000036e+00,0.000000000000000000e+00,4.999451230429899362e-02,-4.999451230429899362e-02,-1.266422087916218686e+00
4.299999999999999822e+00,0.000000000000000000e+00,4.997934189071500527e-02,-4.997934189071500527e-02,-1.266128898220129528e+00
4.310000000000000497e+00,0.000000000000000000e+00,4.996377655281362962e-02,-4.996377655281362962e-02,-1.265825893220048570e+00
4.320000000000000284e+00,0.000000000000000000e+00,4.994781542744213682e-02,-4.994781542744213682e-02,-1.265513051499104646e+00
4.330000000000000071e+00,0.000000000000000000e+00,4.993145765245032147e-02,-4.993145765245032147e-02,-1.265190351631212629e+00
4.339999999999999858e+00,0.000000000000000000e+00,4.991470236668348742e-02,-4.991470236668348742e-02,-1.264857772182307105e+00
4.350000000000000533e+00,0.000000000000000000e+00,4.989754870997632763e-02,-4.989754870997632763e-02,-1.264515291712029699e+00
4.360000000000000320e+00,0.000000000000000000e+00,4.987999583077282195e-02,-4.987999583077282195e-02,-1.264162904173353752e+00
4.370000000000000107e+00,0.000000000000000000e+00,4.986204299878216339e-02,-4.986204299878216339e-02,-1.263800831170437178e+00
4.379999999999999893e+00,0.000000000000000000e+00,4.984368935763132391e-02,-4.984368935763132391e-02,-1.263428797219594779e+00
4.389999999999999680e+00,0.000000000000000000e+00,4.982493405130456604e-02,-4.982493405130456604e-02,-1.263046779646500362e+00
4.400000000000000355e+00,0.000000000000000000e+00,4.980577622510078128e-02,-4.980577622510078128e-02,-1.262654757703513209e+00
4.410000000000000142e+00,0.000000000000000000e+00,4.978621502560025280e-02,-4.978621502560025280e-02,-1.262252710588380067e+00
4.419999999999999929e+00,0.000000000000000000e+00,4.976624960062895481e-02,-4.976624960062895481e-02,-1.261840617438623191e+00
4.429999999999999716e+00,0.000000000000000000e+00,4.974587909922757040e-02,-4.974587909922757040e-02,-1.261418457340377497e+00
4.440000000000000391e+00,0.000000000000000000e+00,4.972510267162473518e-02,-4.972510267162473518e-02,-1.260986209336327990e+00
4.450000000000000178e+00,0.000000000000000000e+00,4.970391946921400711e-02,-4.970391946921400711e-02,-1.260543852432722378e+00
4.459999999999999964e+00,0.000000000000000000e+00,4.968232864453403508e-02,-4.968232864453403508e-02,-1.260091365605392255e+00
4.469999999999999751e+00,0.000000000000000000e+00,4.966032935125171133e-02,-4.966032935125171133e-02,-1.259628727805400361e+00
4.480000000000000426e+00,0.000000000000000000e+00,4.963792074414782179e-02,-4.963792074414782179e-02,-1.259155917963770133e+00
4.490000000000000213e+00,0.000000000000000000e+00,4.961510197910500714e-02,-4.961510197910500714e-02,-1.258672914995883962e+00
4.500000000000000000e+00,0.000000000000000000e+00,4.959187221309772908e-02,-4.959187221309772908e-02,-1.258179697805311026e+00
4.509999999999999787e+00,0.000000000000000000e+00,4.956823060418407562e-02,-4.956823060418407562e-02,-1.257676245287338457e+00
4.520000000000000462e+00,0.000000000000000000e+00,4.954417631149914125e-02,-4.954417631149914125e-02,-1.257162536332006031e+00
4.530000000000000249e+00,0.000000000000000000e+00,4.951970849524989920e-02,-4.951970849524989920e-02,-1.256638549827006068e+00
4.540000000000000036e+00,0.000000000000000000e+00,4.949482631671128091e-02,-4.949482631671128091e-02,-1.256104264660034886e+00
4.549999999999999822e+00,0.000000000000000000e+00,4.946952893822353231e-02,-4.946952893822353231e-02,-1.255559659721311450e+00
4.560000000000000497e+00,0.000000000000000000e+00,4.944381552319052769e-02,-4.944381552319052769e-02,-1.255004713905474745e+00
4.570000000000000284e+00,0.000000000000000000e+00,4.941768523607907582e-02,-4.941768523607907582e-02,-1.254439406113571298e+00
4.580000000000000071e+00,0.000000000000000000e+00,4.939113724241903092e-02,-4.939113724241903092e-02,-1.253863715254683431e+00
4.589999999999999858e+00,0.000000000000000000e+00,4.936417070880424335e-02,-4.936417070880424335e-02,-1.253277620247644775e+00
4.600000000000000533e+00,0.000000000000000000e+00,4.933678480289409307e-02,-4.933678480289409307e-02,-1.252681100022251748e+00
4.610000000000000320e+00,0.000000000000000000e+00,4.930897869341580031e-02,-4.930897869341580031e-02,-1.252074133520880928e+00
4.620000000000000107e+00,0.000000000000000000e+00,4.928075155016715947e-02,-4.928075155016715947e-02,-1.251456699699407871e+00
4.629999999999999893e+00,0.000000000000000000e+00,4.925210254401989063e-02,-4.925210254401989063e-02,-1.250828777528523172e+00
4.639999999999999680e+00,0.000000000000000000e+00,4.922303084692344205e-02,-4.922303084692344205e-02,-1.250190345994729668e+00
4.650000000000000355e+00,0.000000000000000000e+00,4.919353563190919515e-02,-4.919353563190919515e-02,-1.249541384101245267e+00
4.660000000000000142e+00,0.000000000000000000e+00,4.916361607309513437e-02,-4.916361607309513437e-02,-1.248881870869044119e+00
4.669999999999999929e+00,0.000000000000000000e+00,4.913327134569076687e-02,-4.913327134569076687e-02,-1.248211785337470792e+00
4.679999999999999716e+00,0.000000000000000000e+00,4.910250062600247239e-02,-4.910250062600247239e-02,-1.247531106565224146e+00
4.690000000000000391e+00,0.000000000000000000e+00,4.907130309143911684e-02,-4.907130309143911684e-02,-1.246839813631013483e+00
4.700000000000000178e+00,0.000000000000000000e+00,4.903967792051796420e-02,-4.903967792051796420e-02,-1.246137885634290399e+00
4.709999999999999964e+00,0.000000000000000000e+00,4.900762429287076893e-02,-4.900762429287076893e-02,-1.245425301695747500e+00
4.719999999999999751e+00,0.000000000000000000e+00,4.897514138925021521e-02,-4.897514138925021521e-02,-1.244702040958158173e+00
4.730000000000000426e+00,0.000000000000000000e+00,4.894222839153650195e-02,-4.894222839153650195e-02,-1.243968082586817347e+00
4.740000000000000213e+00,0.000000000000000000e+00,4.890888448274411521e-02,-4.890888448274411521e-02,-1.243223405770067069e+00
4.750000000000000000e+00,0.000000000000000000e+00,4.887510884702885722e-02,-4.887510884702885722e-02,-1.242467989719969523e+00
4.759999999999999787e+00,0.000000000000000000e+00,4.884090066969498656e-02,-4.884090066969498656e-02,-1.241701813672687171e+00
4.770000000000000462e+00,0.000000000000000000e+00,4.880625913720253173e-02,-4.880625913720253173e-02,-1.240924856888994121e+00
4.780000000000000249e+00,0.000000000000000000e+00,4.877118343717473659e-02,-4.877118343717473659e-02,-1.240137098654706227e+00
4.790000000000000036e+00,0.000000000000000000e+00,4.873567275840569313e-02,-4.873567275840569313e-02,-1.239338518281225099e+00
4.799999999999999822e+00,0.000000000000000000e+00,4.869972629086805060e-02,-4.869972629086805060e-02,-1.238529095105863398e+00
4.810000000000000497e+00,0.000000000000000000e+00,4.866334322572086341e-02,-4.866334322572086341e-02,-1.237708808492296253e+00
4.820000000000000284e+00,0.000000000000000000e+00,4.862652275531754997e-02,-4.862652275531754997e-02,-1.236877637830961163e+00
4.830000000000000071e+00,0.000000000000000000e+00,4.858926407321394192e-02,-4.858926407321394192e-02,-1.236035562539415711e+00
4.839999999999999858e+00,0.000000000000000000e+00,4.855156637417645110e-02,-4.855156637417645110e-02,-1.235182562062757228e+00
4.850000000000000533e+00,0.000000000000000000e+00,4.851342885419030609e-02,-4.851342885419030609e-02,-1.234318615873941205e+00
4.860000000000000320e+00,0.000000000000000000e+00,4.847485071046792049e-02,-4.847485071046792049e-02,-1.233443703474234487e+00
4.870000000000000107e+00,0.000000000000000000e+00,4.843583114145724733e-02,-4.843583114145724733e-02,-1.232557804393369372e+00
4.879999999999999893e+00,0.000000000000000000e+00,4.839636934685031394e-02,-4.839636934685031394e-02,-1.231660898190096054e+00
4.889999999999999680e+00,0.000000000000000000e+00,4.835646452759173597e-02,-4.835646452759173597e-02,-1.230752964452328513e+00
4.900000000000000355e+00,0.000000000000000000e+00,4.831611588588739098e-02,-4.831611588588739098e-02,-1.229833982797656988e+00
4.910000000000000142e+00,0.000000000000000000e+00,4.827532262521309209e-02,-4.827532262521309209e-02,-1.228903932873539162e+00
4.919999999999999929e+00,0.000000000000000000e+00,4.823408395032330320e-02,-4.823408395032330320e-02,-1.227962794357578158e+00
4.929999999999999716e+00,0.000000000000000000e+00,4.819239906725998612e-02,-4.819239906725998612e-02,-1.227010546957981063e+00
4.940000000000000391e+00,0.000000000000000000e+00,4.815026718336142680e-02,-4.815026718336142680e-02,-1.226047170413713916e+00
4.950000000000000178e+00,0.000000000000000000e+00,4.810768750727117266e-02,-4.810768750727117266e-02,-1.225072644494921814e+00
4.959999999999999964e+00,0.000000000000000000e+00,4.806465924894696290e-02,-4.806465924894696290e-02,-1.224086949003112323e+00
4.969999999999999751e+00,0.000000000000000000e+00,4.802118161966974913e-02,-4.802118161966974913e-02,-1.223090063771537617e+00
4.980000000000000426e+00,0.000000000000000000e+00,4.797725383205274363e-02,-4.797725383205274363e-02,-1.222081968665449159e+00
4.990000000000000213e+00,0.000000000000000000e+00,4.793287510005050239e-02,-4.793287510005050239e-02,-1.221062643582370377e+00
5.000000000000000000e+00,0.000000000000000000e+00,4.788804463896807057e-02,-4.788804463896807057e-02,-1.220032068452422180e+00
5.009999999999999787e+00,0.000000000000000000e+00,4.784276166547012793e-02,-4.784276166547012793e-02,-1.218990223238529680e+00
5.020000000000000462e+00,0.000000000000000000e+00,4.779702539759020374e-02,-4.779702539759020374e-02,-1.217937087936761698e+00
5.030000000000000249e+00,0.000000000000000000e+00,4.775083505473994017e-02,-4.775083505473994017e-02,-1.216872642576637409e+00
5.040000000000000036e+00,0.000000000000000000e+00,4.770418985771832793e-02,-4.770418985771832793e-02,-1.215796867221273114e+00
5.049999999999999822e+00,0.000000000000000000e+00,4.765708902872105995e-02,-4.765708902872105995e-02,-1.214709741967827883e+00
5.060000000000000497e+00,0.000000000000000000e+00,4.760953179134983643e-02,-4.760953179134983643e-02,-1.213611246947613465e+00
5.070000000000000284e+00,0.000000000000000000e+00,4.756151737062175311e-02,-4.756151737062175311e-02,-1.212501362326468657e+00
5.080000000000000071e+00,0.000000000000000000e+00,4.751304499297870354e-02,-4.751304499297870354e-02,-1.211380068304997781e+00
5.089999999999999858e+00,0.000000000000000000e+00,4.746411388629679512e-02,-4.746411388629679512e-02,-1.210247345118806717e+00
5.100000000000000533e+00,0.000000000000000000e+00,4.741472327989582070e-02,-4.741472327989582070e-02,-1.209103173038826418e+00
5.110000000000000320e+00,0.000000000000000000e+00,4.736487240454873016e-02,-4.736487240454873016e-02,-1.207947532371521859e+00
5.120000000000000107e+00,0.000000000000000000e+00,4.731456049249115059e-02,-4.731456049249115059e-02,-1.206780403459204676e+00
5.129999999999999893e+00,0.000000000000000000e+00,4.726378677743092727e-02,-4.726378677743092727e-02,-1.205601766680284292e+00
5.139999999999999680e+00,0.000000000000000000e+00,4.721255049455767155e-02,-4.721255049455767155e-02,-1.204411602449497520e+00
5.150000000000000355e+00,0.000000000000000000e+00,4.716085088055231578e-02,-4.716085088055231578e-02,-1.203209891218133931e+00
5.160000000000000142e+00,0.000000000000000000e+00,4.710868717359679297e-02,-4.710868717359679297e-02,-1.201996613474502373e+00
5.169999999999999929e+00,0.000000000000000000e+00,4.705605861338360563e-02,-4.705605861338360563e-02,-1.200771749743924532e+00
5.179999999999999716e+00,0.000000000000000000e+00,4.700296444112550542e-02,-4.700296444112550542e-02,-1.199535280589170139e+00
5.190000000000000391e+00,0.000000000000000000e+00,4.694940389956514526e-02,-4.694940389956514526e-02,-1.198287186610619726e+00
5.200000000000000178e+00,0.000000000000000000e+00,4.689537623298480756e-02,-4.689537623298480756e-02,-1.197027448446634779e+00
5.209999999999999964e+00,0.000000000000000000e+00,4.684088068721607712e-02,-4.684088068721607712e-02,-1.195756046773662096e+00
5.219999999999999751e+00,0.000000000000000000e+00,4.678591650964961796e-02,-4.678591650964961796e-02,-1.194472962306662334e+00
5.230000000000000426e+00,0.000000000000000000e+00,4.673048294924490170e-02,-4.673048294924490170e-02,-1.193178175799229690e+00
5.240000000000000213e+00,0.000000000000000000e+00,4.667457925654000528e-02,-4.667457925654000528e-02,-1.191871668043951393e+00
5.250000000000000000e+00,0.000000000000000000e+00,4.661820468366138087e-02,-4.661820468366138087e-02,-1.190553419872570462e+00
5.259999999999999787e+00,0.000000000000000000e+00,4.656135848433367447e-02,-4.656135848433367447e-02,-1.189223412156304338e+00
5.270000000000000462e+00,0.000000000000000000e+00,4.650403991388956521e-02,-4.650403991388956521e-02,-1.187881625806106012e+00
5.280000000000000249e+00,0.000000000000000000e+00,4.644624822927960472e-02,-4.644624822927960472e-02,-1.186528041772886066e+00
5.290000000000000036e+00,0.000000000000000000e+00,4.638798268908209815e-02,-4.638798268908209815e-02,-1.185162641047817766e+00
5.299999999999999822e+00,0.000000000000000000e+00,4.632924255351297121e-02,-4.632924255351297121e-02,-1.183785404662531349e+00
5.310000000000000497e+00,0.000000000000000000e+00,4.627002708443569284e-02,-4.627002708443569284e-02,-1.182396313689448197e+00
5.320000000000000284e+00,0.000000000000000000e+00,4.621033554537116311e-02,-4.621033554537116311e-02,-1.180995349241933390e+00
5.330000000000000071e+00,0.000000000000000000e+00,4.615016720150768442e-02,-4.615016720150768442e-02,-1.179582492474688271e+00
5.339999999999999858e+00,0.000000000000000000e+00,4.608952131971087024e-02,-4.608952131971087024e-02,-1.178157724583847488e+00
5.350000000000000533e+00,0.000000000000000000e+00,4.602839716853365098e-02,-4.602839716853365098e-02,-1.176721026807399539e+00
5.360000000000000320e+00,0.000000000000000000e+00,4.596679401822623134e-02,-4.596679401822623134e-02,-1.175272380425314012e+00
5.370000000000000107e+00,0.000000000000000000e+00,4.590471114074610309e-02,-4.590471114074610309e-02,-1.173811766759878861e+00
5.379999999999999893e+00,0.000000000000000000e+00,4.584214780976805792e-02,-4.584214780976805792e-02,-1.172339167175926011e+00
5.389999999999999680e+00,0.000000000000000000e+00,4.577910330069420025e-02,-4.577910330069420025e-02,-1.170854563081057842e+00
5.400000000000000355e+00,0.000000000000000000e+00,4.571557689066399477e-02,-4.571557689066399477e-02,-1.169357935925943615e+00
5.410000000000000142e+00,0.000000000000000000e+00,4.565156785856434862e-02,-4.565156785856434862e-02,-1.167849267204617680e+00
5.419999999999999929e+00,0.000000000000000000e+00,4.558707548503967977e-02,-4.558707548503967977e-02,-1.166328538454678210e+00
5.429999999999999716e+00,0.000000000000000000e+00,4.552209905250196448e-02,-4.552209905250196448e-02,-1.164795731257473710e+00
5.440000000000000391e+00,0.000000000000000000e+00,4.545663784514087508e-02,-4.545663784514087508e-02,-1.163250827238513141e+00
5.450000000000000178e+00,0.000000000000000000e+00,4.539069114893388990e-02,-4.539069114893388990e-02,-1.161693808067639777e+00
5.459999999999999964e+00,0.000000000000000000e+00,4.532425825165643102e-02,-4.532425825165643102e-02,-1.160124655459315868e+00
5.469999999999999751e+00,0.000000000000000000e+00,4.525733844289198810e-02,-4.525733844289198810e-02,-1.158543351172825142e+00
5.480000000000000426e+00,0.000000000000000000e+00,4.518993101404227691e-02,-4.518993101404227691e-02,-1.156949877012572570e+00
5.490000000000000213e+00,0.000000000000000000e+00,4.512203525833743262e-02,-4.512203525833743262e-02,-1.155344214828385674e+00
5.500000000000000000e+00,0.000000000000000000e+00,4.505365047084615437e-02,-4.505365047084615437e-02,-1.153726346515647316e+00
5.509999999999999787e+00,0.000000000000000000e+00,4.498477594848594024e-02,-4.498477594848594024e-02,-1.152096254015708920e+00
5.520000000000000462e+00,0.000000000000000000e+00,4.491541099003326654e-02,-4.491541099003326654e-02,-1.150453919316011930e+00
5.530000000000000249e+00,0.000000000000000000e+00,4.484555489613381574e-02,-4.484555489613381574e-02,-1.148799324450416659e+00
5.540000000000000036e+00,0.000000000000000000e+00,4.477520696931272526e-02,-4.477520696931272526e-02,-1.147132451499477401e+00
5.549999999999999822e+00,0.000000000000000000e+00,4.470436651398482925e-02,-4.470436651398482925e-02,-1.145453282590662702e+00
5.560000000000000497e+00,0.000000000000000000e+00,4.463303283646490038e-02,-4.463303283646490038e-02,-1.143761799898588505e+00
5.570000000000000284e+00,0.000000000000000000e+00,4.456120524497791946e-02,-4.456120524497791946e-02,-1.142057985645307694e+00
5.580000000000000071e+00,0.000000000000000000e+00,4.448888304966939350e-02,-4.448888304966939350e-02,-1.140341822100642943e+00
5.589999999999999858e+00,0.000000000000000000e+00,4.441606556261559757e-02,-4.441606556261559757e-02,-1.138613291582267539e+00
5.600000000000000533e+00,0.000000000000000000e+00,4.434275209783391375e-02,-4.434275209783391375e-02,-1.136872376456137257e+00
5.610000000000000320e+00,0.000000000000000000e+00,4.426894197129314229e-02,-4.426894197129314229e-02,-1.135119059136668662e+00
5.620000000000000107e+00,0.000000000000000000e+00,4.419463450092384060e-02,-4.419463450092384060e-02,-1.133353322087032655e+00
5.629999999999999893e+00,0.000000000000000000e+00,4.411982900662863444e-02,-4.411982900662863444e-02,-1.131575147819334326e+00
5.639999999999999680e+00,0.000000000000000000e+00,4.404452481029258459e-02,-4.404452481029258459e-02,-1.129784518894961121e+00
5.650000000000000355e+00,0.000000000000000000e+00,4.396872123579356056e-02,-4.396872123579356056e-02,-1.127981417924835306e+00
5.660000000000000142e+00,0.000000000000000000e+00,4.389241760901257255e-02,-4.389241760901257255e-02,-1.126165827569566291e+00
5.669999999999999929e+00,0.000000000000000000e+00,4.381561325784420063e-02,-4.381561325784420063e-02,-1.124337730539885616e+00
5.679999999999999716e+00,0.000000000000000000e+00,4.373830751220696145e-02,-4.373830751220696145e-02,-1.122497109596758413e+00
5.690000000000000391e+00,0.000000000000000000e+00,4.366049970405370961e-02,-4.366049970405370961e-02,-1.120643947551693165e+00
5.700000000000000178e+00,0.000000000000000000e+00,4.358218916738205995e-02,-4.358218916738205995e-02,-1.118778227267021919e+00
5.709999999999999964e+00,0.000000000000000000e+00,4.350337523824481661e-02,-4.350337523824481661e-02,-1.116899931656153644e+00
5.719999999999999751e+00,0.000000000000000000e+00,4.342405725476038841e-02,-4.342405725476038841e-02,-1.115009043683787615e+00
5.730000000000000426e+00,0.000000000000000000e+00,4.334423455712323181e-02,-4.334423455712323181e-02,-1.113105546366206955e+00
5.740000000000000213e+00,0.000000000000000000e+00,4.326390648761432173e-02,-4.326390648761432173e-02,-1.111189422771577728e+00
5.750000000000000000e+00,0.000000000000000000e+00,4.318307239061160846e-02,-4.318307239061160846e-02,-1.109260656020159885e+00
5.759999999999999787e+00,0.000000000000000000e+00,4.310173161260048152e-02,-4.310173161260048152e-02,-1.107319229284564166e+00
5.770000000000000462e+00,0.000000000000000000e+00,4.301988350218423351e-02,-4.301988350218423351e-02,-1.105365125789992575e+00
5.780000000000000249e+00,0.000000000000000000e+00,4.293752741009459334e-02,-4.293752741009459334e-02,-1.103398328814619855e+00
5.790000000000000036e+00,0.000000000000000000e+00,4.285466268920217620e-02,-4.285466268920217620e-02,-1.101418821689670313e+00
5.799999999999999822e+00,0.000000000000000000e+00,4.277128869452703069e-02,-4.277128869452703069e-02,-1.099426587799853028e+00
5.810000000000000497e+00,0.000000000000000000e+00,4.268740478324911658e-02,-4.268740478324911658e-02,-1.097421610583467100e+00
5.820000000000000284e+00,0.000000000000000000e+00,4.260301031471885880e-02,-4.260301031471885880e-02,-1.095403873532798666e+00
5.830000000000000071e+00,0.000000000000000000e+00,4.251810465046766685e-02,-4.251810465046766685e-02,-1.093373360194294097e+00
5.839999999999999858e+00,0.000000000000000000e+00,4.243268715421846110e-02,-4.243268715421846110e-02,-1.091330054168817787e+00
5.850000000000000533e+00,0.000000000000000000e+00,4.234675719189626153e-02,-4.234675719189626153e-02,-1.089273939112023193e+00
5.860000000000000320e+00,0.000000000000000000e+00,4.226031413163870015e-02,-4.226031413163870015e-02,-1.087204998734442984e+00
5.870000000000000107e+00,0.000000000000000000e+00,4.217335734380661671e-02,-4.217335734380661671e-02,-1.085123216801901602e+00
5.879999999999999893e+00,0.000000000000000000e+00,4.208588620099459887e-02,-4.208588620099459887e-02,-1.083028577135650705e+00
5.889999999999999680e+00,0.000000000000000000e+00,4.199790007804159869e-02,-4.199790007804159869e-02,-1.080921063612764632e+00
5.900000000000000355e+00,0.000000000000000000e+00,4.190939835204147978e-02,-4.190939835204147978e-02,-1.078800660166251202e+00
5.910000000000000142e+00,0.000000000000000000e+00,4.182038040235364074e-02,-4.182038040235364074e-02,-1.076667350785447841e+00
5.919999999999999929e+00,0.000000000000000000e+00,4.173084561061358305e-02,-4.173084561061358305e-02,-1.074521119516158807e+00
5.929999999999999716e+00,0.000000000000000000e+00,4.164079336074356236e-02,-4.164079336074356236e-02,-1.072361950461068192e+00
5.940000000000000391e+00,0.000000000000000000e+00,4.155022303896317021e-02,-4.155022303896317021e-02,-1.070189827779848502e+00
5.950000000000000178e+00,0.000000000000000000e+00,4.145913403379997142e-02,-4.145913403379997142e-02,-1.068004735689520146e+00
5.959999999999999964e+00,0.000000000000000000e+00,4.136752573610010669e-02,-4.136752573610010669e-02,-1.065806658464627299e+00
5.969999999999999751e+00,0.000000000000000000e+00,4.127539753903892994e-02,-4.127539753903892994e-02,-1.063595580437557864e+00
5.980000000000000426e+00,0.000000000000000000e+00,4.118274883813170112e-02,-4.118274883813170112e-02,-1.061371485998903408e+00
5.990000000000000213e+00,0.000000000000000000e+00,4.108957903124414723e-02,-4.108957903124414723e-02,-1.059134359597441621e+00
6.000000000000000000e+00,0.000000000000000000e+00,4.099588751860316210e-02,-4.099588751860316210e-02,-1.056884185740664339e+00
6.009999999999999787e+00,0.000000000000000000e+00,4.090167370280746451e-02,-4.090167370280746451e-02,-1.054620948994944518e+00
6.020000000000000462e+00,0.000000000000000000e+00,4.080693698883824244e-02,-4.080693698883824244e-02,-1.052344633985756284e+00
6.030000000000000249e+00,0.000000000000000000e+00,4.071167678406984597e-02,-4.071167678406984597e-02,-1.050055225398023540e+00
6.040000000000000036e+00,0.000000000000000000e+00,4.061589249828041065e-02,-4.061589249828041065e-02,-1.047752707976229658e+00
6.049999999999999822e+00,0.000000000000000000e+00,4.051958354366258508e-02,-4.051958354366258508e-02,-1.045437066524877334e+00
6.060000000000000497e+00,0.000000000000000000e+00,4.042274933483418903e-02,-4.042274933483418903e-02,-1.043108285908600275e+00
6.070000000000000284e+00,0.000000000000000000e+00,4.032538928884890628e-02,-4.032538928884890628e-02,-1.040766351052483163e+00
6.080000000000000071e+00,0.000000000000000000e+00,4.022750282520697745e-02,-4.022750282520697745e-02,-1.038411246942312793e+00
6.089999999999999858e+00,0.000000000000000000e+00,4.012908936586590675e-02,-4.012908936586590675e-02,-1.036042958624858068e+00
6.100000000000000533e+00,0.000000000000000000e+00,4.003014833525110616e-02,-4.003014833525110616e-02,-1.033661471207995675e+00
6.110000000000000320e+00,0.000000000000000000e+00,3.993067916026667857e-02,-3.993067916026667857e-02,-1.031266769861239663e+00
6.120000000000000107e+00,0.000000000000000000e+00,3.983068127030609668e-02,-3.983068127030609668e-02,-1.028858839815787629e+00
6.129999999999999893e+00,0.000000000000000000e+00,3.973015409726287500e-02,-3.973015409726287500e-02,-1.026437666364755863e+00
6.140000000000000568e+00,0.000000000000000000e+00,3.962909707554135297e-02,-3.962909707554135297e-02,-1.024003234863656964e+00
6.150000000000000355e+00,0.000000000000000000e+00,3.952750964206734607e-02,-3.952750964206734607e-02,-1.021555530730387407e+00
6.160000000000000142e+00,0.000000000000000000e+00,3.942539123629893588e-02,-3.942539123629893588e-02,-1.019094539445759118e+00
6.169999999999999929e+00,0.000000000000000000e+00,3.932274130023713510e-02,-3.932274130023713510e-02,-1.016620246553503026e+00
6.179999999999999716e+00,0.000000000000000000e+00,3.921955927843664980e-02,-3.921955927843664980e-02,-1.014132637660715597e+00
6.190000000000000391e+00,0.000000000000000000e+00,3.911584461801660001e-02,-3.911584461801660001e-02,-1.011631698438031801e+00
6.200000000000000178e+00,0.000000000000000000e+00,3.901159676867127502e-02,-3.901159676867127502e-02,-1.009117414619947084e+00
6.209999999999999964e+00,0.000000000000000000e+00,3.890681518268081229e-02,-3.890681518268081229e-02,-1.006589772004918837e+00
6.219999999999999751e+00,0.000000000000000000e+00,3.880149931492200832e-02,-3.880149931492200832e-02,-1.004048756455885094e+00
6.230000000000000426e+00,0.000000000000000000e+00,3.869564862287901141e-02,-3.869564862287901141e-02,-1.001494353900283851e+00
6.240000000000000213e+00,0.000000000000000000e+00,3.858926256665407006e-02,-3.858926256665407006e-02,-9.989265503304177729e-01
6.250000000000000000e+00,0.000000000000000000e+00,3.848234060897830211e-02,-3.848234060897830211e-02,-9.963453318037516215e-01
6.259999999999999787e+00,0.000000000000000000e+00,3.837488221522240145e-02,-3.837488221522240145e-02,-9.937506844430434860e-01
6.270000000000000462e+00,0.000000000000000000e+00,3.826688685340742802e-02,-3.826688685340742802e-02,-9.911425944367648899e-01
6.280000000000000249e+00,0.000000000000000000e+00,3.815835399421552143e-02,-3.815835399421552143e-02,-9.885210480392064847e-01
6.290000000000000036e+00,0.000000000000000000e+00,3.804928311100066324e-02,-3.804928311100066324e-02,-9.858860315708282140e-01
6.299999999999999822e+00,0.000000000000000000e+00,3.793967367979943911e-02,-3.793967367979943911e-02,-9.832375314185178850e-01
6.310000000000000497e+00,0.000000000000000000e+00,3.782952517934176639e-02,-3.782952517934176639e-02,-9.805755340357771299e-01
6.320000000000000284e+00,0.000000000000000000e+00,3.771883709106165633e-02,-3.771883709106165633e-02,-9.779000259430463693e-01
6.330000000000000071e+00,0.000000000000000000e+00,3.760760889910798321e-02,-3.760760889910798321e-02,-9.752109937279778151e-01
6.339999999999999858e+00,0.000000000000000000e+00,3.749584009035521887e-02,-3.749584009035521887e-02,-9.725084240456199902e-01
6.350000000000000533e+00,0.000000000000000000e+00,3.738353015441416710e-02,-3.738353015441416710e-02,-9.697923036186764101e-01
6.360000000000000320e+00,0.000000000000000000e+00,3.727067858364276065e-02,-3.727067858364276065e-02,-9.670626192378880548e-01
6.370000000000000107e+00,0.000000000000000000e+00,3.715728487315678175e-02,-3.715728487315678175e-02,-9.643193577621369528e-01
6.379999999999999893e+00,0.000000000000000000e+00,3.704334852084061047e-02,-3.704334852084061047e-02,-9.615625061187593747e-01
6.390000000000000568e+00,0.000000000000000000e+00,3.692886902735800086e-02,-3.692886902735800086e-02,-9.587920513038599157e-01
6.400000000000000355e+00,0.000000000000000000e+00,3.681384589616281539e-02,-3.681384589616281539e-02,-9.560079803824849121e-01
6.410000000000000142e+00,0.000000000000000000e+00,3.669827863350975244e-02,-3.669827863350975244e-02,-9.532102804888672454e-01
6.419999999999999929e+00,0.000000000000000000e+00,3.658216674846513639e-02,-3.658216674846513639e-02,-9.503989388268094807e-01
6.429999999999999716e+00,0.000000000000000000e+00,3.646550975291763114e-02,-3.646550975291763114e-02,-9.475739426697883383e-01
6.440000000000000391e+00,0.000000000000000000e+00,3.634830716158898856e-02,-3.634830716158898856e-02,-9.447352793612835420e-01
6.450000000000000178e+00,0.000000000000000000e+00,3.623055849204482454e-02,-3.623055849204482454e-02,-9.418829363150925671e-01
6.459999999999999964e+00,0.000000000000000000e+00,3.611226326470530490e-02,-3.611226326470530490e-02,-9.390169010154065798e-01
6.469999999999999751e+00,0.000000000000000000e+00,3.599342100285594231e-02,-3.599342100285594231e-02,-9.361371610172940505e-01
6.480000000000000426e+00,0.000000000000000000e+00,3.587403123265826832e-02,-3.587403123265826832e-02,-9.332437039467071926e-01
6.490000000000000213e+00,0.000000000000000000e+00,3.575409348316062330e-02,-3.575409348316062330e-02,-9.303365175009787880e-01
6.500000000000000000e+00,0.000000000000000000e+00,3.563360728630884933e-02,-3.563360728630884933e-02,-9.274155894488861351e-01
6.509999999999999787e+00,0.000000000000000000e+00,3.551257217695705237e-02,-3.551257217695705237e-02,-9.244809076310503970e-01
6.520000000000000462e+00,0.000000000000000000e+00,3.539098769287830210e-02,-3.539098769287830210e-02,-9.215324599600690503e-01
6.530000000000000249e+00,0.000000000000000000e+00,3.526885337477534549e-02,-3.526885337477534549e-02,-9.185702344208045433e-01
6.540000000000000036e+00,0.000000000000000000e+00,3.514616876629136216e-02,-3.514616876629136216e-02,-9.155942190707273554e-01
6.549999999999999822e+00,0.000000000000000000e+00,3.502293341402064331e-02,-3.502293341402064331e-02,-9.126044020400210233e-01
6.560000000000000497e+00,0.000000000000000000e+00,3.489914686751930534e-02,-3.489914686751930534e-02,-9.096007715319144316e-01
6.570000000000000284e+00,0.000000000000000000e+00,3.477480867931601743e-02,-3.477480867931601743e-02,-9.065833158229664734e-01
6.580000000000000071e+00,0.000000000000000000e+00,3.464991840492268743e-02,-3.464991840492268743e-02,-9.035520232632449078e-01
6.589999999999999858e+00,0.000000000000000000e+00,3.452447560284516853e-02,-3.452447560284516853e-02,-9.005068822766266745e-01
6.600000000000000533e+00,0.000000000000000000e+00,3.439847983459393826e-02,-3.439847983459393826e-02,-8.974478813610027306e-01
6.610000000000000320e+00,0.000000000000000000e+00,3.427193066469481214e-02,-3.427193066469481214e-02,-8.943750090886084525e-01
6.620000000000000107e+00,0.000000000000000000e+00,3.414482766069958791e-02,-3.414482766069958791e-02,-8.912882541061442065e-01
6.629999999999999893e+00,0.000000000000000000e+00,3.401717039319675229e-02,-3.401717039319675229e-02,-8.881876051351607071e-01
6.640000000000000568e+00,0.000000000000000000e+00,3.388895843582215295e-02,-3.388895843582215295e-02,-8.850730509722504191e-01
6.650000000000000355e+00,0.000000000000000000e+00,3.376019136526966363e-02,-3.376019136526966363e-02,-8.819445804892936946e-01
6.660000000000000142e+00,0.000000000000000000e+00,3.363086876130181452e-02,-3.363086876130181452e-02,-8.788021826336502862e-01
6.669999999999999929e+00,0.000000000000000000e+00,3.350099020676051281e-02,-3.350099020676051281e-02,-8.756458464285999943e-01
6.679999999999999716e+00,0.000000000000000000e+00,3.337055528757760375e-02,-3.337055528757760375e-02,-8.724755609732837147e-01
6.690000000000000391e+00,0.000000000000000000e+00,3.323956359278559813e-02,-3.323956359278559813e-02,-8.692913154432984069e-01
6.700000000000000178e+00,0.000000000000000000e+00,3.310801471452823330e-02,-3.310801471452823330e-02,-8.660930990906225979e-01
6.709999999999999964e+00,0.000000000000000000e+00,3.297590824807117293e-02,-3.297590824807117293e-02,-8.628809012441575055e-01
6.719999999999999751e+00,0.000000000000000000e+00,3.284324379181256109e-02,-3.284324379181256109e-02,-8.596547113096930648e-01
6.730000000000000426e+00,0.000000000000000000e+00,3.271002094729368731e-02,-3.271002094729368731e-02,-8.564145187703935402e-01
6.740000000000000213e+00,0.000000000000000000e+00,3.257623931920954757e-02,-3.257623931920954757e-02,-8.531603131868481515e-01
6.750000000000000000e+00,0.000000000000000000e+00,3.244189851541950942e-02,-3.244189851541950942e-02,-8.498920841975413643e-01
6.759999999999999787e+00,0.000000000000000000e+00,3.230699814695783129e-02,-3.230699814695783129e-02,-8.466098215188218035e-01
6.770000000000000462e+00,0.000000000000000000e+00,3.217153782804427209e-02,-3.217153782804427209e-02,-8.433135149453425683e-01
6.780000000000000249e+00,0.000000000000000000e+00,3.203551717609470079e-02,-3.203551717609470079e-02,-8.400031543503241327e-01
6.790000000000000036e+00,0.000000000000000000e+00,3.189893581173159492e-02,-3.189893581173159492e-02,-8.366787296855906497e-01
6.799999999999999822e+00,0.000000000000000000e+00,3.176179335879465021e-02,-3.176179335879465021e-02,-8.333402309820543419e-01
6.810000000000000497e+00,0.000000000000000000e+00,3.162408944435130681e-02,-3.162408944435130681e-02,-8.299876483498095370e-01
6.820000000000000284e+00,0.000000000000000000e+00,3.148582369870730341e-02,-3.148582369870730341e-02,-8.266209719784489707e-01
6.830000000000000071e+00,0.000000000000000000e+00,3.134699575541716882e-02,-3.134699575541716882e-02,-8.232401921371990117e-01
6.839999999999999858e+00,0.000000000000000000e+00,3.120760525129478644e-02,-3.120760525129478644e-02,-8.198452991753264474e-01
6.850000000000000533e+00,0.000000000000000000e+00,3.106765182642388587e-02,-3.106765182642388587e-02,-8.164362835222540582e-01
6.860000000000000320e+00,0.000000000000000000e+00,3.092713512416854493e-02,-3.092713512416854493e-02,-8.130131356878418369e-01
6.870000000000000107e+00,0.000000000000000000e+00,3.078605479118366739e-02,-3.078605479118366739e-02,-8.095758462625980423e-01
6.879999999999999893e+00,0.000000000000000000e+00,3.064441047742548149e-02,-3.064441047742548149e-02,-8.061244059179826227e-01
6.890000000000000568e+00,0.000000000000000000e+00,3.050220183616198996e-02,-3.050220183616198996e-02,-8.026588054065703082e-01
6.900000000000000355e+00,0.000000000000000000e+00,3.035942852398343730e-02,-3.035942852398343730e-02,-7.991790355623460407e-01
6.910000000000000142e+00,0.000000000000000000e+00,3.021609020081275632e-02,-3.021609020081275632e-02,-7.956850873009222447e-01
6.919999999999999929e+00,0.000000000000000000e+00,3.007218652991599725e-02,-3.007218652991599725e-02,-7.921769516197673111e-01
6.929999999999999716e+00,0.000000000000000000e+00,2.992771717791275696e-02,-2.992771717791275696e-02,-7.886546195984628360e-01
6.940000000000000391e+00,0.000000000000000000e+00,2.978268181478657337e-02,-2.978268181478657337e-02,-7.851180823988966884e-01
6.950000000000000178e+00,0.000000000000000000e+00,2.963708011389535463e-02,-2.963708011389535463e-02,-7.815673312655919691e-01
6.959999999999999964e+00,0.000000000000000000e+00,2.949091175198174236e-02,-2.949091175198174236e-02,-7.780023575258344648e-01
6.969999999999999751e+00,0.000000000000000000e+00,2.934417640918348877e-02,-2.934417640918348877e-02,-7.744231525899618607e-01
6.980000000000000426e+00,0.000000000000000000e+00,2.919687376904382334e-02,-2.919687376904382334e-02,-7.708297079516011063e-01
6.990000000000000213e+00,0.000000000000000000e+00,2.904900351852180221e-02,-2.904900351852180221e-02,-7.672220151878951233e-01
7.000000000000000000e+00,0.000000000000000000e+00,2.890056534800263324e-02,-2.890056534800263324e-02,-7.636000659597131923e-01
7.009999999999999787e+00,0.000000000000000000e+00,2.875155895130801151e-02,-2.875155895130801151e-02,-7.599638520119310625e-01
7.020000000000000462e+00,0.000000000000000000e+00,2.860198402570640966e-02,-2.860198402570640966e-02,-7.563133651736015928e-01
7.030000000000000249e+00,0.000000000000000000e+00,2.845184027192339954e-02,-2.845184027192339954e-02,-7.526485973582750511e-01
7.040000000000000036e+00,0.000000000000000000e+00,2.830112739415189052e-02,-2.830112739415189052e-02,-7.489695405640921511e-01
7.049999999999999822e+00,0.000000000000000000e+00,2.814984510006243723e-02,-2.814984510006243723e-02,-7.452761868741828444e-01
7.060000000000000497e+00,0.000000000000000000e+00,2.799799310081346401e-02,-2.799799310081346401e-02,-7.415685284567586910e-01
7.070000000000000284e+00,0.000000000000000000e+00,2.784557111106150326e-02,-2.784557111106150326e-02,-7.378465575653982977e-01
7.080000000000000071e+00,0.000000000000000000e+00,2.769257884897142336e-02,-2.769257884897142336e-02,-7.341102665392864601e-01
7.089999999999999858e+00,0.000000000000000000e+00,2.753901603622663577e-02,-2.753901603622663577e-02,-7.303596478034308781e-01
7.100000000000000533e+00,0.000000000000000000e+00,2.738488239803926402e-02,-2.738488239803926402e-02,-7.265946938688436774e-01
7.110000000000000320e+00,0.000000000000000000e+00,2.723017766316033691e-02,-2.723017766316033691e-02,-7.228153973328494963e-01
7.120000000000000107e+00,0.000000000000000000e+00,2.707490156388994706e-02,-2.707490156388994706e-02,-7.190217508792728918e-01
7.129999999999999893e+00,0.000000000000000000e+00,2.691905383608737476e-02,-2.691905383608737476e-02,-7.152137472786282979e-01
7.140000000000000568e+00,0.000000000000000000e+00,2.676263421918122568e-02,-2.676263421918122568e-02,-7.113913793884039105e-01
7.150000000000000355e+00,0.000000000000000000e+00,2.660564245617952350e-02,-2.660564245617952350e-02,-7.075546401532305518e-01
7.160000000000000142e+00,0.000000000000000000e+00,2.644807829367981297e-02,-2.644807829367981297e-02,-7.037035226051597814e-01
7.169999999999999929e+00,0.000000000000000000e+00,2.628994148187923166e-02,-2.628994148187923166e-02,-6.998380198638579630e-01
7.179999999999999716e+00,0.000000000000000000e+00,2.613123177458455057e-02,-2.613123177458455057e-02,-6.959581251368007759e-01
7.190000000000000391e+00,0.000000000000000000e+00,2.597194892922222859e-02,-2.597194892922222859e-02,-6.920638317195597633e-01
7.200000000000000178e+00,0.000000000000000000e+00,2.581209270684841489e-02,-2.581209270684841489e-02,-6.881551329959525454e-01
7.209999999999999964e+00,0.000000000000000000e+00,2.565166287215895485e-02,-2.565166287215895485e-02,-6.842320224383068306e-01
7.219999999999999751e+00,0.000000000000000000e+00,2.549065919349936121e-02,-2.549065919349936121e-02,-6.802944936076485982e-01
7.230000000000000426e+00,0.000000000000000000e+00,2.532908144287479568e-02,-2.532908144287479568e-02,-6.763425401539774340e-01
7.240000000000000213e+00,0.000000000000000000e+00,2.516692939595998116e-02,-2.516692939595998116e-02,-6.723761558163837693e-01
7.250000000000000000e+00,0.000000000000000000e+00,2.500420283210915209e-02,-2.500420283210915209e-02,-6.683953344233815042e-01
7.259999999999999787e+00,0.000000000000000000e+00,2.484090153436593201e-02,-2.484090153436593201e-02,-6.644000698930172533e-01
7.270000000000000462e+00,0.000000000000000000e+00,2.467702528947322491e-02,-2.467702528947322491e-02,-6.603903562331523425e-01
7.280000000000000249e+00,0.000000000000000000e+00,2.451257388788308580e-02,-2.451257388788308580e-02,-6.563661875416774150e-01
7.290000000000000036e+00,0.000000000000000000e+00,2.434754712376653585e-02,-2.434754712376653585e-02,-6.523275580066547619e-01
7.299999999999999822e+00,0.000000000000000000e+00,2.418194479502340163e-02,-2.418194479502340163e-02,-6.482744619066218572e-01
7.310000000000000497e+00,0.000000000000000000e+00,2.401576670329210253e-02,-2.401576670329210253e-02,-6.442068936107410160e-01
7.320000000000000284e+00,0.000000000000000000e+00,2.384901265395942063e-02,-2.384901265395942063e-02,-6.401248475790184411e-01
7.330000000000000071e+00,0.000000000000000000e+00,2.368168245617025686e-02,-2.368168245617025686e-02,-6.360283183625297099e-01
7.339999999999999858e+00,0.000000000000000000e+00,2.351377592283735232e-02,-2.351377592283735232e-02,-6.319173006036038487e-01
7.350000000000000533e+00,0.000000000000000000e+00,2.334529287065100975e-02,-2.334529287065100975e-02,-6.277917890360762421e-01
7.360000000000000320e+00,0.000000000000000000e+00,2.317623312008876627e-02,-2.317623312008876627e-02,-6.236517784854433977e-01
7.370000000000000107e+00,0.000000000000000000e+00,2.300659649542504195e-02,-2.300659649542504195e-02,-6.194972638690668942e-01
7.379999999999999893e+00,0.000000000000000000e+00,2.283638282474078143e-02,-2.283638282474078143e-02,-6.153282401964118575e-01
7.390000000000000568e+00,0.000000000000000000e+00,2.266559193993307117e-02,-2.266559193993307117e-02,-6.111447025692493540e-01
7.400000000000000355e+00,0.000000000000000000e+00,2.249422367672470821e-02,-2.249422367672470821e-02,-6.069466461818098235e-01
7.410000000000000142e+00,0.000000000000000000e+00,2.232227787467377933e-02,-2.232227787467377933e-02,-6.027340663210568605e-01
7.419999999999999929e+00,0.000000000000000000e+00,2.214975437718316384e-02,-2.214975437718316384e-02,-5.985069583667821380e-01
7.429999999999999716e+00,0.000000000000000000e+00,2.197665303151006069e-02,-2.197665303151006069e-02,-5.942653177919063889e-01
7.440000000000000391e+00,0.000000000000000000e+00,2.180297368877546701e-02,-2.180297368877546701e-02,-5.900091401626308407e-01
7.450000000000000178e+00,0.000000000000000000e+00,2.162871620397361500e-02,-2.162871620397361500e-02,-5.857384211386034156e-01
7.459999999999999964e+00,0.000000000000000000e+00,2.145388043598141919e-02,-2.145388043598141919e-02,-5.814531564731890700e-01
7.469999999999999751e+00,0.000000000000000000e+00,2.127846624756784058e-02,-2.127846624756784058e-02,-5.771533420135506187e-01
7.480000000000000426e+00,0.000000000000000000e+00,2.110247350540327832e-02,-2.110247350540327832e-02,-5.728389737009529359e-01
7.490000000000000213e+00,0.000000000000000000e+00,2.092590208006889566e-02,-2.092590208006889566e-02,-5.685100475708795287e-01
7.500000000000000000e+00,0.000000000000000000e+00,2.074875184606593190e-02,-2.074875184606593190e-02,-5.641665597532500298e-01
7.509999999999999787e+00,0.000000000000000000e+00,2.057102268182496585e-02,-2.057102268182496585e-02,-5.598085064725719651e-01
7.520000000000000462e+00,0.000000000000000000e+00,2.039271446971516535e-02,-2.039271446971516535e-02,-5.554358840481572468e-01
7.530000000000000249e+00,0.000000000000000000e+00,2.021382709605350561e-02,-2.021382709605350561e-02,-5.510486888943069150e-01
7.540000000000000036e+00,0.000000000000000000e+00,2.003436045111394587e-02,-2.003436045111394587e-02,-5.466469175204724529e-01
7.549999999999999822e+00,0.000000000000000000e+00,1.985431442913655406e-02,-1.985431442913655406e-02,-5.422305665313962297e-01
7.560000000000000497e+00,0.000000000000000000e+00,1.967368892833665228e-02,-1.967368892833665228e-02,-5.377996326273980499e-01
7.570000000000000284e+00,0.000000000000000000e+00,1.949248385091386510e-02,-1.949248385091386510e-02,-5.333541126044234471e-01
7.580000000000000071e+00,0.000000000000000000e+00,1.931069910306116091e-02,-1.931069910306116091e-02,-5.288940033542739450e-01
7.589999999999999858e+00,0.000000000000000000e+00,1.912833459497386909e-02,-1.912833459497386909e-02,-5.244193018647997917e-01
7.600000000000000533e+00,0.000000000000000000e+00,1.894539024085862070e-02,-1.894539024085862070e-02,-5.199300052199902211e-01
7.610000000000000320e+00,0.000000000000000000e+00,1.876186595894229273e-02,-1.876186595894229273e-02,-5.154261106002206994e-01
7.620000000000000107e+00,0.000000000000000000e+00,1.857776167148087604e-02,-1.857776167148087604e-02,-5.109076152823410766e-01
7.629999999999999893e+00,0.000000000000000000e+00,1.839307730476832589e-02,-1.839307730476832589e-02,-5.063745166398809783e-01
7.640000000000000568e+00,0.000000000000000000e+00,1.820781278914535700e-02,-1.820781278914535700e-02,-5.018268121431777029e-01
7.650000000000000355e+00,0.000000000000000000e+00,1.802196805900820042e-02,-1.802196805900820042e-02,-4.972644993595383145e-01
7.660000000000000142e+00,0.000000000000000000e+00,1.783554305281730493e-02,-1.783554305281730493e-02,-4.926875759533658750e-01
7.669999999999999929e+00,0.000000000000000000e+00,1.764853771310599673e-02,-1.764853771310599673e-02,-4.880960396863133766e-01
7.679999999999999716e+00,0.000000000000000000e+00,1.746095198648910107e-02,-1.746095198648910107e-02,-4.834898884174432809e-01
7.690000000000000391e+00,0.000000000000000000e+00,1.727278582367149096e-02,-1.727278582367149096e-02,-4.788691201033168365e-01
7.700000000000000178e+00,0.000000000000000000e+00,1.708403917945660114e-02,-1.708403917945660114e-02,-4.742337327981590578e-01
7.709999999999999964e+00,0.000000000000000000e+00,1.689471201275486931e-02,-1.689471201275486931e-02,-4.695837246539454890e-01
7.719999999999999751e+00,0.000000000000000000e+00,1.670480428659213562e-02,-1.670480428659213562e-02,-4.649190939205519180e-01
7.730000000000000426e+00,0.000000000000000000e+00,1.651431596811796937e-02,-1.651431596811796937e-02,-4.602398389458389749e-01
7.740000000000000213e+00,0.000000000000000000e+00,1.632324702861394014e-02,-1.632324702861394014e-02,-4.555459581757717591e-01
7.750000000000000000e+00,0.000000000000000000e+00,1.613159744350183347e-02,-1.613159744350183347e-02,-4.508374501545375779e-01
7.759999999999999787e+00,0.000000000000000000e+00,1.593936719235175895e-02,-1.593936719235175895e-02,-4.461143135245580482e-01
7.770000000000000462e+00,0.000000000000000000e+00,1.574655625889023053e-02,-1.574655625889023053e-02,-4.413765470266596269e-01
7.780000000000000249e+00,0.000000000000000000e+00,1.555316463100813590e-02,-1.555316463100813590e-02,-4.366241495000768302e-01
7.790000000000000036e+00,0.000000000000000000e+00,1.535919230076865198e-02,-1.535919230076865198e-02,-4.318571198825679747e-01
7.799999999999999822e+00,0.000000000000000000e+00,1.516463926441503386e-02,-1.516463926441503386e-02,-4.270754572103833135e-01
7.810000000000000497e+00,0.000000000000000000e+00,1.496950552237836379e-02,-1.496950552237836379e-02,-4.222791606184053692e-01
7.820000000000000284e+00,0.000000000000000000e+00,1.477379107928516490e-02,-1.477379107928516490e-02,-4.174682293400969191e-01
7.830000000000000071e+00,0.000000000000000000e+00,1.457749594396491773e-02,-1.457749594396491773e-02,-4.126426627075219233e-01
7.839999999999999858e+00,0.000000000000000000e+00,1.438062012945748140e-02,-1.438062012945748140e-02,-4.078024601513705605e-01
7.850000000000000533e+00,0.000000000000000000e+00,1.418316365302038293e-02,-1.418316365302038293e-02,-4.029476212009064917e-01
7.860000000000000320e+00,0.000000000000000000e+00,1.398512653613597292e-02,-1.398512653613597292e-02,-3.980781454839087408e-01
7.870000000000000107e+00,0.000000000000000000e+00,1.378650880451846514e-02,-1.378650880451846514e-02,-3.931940327266476021e-01
7.879999999999999893e+00,0.000000000000000000e+00,1.358731048812081808e-02,-1.358731048812081808e-02,-3.882952827537723972e-01
7.890000000000000568e+00,0.000000000000000000e+00,1.338753162114144669e-02,-1.338753162114144669e-02,-3.833818954881719754e-01
7.900000000000000355e+00,0.000000000000000000e+00,1.318717224203078305e-02,-1.318717224203078305e-02,-3.784538709508719068e-01
7.910000000000000142e+00,0.000000000000000000e+00,1.298623239349763064e-02,-1.298623239349763064e-02,-3.735112092608149914e-01
7.919999999999999929e+00,0.000000000000000000e+00,1.278471212251533311e-02,-1.278471212251533311e-02,-3.685539106346806260e-01
7.930000000000000604e+00,0.000000000000000000e+00,1.258261148032770345e-02,-1.258261148032770345e-02,-3.635819753865919823e-01
7.940000000000000391e+00,0.000000000000000000e+00,1.237993052245472091e-02,-1.237993052245472091e-02,-3.585954039278319572e-01
7.950000000000000178e+00,0.000000000000000000e+00,1.217666930869796410e-02,-1.217666930869796410e-02,-3.535941967664926744e-01
7.959999999999999964e+00,0.000000000000000000e+00,1.197282790314574234e-02,-1.197282790314574234e-02,-3.485783545070413325e-01
7.969999999999999751e+00,0.000000000000000000e+00,1.176840637417790950e-02,-1.176840637417790950e-02,-3.435478778498504138e-01
7.980000000000000426e+00,0.000000000000000000e+00,1.156340479447032568e-02,-1.156340479447032568e-02,-3.385027675906485678e-01
7.990000000000000213e+00,0.000000000000000000e+00,1.135782324099891133e-02,-1.135782324099891133e-02,-3.334430246198573089e-01
8.000000000000000000e+00,0.000000000000000000e+00,1.115166179504328316e-02,-1.115166179504328316e-02,-3.283686499218929633e-01
8.009999999999999787e+00,0.000000000000000000e+00,1.094492054218987494e-02,-1.094492054218987494e-02,-3.232796445742689984e-01
8.019999999999999574e+00,0.000000000000000000e+00,1.073759957233453438e-02,-1.073759957233453438e-02,-3.181760097466675430e-01
8.029999999999999361e+00,0.000000000000000000e+00,1.052969897968449899e-02,-1.052969897968449899e-02,-3.130577466998060721e-01
8.040000000000000924e+00,0.000000000000000000e+00,1.032121886275968320e-02,-1.032121886275968320e-02,-3.079248567841548212e-01
8.050000000000000711e+00,0.000000000000000000e+00,1.011215932439319190e-02,-1.011215932439319190e-02,-3.027773414384677397e-01
8.060000000000000497e+00,0.000000000000000000e+00,9.902520471730963045e-03,-9.902520471730963045e-03,-2.976152021881037224e-01
8.070000000000000284e+00,0.000000000000000000e+00,9.692302416230504786e-03,-9.692302416230504786e-03,-2.924384406432596339e-01
8.080000000000000071e+00,0.000000000000000000e+00,9.481505273658300328e-03,-9.481505273658300328e-03,-2.872470584963226492e-01
8.089999999999999858e+00,0.000000000000000000e+00,9.270129164085996742e-03,-9.270129164085996742e-03,-2.820410575194325919e-01
8.099999999999999645e+00,0.000000000000000000e+00,9.058174211885238955e-03,-9.058174211885238955e-03,-2.768204395617384073e-01
8.109999999999999432e+00,0.000000000000000000e+00,8.845640545720743000e-03,-8.845640545720743000e-03,-2.715852065458086440e-01
8.120000000000000995e+00,0.000000000000000000e+00,8.632528298541422909e-03,-8.632528298541422909e-03,-2.663353604636317651e-01
8.130000000000000782e+00,0.000000000000000000e+00,8.418837607569276335e-03,-8.418837607569276335e-03,-2.610709033719822436e-01
8.140000000000000568e+00,0.000000000000000000e+00,8.204568614285650749e-03,-8.204568614285650749e-03,-2.557918373869775275e-01
8.150000000000000355e+00,0.000000000000000000e+00,7.989721464414491214e-03,-7.989721464414491214e-03,-2.504981646777786342e-01
8.160000000000000142e+00,0.000000000000000000e+00,7.774296307902024174e-03,-7.774296307902024174e-03,-2.451898874591275646e-01
8.169999999999999929e+00,0.000000000000000000e+00,7.558292874134951364e-03,-7.558292874134951364e-03,-2.398661502414961566e-01
8.179999999999999716e+00,0.000000000000000000e+00,7.341711214141215941e-03,-7.341711214141215941e-03,-2.345275879519743145e-01
8.189999999999999503e+00,0.000000000000000000e+00,7.124551414041535233e-03,-7.124551414041535233e-03,-2.291742632617676523e-01
8.199999999999999289e+00,0.000000000000000000e+00,6.906813560365637934e-03,-6.906813560365637934e-03,-2.238061695013691121e-01
8.210000000000000853e+00,0.000000000000000000e+00,6.688497739568942391e-03,-6.688497739568942391e-03,-2.184232990347714232e-01
8.220000000000000639e+00,0.000000000000000000e+00,6.469604037798047137e-03,-6.469604037798047137e-03,-2.130256437523068147e-01
8.230000000000000426e+00,0.000000000000000000e+00,6.250132540635451595e-03,-6.250132540635451595e-03,-2.076131950240413526e-01
8.240000000000000213e+00,0.000000000000000000e+00,6.030083332818452803e-03,-6.030083332818452803e-03,-2.021859436425464951e-01
8.250000000000000000e+00,0.000000000000000000e+00,5.809456497928820740e-03,-5.809456497928820740e-03,-1.967438797582918841e-01
8.259999999999999787e+00,0.000000000000000000e+00,5.588252118049232865e-03,-5.588252118049232865e-03,-1.912869928063372083e-01
8.269999999999999574e+00,0.000000000000000000e+00,5.366470273381793686e-03,-5.366470273381793686e-03,-1.858152714229175384e-01
8.279999999999999361e+00,0.000000000000000000e+00,5.144111041823067401e-03,-5.144111041823067401e-03,-1.803287033500197145e-01
8.290000000000000924e+00,0.000000000000000000e+00,4.921174498489027348e-03,-4.921174498489027348e-03,-1.748272753257655854e-01
8.300000000000000711e+00,0.000000000000000000e+00,4.697660715181991090e-03,-4.697660715181991090e-03,-1.693109729577782496e-01
8.310000000000000497e+00,0.000000000000000000e+00,4.473569759790026190e-03,-4.473569759790026190e-03,-1.637797805761724845e-01
8.320000000000000284e+00,0.000000000000000000e+00,4.248901695607241319e-03,-4.248901695607241319e-03,-1.582336810617989142e-01
8.330000000000000071e+00,0.000000000000000000e+00,4.023656580560799542e-03,-4.023656580560799542e-03,-1.526726556443053218e-01
8.339999999999999858e+00,0.000000000000000000e+00,3.797834466327220694e-03,-3.797834466327220694e-03,-1.470966836631282804e-01
8.349999999999999645e+00,0.000000000000000000e+00,3.571435397316214625e-03,-3.571435397316214625e-03,-1.415057422823336464e-01
8.359999999999999432e+00,0.000000000000000000e+00,3.344459409494772006e-03,-3.344459409494772006e-03,-1.358998061477344477e-01
8.370000000000000995e+00,0.000000000000000000e+00,3.116906529016802169e-03,-3.116906529016802169e-03,-1.302788469707230612e-01
8.380000000000000782e+00,0.000000000000000000e+00,2.888776770613749913e-03,-2.888776770613749913e-03,-1.246428330182189348e-01
8.390000000000000568e+00,0.000000000000000000e+00,2.660070135688125288e-03,-2.660070135688125288e-03,-1.189917284805858677e-01
8.400000000000000355e+00,0.000000000000000000e+00,2.430786610033245157e-03,-2.430786610033245157e-03,-1.133254926787287120e-01
8.410000000000000142e+00,0.000000000000000000e+00,2.200926161076223291e-03,-2.200926161076223291e-03,-1.076440790558074179e-01
8.419999999999999929e+00,0.000000000000000000e+00,1.970488734503460931e-03,-1.970488734503460931e-03,-1.019474338752132669e-01
8.429999999999999716e+00,0.000000000000000000e+00,1.739474250072320675e-03,-1.739474250072320675e-03,-9.623549450978774455e-02
8.439999999999999503e+00,0.000000000000000000e+00,1.507882596328725434e-03,-1.507882596328725434e-03,-9.050818714886199601e-02
8.449999999999999289e+00,0.000000000000000000e+00,1.275713623819814315e-03,-1.275713623819814315e-03,-8.476542365378347821e-02
8.460000000000000853e+00,0.000000000000000000e+00,1.042967136180434880e-03,-1.042967136180434880e-03,-7.900709712896258896e-02
8.470000000000000639e+00,0.000000000000000000e+00,8.096428781194297750e-04,-8.096428781194297750e-04,-7.323307548359042629e-02
8.480000000000000426e+00,0.000000000000000000e+00,5.757405187107760870e-04,-5.757405187107760870e-04,-6.744319171079998787e-02
8.490000000000000213e+00,0.000000000000000000e+00,3.412596272363269579e-04,-3.412596272363269579e-04,-6.163722851346037368e-02
8.500000000000000000e+00,0.000000000000000000e+00,1.061996365043073001e-04,-1.061996365043073001e-04,-5.581489253160942798e-02
8.509999999999999787e+00,0.000000000000000000e+00,-1.294402165389343874e-04,1.294402165389343874e-04,-4.997576775828188600e-02
8.519999999999999574e+00,0.000000000000000000e+00,-3.656532751133741567e-04,3.656532751133741567e-04,-4.413481317072931454e-02
8.529999999999999361e+00,0.000000000000000000e+00,-6.024337067545263054e-04,6.024337067545263054e-04,-3.829048729330059020e-02
8.540000000000000924e+00,0.000000000000000000e+00,-8.397813869810364642e-04,8.397813869810364642e-04,-3.243137044757427034e-02
8.550000000000000711e+00,0.000000000000000000e+00,-1.077696122009128227e-03,1.077696122009128227e-03,-2.655759602068907821e-02
8.560000000000000497e+00,0.000000000000000000e+00,-1.316177653097903421e-03,1.316177653097903421e-03,-2.066929000492051527e-02
8.570000000000000284e+00,0.000000000000000000e+00,-1.555225677896720018e-03,1.555225677896720018e-03,-1.476653657894694271e-02
8.580000000000000071e+00,0.000000000000000000e+00,-1.794839863759642483e-03,1.794839863759642483e-03,-8.849393905874747279e-03
8.589999999999999858e+00,0.000000000000000000e+00,-2.035019856351059399e-03,2.035019856351059399e-03,-2.917903378070463294e-03
8.599999999999999645e+00,0.000000000000000000e+00,-2.275765285398643426e-03,2.275765285398643426e-03,3.027904792894997588e-03
8.609999999999999432e+00,0.000000000000000000e+00,-2.517075768640825162e-03,2.517075768640825162e-03,8.988008044345296987e-03
8.620000000000000995e+00,0.000000000000000000e+00,-2.758950914590065171e-03,2.758950914590065171e-03,1.496238914939163056e-02
8.630000000000000782e+00,0.000000000000000000e+00,-3.001390324496286226e-03,3.001390324496286226e-03,2.095103465651304564e-02
8.640000000000000568e+00,0.000000000000000000e+00,-3.244393593756722538e-03,3.244393593756722538e-03,2.695393381055982696e-02
8.650000000000000355e+00,0.000000000000000000e+00,-3.487960312934670383e-03,3.487960312934670383e-03,3.297107779089791801e-02
8.660000000000000142e+00,0.000000000000000000e+00,-3.732090068497142827e-03,3.732090068497142827e-03,3.900245916393463297e-02
8.669999999999999929e+00,0.000000000000000000e+00,-3.976782443347518306e-03,3.976782443347518306e-03,4.504807148372602654e-02
8.679999999999999716e+00,0.000000000000000000e+00,-4.222037017206848458e-03,4.222037017206848458e-03,5.110790899688927302e-02
8.689999999999999503e+00,0.000000000000000000e+00,-4.467853366882304847e-03,4.467853366882304847e-03,5.718196642221912152e-02
8.700000000000001066e+00,0.000000000000000000e+00,-4.714231066450763445e-03,4.714231066450763445e-03,6.327023878460669160e-02
8.710000000000000853e+00,0.000000000000000000e+00,-4.961169687378167922e-03,4.961169687378167922e-03,6.937272128895760614e-02
8.720000000000000639e+00,0.000000000000000000e+00,-5.208668798590074776e-03,5.208668798590074776e-03,7.548940922393887476e-02
8.730000000000000426e+00,0.000000000000000000e+00,-5.456727966504955687e-03,5.456727966504955687e-03,8.162029788813379705e-02
8.740000000000000213e+00,0.000000000000000000e+00,-5.705346755039085102e-03,5.705346755039085102e-03,8.776538253328380890e-02
8.750000000000000000e+00,0.000000000000000000e+00,-5.954524725589759385e-03,5.954524725589759385e-03,9.392465832058871644e-02
8.759999999999999787e+00,0.000000000000000000e+00,-6.204261437002045639e-03,6.204261437002045639e-03,1.000981202870743769e-01
8.769999999999999574e+00,0.000000000000000000e+00,-6.454556445523107304e-03,6.454556445523107304e-03,1.062857633198034391e-01
8.779999999999999361e+00,0.000000000000000000e+00,-6.705409304747257659e-03,6.705409304747257659e-03,1.124875821362035233e-01
8.790000000000000924e+00,0.000000000000000000e+00,-6.956819565554194992e-03,6.956819565554194992e-03,1.187035712691646427e-01
8.800000000000000711e+00,0.000000000000000000e+00,-7.208786776042365799e-03,7.208786776042365799e-03,1.249337250559298118e-01
8.810000000000000497e+00,0.000000000000000000e+00,-7.461310481458979967e-03,7.461310481458979967e-03,1.311780376299671591e-01
8.820000000000000284e+00,0.000000000000000000e+00,-7.714390224127872300e-03,7.714390224127872300e-03,1.374365029151841666e-01
8.830000000000000071e+00,0.000000000000000000e+00,-7.968025543376167086e-03,7.968025543376167086e-03,1.437091146220316196e-01
8.839999999999999858e+00,0.000000000000000000e+00,-8.222215975460486423e-03,8.222215975460486423e-03,1.499958662450773250e-01
8.849999999999999645e+00,0.000000000000000000e+00,-8.476961053493286061e-03,8.476961053493286061e-03,1.562967510617482292e-01
8.859999999999999432e+00,0.000000000000000000e+00,-8.732260307369794916e-03,8.732260307369794916e-03,1.626117621320369855e-01
8.870000000000000995e+00,0.000000000000000000e+00,-8.988113263695892211e-03,8.988113263695892211e-03,1.689408922988915318e-01
8.880000000000000782e+00,0.000000000000000000e+00,-9.244519445717214526e-03,9.244519445717214526e-03,1.752841341892147353e-01
8.890000000000000568e+00,0.000000000000000000e+00,-9.501478373249697476e-03,9.501478373249697476e-03,1.816414802152980235e-01
8.900000000000000355e+00,0.000000000000000000e+00,-9.758989562611711591e-03,9.758989562611711591e-03,1.880129225766076217e-01
8.910000000000000142e+00,0.000000000000000000e+00,-1.001705252655791384e-02,1.001705252655791384e-02,1.943984532618440175e-01
8.919999999999999929e+00,0.000000000000000000e+00,-1.027566709727735852e-02,1.027566709727735852e-02,2.007987164330121699e-01
8.929999999999999716e+00,0.000000000000000000e+00,-1.053483280366182724e-02,1.053483280366182724e-02,2.072131050714979827e-01
8.939999999999999503e+00,0.000000000000000000e+00,-1.079454914666788147e-02,1.079454914666788147e-02,2.136415621828343658e-01
8.950000000000001066e+00,0.000000000000000000e+00,-1.105481562163662841e-02,1.105481562163662841e-02,2.200840752814354762e-01
8.960000000000000853e+00,0.000000000000000000e+00,-1.131563171847737963e-02,1.131563171847737963e-02,2.265406321329930250e-01
8.970000000000000639e+00,0.000000000000000000e+00,-1.157699692167673058e-02,1.157699692167673058e-02,2.330112204054991532e-01
8.980000000000000426e+00,0.000000000000000000e+00,-1.183891071030587772e-02,1.183891071030587772e-02,2.394958276657818130e-01
8.990000000000000213e+00,0.000000000000000000e+00,-1.210137255802755732e-02,1.210137255802755732e-02,2.459944413787991113e-01
9.000000000000000000e+00,0.000000000000000000e+00,-1.236438193310268607e-02,1.236438193310268607e-02,2.525070489070897484e-01
9.009999999999999787e+00,0.000000000000000000e+00,-1.262793829839672401e-02,1.262793829839672401e-02,2.590336375102579303e-01
9.019999999999999574e+00,0.000000000000000000e+00,-1.289204111138577032e-02,1.289204111138577032e-02,2.655741943444735464e-01
9.029999999999999361e+00,0.000000000000000000e+00,-1.315668982416297143e-02,1.315668982416297143e-02,2.721287064631399133e-01
9.040000000000000924e+00,0.000000000000000000e+00,-1.342188388344338866e-02,1.342188388344338866e-02,2.786971608138227863e-01
9.050000000000000711e+00,0.000000000000000000e+00,-1.368762273056960306e-02,1.368762273056960306e-02,2.852795442397514925e-01
9.060000000000000497e+00,0.000000000000000000e+00,-1.395390580151716943e-02,1.395390580151716943e-02,2.918758434795390433e-01
9.070000000000000284e+00,0.000000000000000000e+00,-1.422073252689977710e-02,1.422073252689977710e-02,2.984860451666138115e-01
9.080000000000000071e+00,0.000000000000000000e+00,-1.448810233197421644e-02,1.448810233197421644e-02,3.051101358288434429e-01
9.089999999999999858e+00,0.000000000000000000e+00,-1.475601463664524306e-02,1.475601463664524306e-02,3.117481018883427879e-01
9.099999999999999645e+00,0.000000000000000000e+00,-1.502446885547027537e-02,1.502446885547027537e-02,3.183999296611476626e-01
9.109999999999999432e+00,0.000000000000000000e+00,-1.529346439766398648e-02,1.529346439766398648e-02,3.250656053570100124e-01
9.120000000000000995e+00,0.000000000000000000e+00,-1.556300066710274675e-02,1.556300066710274675e-02,3.317451150791031478e-01
9.130000000000000782e+00,0.000000000000000000e+00,-1.583307706232898668e-02,1.583307706232898668e-02,3.384384448238628718e-01
9.140000000000000568e+00,0.000000000000000000e+00,-1.610369297655541918e-02,1.610369297655541918e-02,3.451455804807063710e-01
9.150000000000000355e+00,0.000000000000000000e+00,-1.637484779766916823e-02,1.637484779766916823e-02,3.518665078318420902e-01
9.160000000000000142e+00,0.000000000000000000e+00,-1.664654090823579000e-02,1.664654090823579000e-02,3.586012125520484650e-01
9.169999999999999929e+00,0.000000000000000000e+00,-1.691877168550320193e-02,1.691877168550320193e-02,3.653496802084854611e-01
9.179999999999999716e+00,0.000000000000000000e+00,-1.719153950140553042e-02,1.719153950140553042e-02,3.721118962605211022e-01
9.189999999999999503e+00,0.000000000000000000e+00,-1.746484372256683001e-02,1.746484372256683001e-02,3.788878460594658493e-01
9.200000000000001066e+00,0.000000000000000000e+00,-1.773868371030476107e-02,1.773868371030476107e-02,3.856775148484773430e-01
9.210000000000000853e+00,0.000000000000000000e+00,-1.801305882063414937e-02,1.801305882063414937e-02,3.924808877623097714e-01
9.220000000000000639e+00,0.000000000000000000e+00,-1.828796840427047640e-02,1.828796840427047640e-02,3.992979498271616023e-01
9.230000000000000426e+00,0.000000000000000000e+00,-1.856341180663330717e-02,1.856341180663330717e-02,4.061286859605333643e-01
9.240000000000000213e+00,0.000000000000000000e+00,-1.883938836784961046e-02,1.883938836784961046e-02,4.129730809709944439e-01
9.250000000000000000e+00,0.000000000000000000e+00,-1.911589742275704093e-02,1.911589742275704093e-02,4.198311195580879396e-01
9.259999999999999787e+00,0.000000000000000000e+00,-1.939293830090712059e-02,1.939293830090712059e-02,4.267027863121082842e-01
9.269999999999999574e+00,0.000000000000000000e+00,-1.967051032656836826e-02,1.967051032656836826e-02,4.335880657139751793e-01
9.279999999999999361e+00,0.000000000000000000e+00,-1.994861281872936307e-02,1.994861281872936307e-02,4.404869421350782188e-01
9.290000000000000924e+00,0.000000000000000000e+00,-2.022724509110175595e-02,2.022724509110175595e-02,4.473993998371494918e-01
9.300000000000000711e+00,0.000000000000000000e+00,-2.050640645212319091e-02,2.050640645212319091e-02,4.543254229720562476e-01
9.310000000000000497e+00,0.000000000000000000e+00,-2.078609620496018814e-02,2.078609620496018814e-02,4.612649955816984226e-01
9.320000000000000284e+00,0.000000000000000000e+00,-2.106631364751096816e-02,2.106631364751096816e-02,4.682181015978624239e-01
9.330000000000000071e+00,0.000000000000000000e+00,-2.134705807240822734e-02,2.134705807240822734e-02,4.751847248420961178e-01
9.339999999999999858e+00,0.000000000000000000e+00,-2.162832876702184062e-02,2.162832876702184062e-02,4.821648490255318054e-01
9.349999999999999645e+00,0.000000000000000000e+00,-2.191012501346154689e-02,2.191012501346154689e-02,4.891584577488223284e-01
9.359999999999999432e+00,0.000000000000000000e+00,-2.219244608857955103e-02,2.219244608857955103e-02,4.961655345019413410e-01
9.370000000000000995e+00,0.000000000000000000e+00,-2.247529126397309826e-02,2.247529126397309826e-02,5.031860626640958234e-01
9.380000000000000782e+00,0.000000000000000000e+00,-2.275865980598699989e-02,2.275865980598699989e-02,5.102200255035962417e-01
9.390000000000000568e+00,0.000000000000000000e+00,-2.304255097571612440e-02,2.304255097571612440e-02,5.172674061777509102e-01
9.400000000000000355e+00,0.000000000000000000e+00,-2.332696402900783644e-02,2.332696402900783644e-02,5.243281877327290452e-01
9.410000000000000142e+00,0.000000000000000000e+00,-2.361189821646440465e-02,2.361189821646440465e-02,5.314023531034612891e-01
9.419999999999999929e+00,0.000000000000000000e+00,-2.389735278344535738e-02,2.389735278344535738e-02,5.384898851134992670e-01
9.429999999999999716e+00,0.000000000000000000e+00,-2.418332697006982807e-02,2.418332697006982807e-02,5.455907664749579666e-01
9.439999999999999503e+00,0.000000000000000000e+00,-2.446982001121884159e-02,2.446982001121884159e-02,5.527049797883595295e-01
9.450000000000001066e+00,0.000000000000000000e+00,-2.475683113653758677e-02,2.475683113653758677e-02,5.598325075425676367e-01
9.460000000000000853e+00,0.000000000000000000e+00,-2.504435957043764718e-02,2.504435957043764718e-02,5.669733321146650518e-01
9.470000000000000639e+00,0.000000000000000000e+00,-2.533240453209920778e-02,2.533240453209920778e-02,5.741274357698651354e-01
9.480000000000000426e+00,0.000000000000000000e+00,-2.562096523547321980e-02,2.562096523547321980e-02,5.812948006613889440e-01
9.490000000000000213e+00,0.000000000000000000e+00,-2.591004088928357263e-02,2.591004088928357263e-02,5.884754088304385844e-01
9.500000000000000000e+00,0.000000000000000000e+00,-2.619963069702921019e-02,2.619963069702921019e-02,5.956692422060453351e-01
9.509999999999999787e+00,0.000000000000000000e+00,-2.648973385698623687e-02,2.648973385698623687e-02,6.028762826050069190e-01
9.519999999999999574e+00,0.000000000000000000e+00,-2.678034956220999574e-02,2.678034956220999574e-02,6.100965117317905806e-01
9.529999999999999361e+00,0.000000000000000000e+00,-2.707147700053712594e-02,2.707147700053712594e-02,6.173299111784494864e-01
9.540000000000000924e+00,0.000000000000000000e+00,-2.736311535458761657e-02,2.736311535458761657e-02,6.245764624245727648e-01
9.550000000000000711e+00,0.000000000000000000e+00,-2.765526380176682938e-02,2.765526380176682938e-02,6.318361468371801459e-01
9.560000000000000497e+00,0.000000000000000000e+00,-2.794792151426750068e-02,2.794792151426750068e-02,6.391089456706381400e-01
9.570000000000000284e+00,0.000000000000000000e+00,-2.824108765907173274e-02,2.824108765907173274e-02,6.463948400665948668e-01
9.580000000000000071e+00,0.000000000000000000e+00,-2.853476139795298530e-02,2.853476139795298530e-02,6.536938110539367575e-01
9.589999999999999858e+00,0.000000000000000000e+00,-2.882894188747803232e-02,2.882894188747803232e-02,6.610058395486750893e-01
9.599999999999999645e+00,0.000000000000000000e+00,-2.912362827900891182e-02,2.912362827900891182e-02,6.683309063538884764e-01
9.609999999999999432e+00,0.000000000000000000e+00,-2.941881971870490345e-02,2.941881971870490345e-02,6.756689921597340831e-01
9.620000000000000995e+00,0.000000000000000000e+00,-2.971451534752442628e-02,2.971451534752442628e-02,6.830200775432431204e-01
9.630000000000000782e+00,0.000000000000000000e+00,-3.001071430122698863e-02,3.001071430122698863e-02,6.903841429683812425e-01
9.640000000000000568e+00,0.000000000000000000e+00,-3.030741571037509630e-02,3.030741571037509630e-02,6.977611687859199829e-01
9.650000000000000355e+00,0.000000000000000000e+00,-3.060461870033618498e-02,3.060461870033618498e-02,7.051511352334404181e-01
9.660000000000000142e+00,0.000000000000000000e+00,-3.090232239128452157e-02,3.090232239128452157e-02,7.125540224352273633e-01
9.669999999999999929e+00,0.000000000000000000e+00,-3.120052589820310543e-02,3.120052589820310543e-02,7.199698104022232981e-01
9.679999999999999716e+00,0.000000000000000000e+00,-3.149922833088558694e-02,3.149922833088558694e-02,7.273984790320180416e-01
9.689999999999999503e+00,0.000000000000000000e+00,-3.179842879393816185e-02,3.179842879393816185e-02,7.348400081087564928e-01
9.700000000000001066e+00,0.000000000000000000e+00,-3.209812638678147950e-02,3.209812638678147950e-02,7.422943773031209780e-01
9.710000000000000853e+00,0.000000000000000000e+00,-3.239832020365252668e-02,3.239832020365252668e-02,7.497615661722372149e-01
9.720000000000000639e+00,0.000000000000000000e+00,-3.269900933360655321e-02,3.269900933360655321e-02,7.572415541597141697e-01
9.730000000000000426e+00,0.000000000000000000e+00,-3.300019286051897316e-02,3.300019286051897316e-02,7.647343205955497991e-01
9.740000000000000213e+00,0.000000000000000000e+00,-3.330186986308724534e-02,3.330186986308724534e-02,7.722398446960450080e-01
9.750000000000000000e+00,0.000000000000000000e+00,-3.360403941483284390e-02,3.360403941483284390e-02,7.797581055639404291e-01
9.759999999999999787e+00,0.000000000000000000e+00,-3.390670058410309717e-02,3.390670058410309717e-02,7.872890821881064483e-01
9.769999999999999574e+00,0.000000000000000000e+00,-3.420985243407316523e-02,3.420985243407316523e-02,7.948327534437791275e-01
9.779999999999999361e+00,0.000000000000000000e+00,-3.451349402274794809e-02,3.451349402274794809e-02,8.023890980923749083e-01
9.790000000000000924e+00,0.000000000000000000e+00,-3.481762440296402167e-02,3.481762440296402167e-02,8.099580947815037124e-01
9.800000000000000711e+00,0.000000000000000000e+00,-3.512224262239157374e-02,3.512224262239157374e-02,8.175397220449247548e-01
9.810000000000000497e+00,0.000000000000000000e+00,-3.542734772353636069e-02,3.542734772353636069e-02,8.251339583025446567e-01
9.820000000000000284e+00,0.000000000000000000e+00,-3.573293874374165735e-02,3.573293874374165735e-02,8.327407818603599354e-01
9.830000000000000071e+00,0.000000000000000000e+00,-3.603901471519022071e-02,3.603901471519022071e-02,8.403601709104417949e-01
9.839999999999999858e+00,0.000000000000000000e+00,-3.634557466490627442e-02,3.634557466490627442e-02,8.479921035309350152e-01
9.849999999999999645e+00,0.000000000000000000e+00,-3.665261761475750030e-02,3.665261761475750030e-02,8.556365576860289757e-01
9.859999999999999432e+00,0.000000000000000000e+00,-3.696014258145702280e-02,3.696014258145702280e-02,8.632935112259014776e-01
9.870000000000000995e+00,0.000000000000000000e+00,-3.726814857656544216e-02,3.726814857656544216e-02,8.709629418867737005e-01
9.880000000000000782e+00,0.000000000000000000e+00,-3.757663460649283971e-02,3.757663460649283971e-02,8.786448272908132795e-01
9.890000000000000568e+00,0.000000000000000000e+00,-3.788559967250081789e-02,3.788559967250081789e-02,8.863391449461611726e-01
9.900000000000000355e+00,0.000000000000000000e+00,-3.819504277070456116e-02,3.819504277070456116e-02,8.940458722469326602e-01
9.910000000000000142e+00,0.000000000000000000e+00,-3.850496289207489681e-02,3.850496289207489681e-02,9.017649864731769327e-01
9.919999999999999929e+00,0.000000000000000000e+00,-3.881535902244034192e-02,3.881535902244034192e-02,9.094964647908072575e-01
9.929999999999999716e+00,0.000000000000000000e+00,-3.912623014248924752e-02,3.912623014248924752e-02,9.172402842517561883e-01
9.939999999999999503e+00,0.000000000000000000e+00,-3.943757522777188718e-02,3.943757522777188718e-02,9.249964217938244637e-01
9.950000000000001066e+00,0.000000000000000000e+00,-3.974939324870258028e-02,3.974939324870258028e-02,9.327648542407100951e-01
9.960000000000000853e+00,0.000000000000000000e+00,-4.006168317056182232e-02,4.006168317056182232e-02,9.405455583019841637e-01
9.970000000000000639e+00,0.000000000000000000e+00,-4.037444395349845672e-02,4.037444395349845672e-02,9.483385105731332310e-01
9.980000000000000426e+00,0.000000000000000000e+00,-4.068767455253186754e-02,4.068767455253186754e-02,9.561436875355653342e-01
9.990000000000000213e+00,0.000000000000000000e+00,-4.100137391755415833e-02,4.100137391755415833e-02,9.639610655565415964e-01
