t, theta_ref, theta, error, pid_out
0.000000000000000000e+00,0.000000000000000000e+00,3.490658503988659095e-02,-3.490658503988659095e-02,-6.979477597178463943e-01
1.000000000000000021e-02,0.000000000000000000e+00,3.490747852814955060e-02,-3.490747852814955060e-02,-7.003244281812625038e-01
2.000000000000000042e-02,0.000000000000000000e+00,3.490994320363358799e-02,-3.490994320363358799e-02,-7.040818770016169514e-01
2.999999999999999889e-02,0.000000000000000000e+00,3.491394966883364787e-02,-3.491394966883364787e-02,-7.078116617668840371e-01
4.000000000000000083e-02,0.000000000000000000e+00,3.491946320037477014e-02,-3.491946320037477014e-02,-7.115025095906399866e-01
5.000000000000000278e-02,0.000000000000000000e+00,3.492644960478571287e-02,-3.492644960478571287e-02,-7.151548168946186834e-01
5.999999999999999778e-02,0.000000000000000000e+00,3.493487526074100930e-02,-3.493487526074100930e-02,-7.187690750796403849e-01
7.000000000000000666e-02,0.000000000000000000e+00,3.494470711786034495e-02,-3.494470711786034495e-02,-7.223457840134359653e-01
8.000000000000000167e-02,0.000000000000000000e+00,3.495591269885639507e-02,-3.495591269885639507e-02,-7.258854587501150091e-01
8.999999999999999667e-02,0.000000000000000000e+00,3.496846010303838320e-02,-3.496846010303838320e-02,-7.293886323090804646e-01
1.000000000000000056e-01,0.000000000000000000e+00,3.498231800945544173e-02,-3.498231800945544173e-02,-7.328558550302758379e-01
1.100000000000000006e-01,0.000000000000000000e+00,3.499745567870904406e-02,-3.499745567870904406e-02,-7.362876919700740430e-01
1.199999999999999956e-01,0.000000000000000000e+00,3.501384295304164895e-02,-3.501384295304164895e-02,-7.396847194805171721e-01
1.300000000000000044e-01,0.000000000000000000e+00,3.503144859913282644e-02,-3.503144859913282644e-02,-7.430441922884688521e-01
1.400000000000000133e-01,0.000000000000000000e+00,3.505023025410344134e-02,-3.505023025410344134e-02,-7.463431238008871871e-01
1.499999999999999944e-01,0.000000000000000000e+00,3.507016067931378184e-02,-3.507016067931378184e-02,-7.496111024304460413e-01
1.600000000000000033e-01,0.000000000000000000e+00,3.509121331944875521e-02,-3.509121331944875521e-02,-7.528489768430891571e-01
1.700000000000000122e-01,0.000000000000000000e+00,3.511336216748527778e-02,-3.511336216748527778e-02,-7.560573373664524199e-01
1.799999999999999933e-01,0.000000000000000000e+00,3.513658174050157679e-02,-3.513658174050157679e-02,-7.592367362099425865e-01
1.900000000000000022e-01,0.000000000000000000e+00,3.516084706013497541e-02,-3.516084706013497541e-02,-7.623876963381834848e-01
2.000000000000000111e-01,0.000000000000000000e+00,3.518613363607060729e-02,-3.518613363607060729e-02,-7.655107171840691560e-01
2.099999999999999922e-01,0.000000000000000000e+00,3.521241745189226946e-02,-3.521241745189226946e-02,-7.686062790771586162e-01
2.200000000000000011e-01,0.000000000000000000e+00,3.523967495277631479e-02,-3.523967495277631479e-02,-7.716748466751212066e-01
2.300000000000000100e-01,0.000000000000000000e+00,3.526788303462442126e-02,-3.526788303462442126e-02,-7.747168716190301341e-01
2.399999999999999911e-01,0.000000000000000000e+00,3.529701903432094084e-02,-3.529701903432094084e-02,-7.777327945851698621e-01
2.500000000000000000e-01,0.000000000000000000e+00,3.532706072087050259e-02,-3.532706072087050259e-02,-7.807230468678129087e-01
2.600000000000000089e-01,0.000000000000000000e+00,3.535798628722624376e-02,-3.535798628722624376e-02,-7.836880515980977346e-01
2.700000000000000178e-01,0.000000000000000000e+00,3.538977434266100258e-02,-3.538977434266100258e-02,-7.866282246796131306e-01
2.800000000000000266e-01,0.000000000000000000e+00,3.542239093704893649e-02,-3.542239093704893649e-02,-7.895178948989274303e-01
2.899999999999999800e-01,0.000000000000000000e+00,3.545581170781541419e-02,-3.545581170781541419e-02,-7.923756784369974104e-01
2.999999999999999889e-01,0.000000000000000000e+00,3.549001642517791294e-02,-3.549001642517791294e-02,-7.952094128648858895e-01
3.099999999999999978e-01,0.000000000000000000e+00,3.552498530494621609e-02,-3.552498530494621609e-02,-7.980196028325360347e-01
3.200000000000000067e-01,0.000000000000000000e+00,3.556069897923935103e-02,-3.556069897923935103e-02,-8.008067026804668309e-01
3.300000000000000155e-01,0.000000000000000000e+00,3.559713848722731444e-02,-3.559713848722731444e-02,-8.035711561324422325e-01
3.400000000000000244e-01,0.000000000000000000e+00,3.563428526619779463e-02,-3.563428526619779463e-02,-8.063133967707082350e-01
3.500000000000000333e-01,0.000000000000000000e+00,3.567212114283181690e-02,-3.567212114283181690e-02,-8.090338482841457068e-01
3.599999999999999867e-01,0.000000000000000000e+00,3.571062832468031856e-02,-3.571062832468031856e-02,-8.117329247043806317e-01
3.699999999999999956e-01,0.000000000000000000e+00,3.574978939183492965e-02,-3.574978939183492965e-02,-8.144110306322489556e-01
3.800000000000000044e-01,0.000000000000000000e+00,3.578958728878674223e-02,-3.578958728878674223e-02,-8.170685614555015519e-01
3.900000000000000133e-01,0.000000000000000000e+00,3.583000531646758635e-02,-3.583000531646758635e-02,-8.197059035591088838e-01
4.000000000000000222e-01,0.000000000000000000e+00,3.587102712446842145e-02,-3.587102712446842145e-02,-8.223234345282416369e-01
4.100000000000000311e-01,0.000000000000000000e+00,3.591263670343013831e-02,-3.591263670343013831e-02,-8.249215233451996365e-01
4.199999999999999845e-01,0.000000000000000000e+00,3.595481837760210880e-02,-3.595481837760210880e-02,-8.275005305802860534e-01
4.299999999999999933e-01,0.000000000000000000e+00,3.599755679756422300e-02,-3.599755679756422300e-02,-8.300608085773429901e-01
4.400000000000000022e-01,0.000000000000000000e+00,3.604083693310830561e-02,-3.604083693310830561e-02,-8.326027016341744913e-01
4.500000000000000111e-01,0.000000000000000000e+00,3.608464406627503313e-02,-3.608464406627503313e-02,-8.351265461782371169e-01
4.600000000000000200e-01,0.000000000000000000e+00,3.612896378454261842e-02,-3.612896378454261842e-02,-8.376326709378167923e-01
4.700000000000000289e-01,0.000000000000000000e+00,3.617378197416376562e-02,-3.617378197416376562e-02,-8.401213971090931709e-01
4.799999999999999822e-01,0.000000000000000000e+00,3.621908481364732174e-02,-3.621908481364732174e-02,-8.425930385188730165e-01
4.899999999999999911e-01,0.000000000000000000e+00,3.626485876738144709e-02,-3.626485876738144709e-02,-8.450479017837146944e-01
5.000000000000000000e-01,0.000000000000000000e+00,3.631109057939505003e-02,-3.631109057939505003e-02,-8.474862864652344951e-01
5.100000000000000089e-01,0.000000000000000000e+00,3.635776726725440527e-02,-3.635776726725440527e-02,-8.499084852218755648e-01
5.200000000000000178e-01,0.000000000000000000e+00,3.640487611609191654e-02,-3.640487611609191654e-02,-8.523147839571685314e-01
5.300000000000000266e-01,0.000000000000000000e+00,3.645240467276408131e-02,-3.645240467276408131e-02,-8.547054619646156093e-01
5.400000000000000355e-01,0.000000000000000000e+00,3.650034074013598639e-02,-3.650034074013598639e-02,-8.570807920696925652e-01
5.500000000000000444e-01,0.000000000000000000e+00,3.654867237148928805e-02,-3.654867237148928805e-02,-8.594410407681547515e-01
5.600000000000000533e-01,0.000000000000000000e+00,3.659738786505128266e-02,-3.659738786505128266e-02,-8.617864683619091970e-01
5.700000000000000622e-01,0.000000000000000000e+00,3.664647575864216078e-02,-3.664647575864216078e-02,-8.641173290913671812e-01
5.799999999999999600e-01,0.000000000000000000e+00,3.669592482443811976e-02,-3.669592482443811976e-02,-8.664338712653981700e-01
5.899999999999999689e-01,0.000000000000000000e+00,3.674572406384765677e-02,-3.674572406384765677e-02,-8.687363373881247242e-01
5.999999999999999778e-01,0.000000000000000000e+00,3.679586270249872448e-02,-3.679586270249872448e-02,-8.710249642832370576e-01
6.099999999999999867e-01,0.000000000000000000e+00,3.684633018533419596e-02,-3.684633018533419596e-02,-8.732999832153028885e-01
6.199999999999999956e-01,0.000000000000000000e+00,3.689711617181350156e-02,-3.689711617181350156e-02,-8.755616200088660595e-01
6.300000000000000044e-01,0.000000000000000000e+00,3.694821053121798843e-02,-3.694821053121798843e-02,-8.778100951646601313e-01
6.400000000000000133e-01,0.000000000000000000e+00,3.699960333805785151e-02,-3.699960333805785151e-02,-8.800456239734939512e-01
6.500000000000000222e-01,0.000000000000000000e+00,3.705128486757838790e-02,-3.705128486757838790e-02,-8.822684166275683859e-01
6.600000000000000311e-01,0.000000000000000000e+00,3.710324559136345124e-02,-3.710324559136345124e-02,-8.844786783294367183e-01
6.700000000000000400e-01,0.000000000000000000e+00,3.715547617303409378e-02,-3.715547617303409378e-02,-8.866766093987863417e-01
6.800000000000000488e-01,0.000000000000000000e+00,3.720796746404014810e-02,-3.720796746404014810e-02,-8.888624053765327160e-01
6.900000000000000577e-01,0.000000000000000000e+00,3.726071049954295111e-02,-3.726071049954295111e-02,-8.910362571270864507e-01
7.000000000000000666e-01,0.000000000000000000e+00,3.731369649438707331e-02,-3.731369649438707331e-02,-8.931983509380763131e-01
7.099999999999999645e-01,0.000000000000000000e+00,3.736691683915924905e-02,-3.736691683915924905e-02,-8.953488686181582112e-01
7.199999999999999734e-01,0.000000000000000000e+00,3.742036309633248875e-02,-3.742036309633248875e-02,-8.974879875924387518e-01
7.299999999999999822e-01,0.000000000000000000e+00,3.747402699649367286e-02,-3.747402699649367286e-02,-8.996158809961223302e-01
7.399999999999999911e-01,0.000000000000000000e+00,3.752790043465274727e-02,-3.752790043465274727e-02,-9.017327177659806292e-01
7.500000000000000000e-01,0.000000000000000000e+00,3.758197546663170213e-02,-3.758197546663170213e-02,-9.038386627297368969e-01
7.600000000000000089e-01,0.000000000000000000e+00,3.763624430553164785e-02,-3.763624430553164785e-02,-9.059338766935952636e-01
7.700000000000000178e-01,0.000000000000000000e+00,3.769069931827635778e-02,-3.769069931827635778e-02,-9.080185165279930359e-01
7.800000000000000266e-01,0.000000000000000000e+00,3.774533302223050807e-02,-3.774533302223050807e-02,-9.100927352512653279e-01
7.900000000000000355e-01,0.000000000000000000e+00,3.780013808189100488e-02,-3.780013808189100488e-02,-9.121566821115115742e-01
8.000000000000000444e-01,0.000000000000000000e+00,3.785510730564990711e-02,-3.785510730564990711e-02,-9.142105026668662093e-01
8.100000000000000533e-01,0.000000000000000000e+00,3.791023364262732093e-02,-3.791023364262732093e-02,-9.162543388638821895e-01
8.200000000000000622e-01,0.000000000000000000e+00,3.796551017957267710e-02,-3.796551017957267710e-02,-9.182883291140668813e-01
8.300000000000000711e-01,0.000000000000000000e+00,3.802093013783310743e-02,-3.802093013783310743e-02,-9.203126083691498538e-01
8.399999999999999689e-01,0.000000000000000000e+00,3.807648687038722723e-02,-3.807648687038722723e-02,-9.223273081942390261e-01
8.499999999999999778e-01,0.000000000000000000e+00,3.813217385894311640e-02,-3.813217385894311640e-02,-9.243325568398057523e-01
8.599999999999999867e-01,0.000000000000000000e+00,3.818798471109893788e-02,-3.818798471109893788e-02,-9.263284793117664284e-01
8.699999999999999956e-01,0.000000000000000000e+00,3.824391315756497239e-02,-3.824391315756497239e-02,-9.283151974403131002e-01
8.800000000000000044e-01,0.000000000000000000e+00,3.829995304944566747e-02,-3.829995304944566747e-02,-9.302928299471071583e-01
8.900000000000000133e-01,0.000000000000000000e+00,3.835609835558042441e-02,-3.835609835558042441e-02,-9.322614925110598305e-01
9.000000000000000222e-01,0.000000000000000000e+00,3.841234315994189463e-02,-3.841234315994189463e-02,-9.342212978327735229e-01
9.100000000000000311e-01,0.000000000000000000e+00,3.846868165909045345e-02,-3.846868165909045345e-02,-9.361723556974101967e-01
9.200000000000000400e-01,0.000000000000000000e+00,3.852510815968378244e-02,-3.852510815968378244e-02,-9.381147730364921555e-01
9.300000000000000488e-01,0.000000000000000000e+00,3.858161707604023521e-02,-3.858161707604023521e-02,-9.400486539880971160e-01
9.400000000000000577e-01,0.000000000000000000e+00,3.863820292775497350e-02,-3.863820292775497350e-02,-9.419740999560516359e-01
9.500000000000000666e-01,0.000000000000000000e+00,3.869486033736762448e-02,-3.869486033736762448e-02,-9.438912096676285168e-01
9.599999999999999645e-01,0.000000000000000000e+00,3.875158402808041858e-02,-3.875158402808041858e-02,-9.458000792301410886e-01
9.699999999999999734e-01,0.000000000000000000e+00,3.880836882152575995e-02,-3.880836882152575995e-02,-9.477008021864027354e-01
9.799999999999999822e-01,0.000000000000000000e+00,3.886520963558210556e-02,-3.886520963558210556e-02,-9.495934695688780236e-01
9.899999999999999911e-01,0.000000000000000000e+00,3.892210148223718830e-02,-3.892210148223718830e-02,-9.514781699528210845e-01
1.000000000000000000e+00,0.000000000000000000e+00,3.897903946549756415e-02,-3.897903946549756415e-02,-9.533549895082765735e-01
1.010000000000000009e+00,0.000000000000000000e+00,3.903601877934343573e-02,-3.903601877934343573e-02,-9.552240120508634913e-01
1.020000000000000018e+00,0.000000000000000000e+00,3.909303470572796091e-02,-3.909303470572796091e-02,-9.570853190918400255e-01
1.030000000000000027e+00,0.000000000000000000e+00,3.915008261261987421e-02,-3.915008261261987421e-02,-9.589389898866661488e-01
1.040000000000000036e+00,0.000000000000000000e+00,3.920715795208873367e-02,-3.920715795208873367e-02,-9.607851014830179892e-01
1.050000000000000044e+00,0.000000000000000000e+00,3.926425625843173173e-02,-3.926425625843173173e-02,-9.626237287674876963e-01
1.060000000000000053e+00,0.000000000000000000e+00,3.932137314634124442e-02,-3.932137314634124442e-02,-9.644549445114239949e-01
1.070000000000000062e+00,0.000000000000000000e+00,3.937850430911231381e-02,-3.937850430911231381e-02,-9.662788194159352972e-01
1.080000000000000071e+00,0.000000000000000000e+00,3.943564551688911318e-02,-3.943564551688911318e-02,-9.680954221557526163e-01
1.090000000000000080e+00,0.000000000000000000e+00,3.949279261494971494e-02,-3.949279261494971494e-02,-9.699048194224730857e-01
1.100000000000000089e+00,0.000000000000000000e+00,3.954994152202816887e-02,-3.954994152202816887e-02,-9.717070759665473734e-01
1.110000000000000098e+00,0.000000000000000000e+00,3.960708822867330114e-02,-3.960708822867330114e-02,-9.735022546387970266e-01
1.120000000000000107e+00,0.000000000000000000e+00,3.966422879564333176e-02,-3.966422879564333176e-02,-9.752904164308255908e-01
1.130000000000000115e+00,0.000000000000000000e+00,3.972135935233560289e-02,-3.972135935233560289e-02,-9.770716205146966482e-01
1.140000000000000124e+00,0.000000000000000000e+00,3.977847609525062694e-02,-3.977847609525062694e-02,-9.788459242816955896e-01
1.150000000000000133e+00,0.000000000000000000e+00,3.983557528648982299e-02,-3.983557528648982299e-02,-9.806133833804834277e-01
1.159999999999999920e+00,0.000000000000000000e+00,3.989265325228617820e-02,-3.989265325228617820e-02,-9.823740517543627648e-01
1.169999999999999929e+00,0.000000000000000000e+00,3.994970638156707110e-02,-3.994970638156707110e-02,-9.841279816776444811e-01
1.179999999999999938e+00,0.000000000000000000e+00,4.000673112454871533e-02,-4.000673112454871533e-02,-9.858752237915443528e-01
1.189999999999999947e+00,0.000000000000000000e+00,4.006372399136145374e-02,-4.006372399136145374e-02,-9.876158271391383137e-01
1.199999999999999956e+00,0.000000000000000000e+00,4.012068155070525055e-02,-4.012068155070525055e-02,-9.893498391996027319e-01
1.209999999999999964e+00,0.000000000000000000e+00,4.017760042853483343e-02,-4.017760042853483343e-02,-9.910773059219311065e-01
1.219999999999999973e+00,0.000000000000000000e+00,4.023447730677370132e-02,-4.023447730677370132e-02,-9.927982717576463445e-01
1.229999999999999982e+00,0.000000000000000000e+00,4.029130892205656789e-02,-4.029130892205656789e-02,-9.945127796932037301e-01
1.239999999999999991e+00,0.000000000000000000e+00,4.034809206449945646e-02,-4.034809206449945646e-02,-9.962208712813636069e-01
1.250000000000000000e+00,0.000000000000000000e+00,4.040482357649699541e-02,-4.040482357649699541e-02,-9.979225866721905813e-01
1.260000000000000009e+00,0.000000000000000000e+00,4.046150035154623403e-02,-4.046150035154623403e-02,-9.996179646432082899e-01
1.270000000000000018e+00,0.000000000000000000e+00,4.051811933309650698e-02,-4.051811933309650698e-02,-1.001307042629116850e+00
1.280000000000000027e+00,0.000000000000000000e+00,4.057467751342466733e-02,-4.057467751342466733e-02,-1.002989856750643227e+00
1.290000000000000036e+00,0.000000000000000000e+00,4.063117193253529963e-02,-4.063117193253529963e-02,-1.004666441843100166e+00
1.300000000000000044e+00,0.000000000000000000e+00,4.068759967708521219e-02,-4.068759967708521219e-02,-1.006336831484015537e+00
1.310000000000000053e+00,0.000000000000000000e+00,4.074395787933181995e-02,-4.074395787933181995e-02,-1.008001058020449037e+00
1.320000000000000062e+00,0.000000000000000000e+00,4.080024371610482814e-02,-4.080024371610482814e-02,-1.009659152595582032e+00
1.330000000000000071e+00,0.000000000000000000e+00,4.085645440780075188e-02,-4.085645440780075188e-02,-1.011311145174821124e+00
1.340000000000000080e+00,0.000000000000000000e+00,4.091258721739971654e-02,-4.091258721739971654e-02,-1.012957064571227139e+00
1.350000000000000089e+00,0.000000000000000000e+00,4.096863944950416420e-02,-4.096863944950416420e-02,-1.014596938470617049e+00
1.360000000000000098e+00,0.000000000000000000e+00,4.102460844939889023e-02,-4.102460844939889023e-02,-1.016230793455930925e+00
1.370000000000000107e+00,0.000000000000000000e+00,4.108049160213200074e-02,-4.108049160213200074e-02,-1.017858655031187887e+00
1.380000000000000115e+00,0.000000000000000000e+00,4.113628633161635351e-02,-4.113628633161635351e-02,-1.019480547644962654e+00
1.390000000000000124e+00,0.000000000000000000e+00,4.119199009975093445e-02,-4.119199009975093445e-02,-1.021096494713157998e+00
1.400000000000000133e+00,0.000000000000000000e+00,4.124760040556188501e-02,-4.124760040556188501e-02,-1.022706518641586015e+00
1.409999999999999920e+00,0.000000000000000000e+00,4.130311478436266004e-02,-4.130311478436266004e-02,-1.024310640847883258e+00
1.419999999999999929e+00,0.000000000000000000e+00,4.135853080693289996e-02,-4.135853080693289996e-02,-1.025908881782956694e+00
1.429999999999999938e+00,0.000000000000000000e+00,4.141384607871559376e-02,-4.141384607871559376e-02,-1.027501260951938722e+00
1.439999999999999947e+00,0.000000000000000000e+00,4.146905823903226235e-02,-4.146905823903226235e-02,-1.029087796934950783e+00
1.449999999999999956e+00,0.000000000000000000e+00,4.152416496031558629e-02,-4.152416496031558629e-02,-1.030668507407055401e+00
1.459999999999999964e+00,0.000000000000000000e+00,4.157916394735920035e-02,-4.157916394735920035e-02,-1.032243409157986180e+00
1.469999999999999973e+00,0.000000000000000000e+00,4.163405293658427320e-02,-4.163405293658427320e-02,-1.033812518111442813e+00
1.479999999999999982e+00,0.000000000000000000e+00,4.168882969532249072e-02,-4.168882969532249072e-02,-1.035375849343938892e+00
1.489999999999999991e+00,0.000000000000000000e+00,4.174349202111505425e-02,-4.174349202111505425e-02,-1.036933417103186983e+00
1.500000000000000000e+00,0.000000000000000000e+00,4.179803774102739539e-02,-4.179803774102739539e-02,-1.038485234826190595e+00
1.510000000000000009e+00,0.000000000000000000e+00,4.185246471097924664e-02,-4.185246471097924664e-02,-1.040031315156914715e+00
1.520000000000000018e+00,0.000000000000000000e+00,4.190677081508969309e-02,-4.190677081508969309e-02,-1.041571669963497371e+00
1.530000000000000027e+00,0.000000000000000000e+00,4.196095396503690678e-02,-4.196095396503690678e-02,-1.043106310355151445e+00
1.540000000000000036e+00,0.000000000000000000e+00,4.201501209943224457e-02,-4.201501209943224457e-02,-1.044635246698704778e+00
1.550000000000000044e+00,0.000000000000000000e+00,4.206894318320839737e-02,-4.206894318320839737e-02,-1.046158488634792771e+00
1.560000000000000053e+00,0.000000000000000000e+00,4.212274520702122271e-02,-4.212274520702122271e-02,-1.047676045093579145e+00
1.570000000000000062e+00,0.000000000000000000e+00,4.217641618666504583e-02,-4.217641618666504583e-02,-1.049187924310309494e+00
1.580000000000000071e+00,0.000000000000000000e+00,4.222995416250106826e-02,-4.222995416250106826e-02,-1.050694133840397448e+00
1.590000000000000080e+00,0.000000000000000000e+00,4.228335719889865507e-02,-4.228335719889865507e-02,-1.052194680574303876e+00
1.600000000000000089e+00,0.000000000000000000e+00,4.233662338368907041e-02,-4.233662338368907041e-02,-1.053689570751800142e+00
1.610000000000000098e+00,0.000000000000000000e+00,4.238975082763165453e-02,-4.238975082763165453e-02,-1.055178809976454080e+00
1.620000000000000107e+00,0.000000000000000000e+00,4.244273766389184549e-02,-4.244273766389184549e-02,-1.056662403229158942e+00
1.630000000000000115e+00,0.000000000000000000e+00,4.249558204753103169e-02,-4.249558204753103169e-02,-1.058140354881861089e+00
1.640000000000000124e+00,0.000000000000000000e+00,4.254828215500788824e-02,-4.254828215500788824e-02,-1.059612668710818051e+00
1.650000000000000133e+00,0.000000000000000000e+00,4.260083618369087805e-02,-4.260083618369087805e-02,-1.061079347909436699e+00
1.660000000000000142e+00,0.000000000000000000e+00,4.265324235138179265e-02,-4.265324235138179265e-02,-1.062540395101074342e+00
1.669999999999999929e+00,0.000000000000000000e+00,4.270549889584999287e-02,-4.270549889584999287e-02,-1.063995812351370196e+00
1.679999999999999938e+00,0.000000000000000000e+00,4.275760407437716182e-02,-4.275760407437716182e-02,-1.065445601180404545e+00
1.689999999999999947e+00,0.000000000000000000e+00,4.280955616331228591e-02,-4.280955616331228591e-02,-1.066889762574490419e+00
1.699999999999999956e+00,0.000000000000000000e+00,4.286135345763673887e-02,-4.286135345763673887e-02,-1.068328296997909765e+00
1.709999999999999964e+00,0.000000000000000000e+00,4.291299427053910098e-02,-4.291299427053910098e-02,-1.069761204404104937e+00
1.719999999999999973e+00,0.000000000000000000e+00,4.296447693299963733e-02,-4.296447693299963733e-02,-1.071188484246904382e+00
1.729999999999999982e+00,0.000000000000000000e+00,4.301579979338411575e-02,-4.301579979338411575e-02,-1.072610135491294470e+00
1.739999999999999991e+00,0.000000000000000000e+00,4.306696121704683966e-02,-4.306696121704683966e-02,-1.074026156624115824e+00
1.750000000000000000e+00,0.000000000000000000e+00,4.311795958594256961e-02,-4.311795958594256961e-02,-1.075436545664286481e+00
1.760000000000000009e+00,0.000000000000000000e+00,4.316879329824736822e-02,-4.316879329824736822e-02,-1.076841300173262184e+00
1.770000000000000018e+00,0.000000000000000000e+00,4.321946076798781344e-02,-4.321946076798781344e-02,-1.078240417264554996e+00
1.780000000000000027e+00,0.000000000000000000e+00,4.326996042467880221e-02,-4.326996042467880221e-02,-1.079633893613857865e+00
1.790000000000000036e+00,0.000000000000000000e+00,4.332029071296941702e-02,-4.332029071296941702e-02,-1.081021725468275463e+00
1.800000000000000044e+00,0.000000000000000000e+00,4.337045009229684167e-02,-4.337045009229684167e-02,-1.082403908655681812e+00
1.810000000000000053e+00,0.000000000000000000e+00,4.342043703654818732e-02,-4.342043703654818732e-02,-1.083780438593955120e+00
1.820000000000000062e+00,0.000000000000000000e+00,4.347025003372986113e-02,-4.347025003372986113e-02,-1.085151310299623306e+00
1.830000000000000071e+00,0.000000000000000000e+00,4.351988758564452608e-02,-4.351988758564452608e-02,-1.086516518396756004e+00
1.840000000000000080e+00,0.000000000000000000e+00,4.356934820757535354e-02,-4.356934820757535354e-02,-1.087876057125398699e+00
1.850000000000000089e+00,0.000000000000000000e+00,4.361863042797745060e-02,-4.361863042797745060e-02,-1.089229920349913616e+00
1.860000000000000098e+00,0.000000000000000000e+00,4.366773278817627502e-02,-4.366773278817627502e-02,-1.090578101567081681e+00
1.870000000000000107e+00,0.000000000000000000e+00,4.371665384207291255e-02,-4.371665384207291255e-02,-1.091920593914085025e+00
1.880000000000000115e+00,0.000000000000000000e+00,4.376539215585605741e-02,-4.376539215585605741e-02,-1.093257390176305632e+00
1.890000000000000124e+00,0.000000000000000000e+00,4.381394630772054294e-02,-4.381394630772054294e-02,-1.094588482794942363e+00
1.900000000000000133e+00,0.000000000000000000e+00,4.386231488759226999e-02,-4.386231488759226999e-02,-1.095913863874448335e+00
1.910000000000000142e+00,0.000000000000000000e+00,4.391049649685939416e-02,-4.391049649685939416e-02,-1.097233525189814207e+00
1.919999999999999929e+00,0.000000000000000000e+00,4.395848974810961929e-02,-4.395848974810961929e-02,-1.098547458193662063e+00
1.929999999999999938e+00,0.000000000000000000e+00,4.400629326487352777e-02,-4.400629326487352777e-02,-1.099855654023320417e+00
1.939999999999999947e+00,0.000000000000000000e+00,4.405390568137372564e-02,-4.405390568137372564e-02,-1.101158103507567931e+00
1.949999999999999956e+00,0.000000000000000000e+00,4.410132564227969842e-02,-4.410132564227969842e-02,-1.102454797173278989e+00
1.959999999999999964e+00,0.000000000000000000e+00,4.414855180246830824e-02,-4.414855180246830824e-02,-1.103745725252041510e+00
1.969999999999999973e+00,0.000000000000000000e+00,4.419558282678970329e-02,-4.419558282678970329e-02,-1.105030877686421720e+00
1.979999999999999982e+00,0.000000000000000000e+00,4.424241738983865357e-02,-4.424241738983865357e-02,-1.106310244136362364e+00
1.989999999999999991e+00,0.000000000000000000e+00,4.428905417573102826e-02,-4.428905417573102826e-02,-1.107583813985112187e+00
2.000000000000000000e+00,0.000000000000000000e+00,4.433549187788545648e-02,-4.433549187788545648e-02,-1.108851576345339263e+00
2.010000000000000231e+00,0.000000000000000000e+00,4.438172919880999101e-02,-4.438172919880999101e-02,-1.110113520064981651e+00
2.020000000000000018e+00,0.000000000000000000e+00,4.442776484989358066e-02,-4.442776484989358066e-02,-1.111369633732802065e+00
2.030000000000000249e+00,0.000000000000000000e+00,4.447359755120242758e-02,-4.447359755120242758e-02,-1.112619905684190780e+00
2.040000000000000036e+00,0.000000000000000000e+00,4.451922603128096595e-02,-4.451922603128096595e-02,-1.113864324006531570e+00
2.049999999999999822e+00,0.000000000000000000e+00,4.456464902695740637e-02,-4.456464902695740637e-02,-1.115102876544546096e+00
2.060000000000000053e+00,0.000000000000000000e+00,4.460986528315375593e-02,-4.460986528315375593e-02,-1.116335550905542595e+00
2.069999999999999840e+00,0.000000000000000000e+00,4.465487355270024439e-02,-4.465487355270024439e-02,-1.117562334464613505e+00
2.080000000000000071e+00,0.000000000000000000e+00,4.469967259615396232e-02,-4.469967259615396232e-02,-1.118783214369528212e+00
2.089999999999999858e+00,0.000000000000000000e+00,4.474426118162173893e-02,-4.474426118162173893e-02,-1.119998177545758589e+00
2.100000000000000089e+00,0.000000000000000000e+00,4.478863808458706519e-02,-4.478863808458706519e-02,-1.121207210701200996e+00
2.109999999999999876e+00,0.000000000000000000e+00,4.483280208774100689e-02,-4.483280208774100689e-02,-1.122410300330860533e+00
2.120000000000000107e+00,0.000000000000000000e+00,4.487675198081706590e-02,-4.487675198081706590e-02,-1.123607432721530852e+00
2.129999999999999893e+00,0.000000000000000000e+00,4.492048656042983007e-02,-4.492048656042983007e-02,-1.124798593956228165e+00
2.140000000000000124e+00,0.000000000000000000e+00,4.496400462991735625e-02,-4.496400462991735625e-02,-1.125983769918586397e+00
2.149999999999999911e+00,0.000000000000000000e+00,4.500730499918721011e-02,-4.500730499918721011e-02,-1.127162946297173063e+00
2.160000000000000142e+00,0.000000000000000000e+00,4.505038648456611422e-02,-4.505038648456611422e-02,-1.128336108589774067e+00
2.169999999999999929e+00,0.000000000000000000e+00,4.509324790865300997e-02,-4.509324790865300997e-02,-1.129503242107362526e+00
2.180000000000000160e+00,0.000000000000000000e+00,4.513588810017556824e-02,-4.513588810017556824e-02,-1.130664331978197268e+00
2.189999999999999947e+00,0.000000000000000000e+00,4.517830589385010004e-02,-4.517830589385010004e-02,-1.131819363151896241e+00
2.200000000000000178e+00,0.000000000000000000e+00,4.522050013024462439e-02,-4.522050013024462439e-02,-1.132968320403082707e+00
2.209999999999999964e+00,0.000000000000000000e+00,4.526246965564521829e-02,-4.526246965564521829e-02,-1.134111188335344300e+00
2.220000000000000195e+00,0.000000000000000000e+00,4.530421332192542672e-02,-4.530421332192542672e-02,-1.135247951384813048e+00
2.229999999999999982e+00,0.000000000000000000e+00,4.534572998641876740e-02,-4.534572998641876740e-02,-1.136378593823865746e+00
2.240000000000000213e+00,0.000000000000000000e+00,4.538701851179418462e-02,-4.538701851179418462e-02,-1.137503099764601178e+00
2.250000000000000000e+00,0.000000000000000000e+00,4.542807776593443814e-02,-4.542807776593443814e-02,-1.138621453162337316e+00
2.260000000000000231e+00,0.000000000000000000e+00,4.546890662181735793e-02,-4.546890662181735793e-02,-1.139733637819032808e+00
2.270000000000000018e+00,0.000000000000000000e+00,4.550950395739984666e-02,-4.550950395739984666e-02,-1.140839637386520611e+00
2.280000000000000249e+00,0.000000000000000000e+00,4.554986865550465780e-02,-4.554986865550465780e-02,-1.141939435369854872e+00
2.290000000000000036e+00,0.000000000000000000e+00,4.558999960370981042e-02,-4.558999960370981042e-02,-1.143033015130430208e+00
2.300000000000000266e+00,0.000000000000000000e+00,4.562989569424065472e-02,-4.562989569424065472e-02,-1.144120359889180261e+00
2.310000000000000053e+00,0.000000000000000000e+00,4.566955582386440782e-02,-4.566955582386440782e-02,-1.145201452729463831e+00
2.319999999999999840e+00,0.000000000000000000e+00,4.570897889378724294e-02,-4.570897889378724294e-02,-1.146276276600168842e+00
2.330000000000000071e+00,0.000000000000000000e+00,4.574816380955384204e-02,-4.574816380955384204e-02,-1.147344814318679962e+00
2.339999999999999858e+00,0.000000000000000000e+00,4.578710948094925903e-02,-4.578710948094925903e-02,-1.148407048573590883e+00
2.350000000000000089e+00,0.000000000000000000e+00,4.582581482190312139e-02,-4.582581482190312139e-02,-1.149462961927514293e+00
2.359999999999999876e+00,0.000000000000000000e+00,4.586427875039623264e-02,-4.586427875039623264e-02,-1.150512536820063936e+00
2.370000000000000107e+00,0.000000000000000000e+00,4.590250018836922186e-02,-4.590250018836922186e-02,-1.151555755570170536e+00
2.379999999999999893e+00,0.000000000000000000e+00,4.594047806163351066e-02,-4.594047806163351066e-02,-1.152592600378982812e+00
2.390000000000000124e+00,0.000000000000000000e+00,4.597821129978434812e-02,-4.597821129978434812e-02,-1.153623053332309523e+00
2.399999999999999911e+00,0.000000000000000000e+00,4.601569883611594802e-02,-4.601569883611594802e-02,-1.154647096403171425e+00
2.410000000000000142e+00,0.000000000000000000e+00,4.605293960753866628e-02,-4.605293960753866628e-02,-1.155664711454268856e+00
2.419999999999999929e+00,0.000000000000000000e+00,4.608993255449813503e-02,-4.608993255449813503e-02,-1.156675880240321419e+00
2.430000000000000160e+00,0.000000000000000000e+00,4.612667662089641601e-02,-4.612667662089641601e-02,-1.157680584410569091e+00
2.439999999999999947e+00,0.000000000000000000e+00,4.616317075401498576e-02,-4.616317075401498576e-02,-1.158678805510939824e+00
2.450000000000000178e+00,0.000000000000000000e+00,4.619941390443963597e-02,-4.619941390443963597e-02,-1.159670524986414542e+00
2.459999999999999964e+00,0.000000000000000000e+00,4.623540502598714325e-02,-4.623540502598714325e-02,-1.160655724183140114e+00
2.470000000000000195e+00,0.000000000000000000e+00,4.627114307563377077e-02,-4.627114307563377077e-02,-1.161634384350700211e+00
2.479999999999999982e+00,0.000000000000000000e+00,4.630662701344546994e-02,-4.630662701344546994e-02,-1.162606486644158998e+00
2.490000000000000213e+00,0.000000000000000000e+00,4.634185580250981679e-02,-4.634185580250981679e-02,-1.163572012126202759e+00
2.500000000000000000e+00,0.000000000000000000e+00,4.637682840886959978e-02,-4.637682840886959978e-02,-1.164530941769151617e+00
2.510000000000000231e+00,0.000000000000000000e+00,4.641154380145798286e-02,-4.641154380145798286e-02,-1.165483256456849137e+00
2.520000000000000018e+00,0.000000000000000000e+00,4.644600095203536838e-02,-4.644600095203536838e-02,-1.166428936986831477e+00
2.530000000000000249e+00,0.000000000000000000e+00,4.648019883512770345e-02,-4.648019883512770345e-02,-1.167367964072016040e+00
2.540000000000000036e+00,0.000000000000000000e+00,4.651413642796636133e-02,-4.651413642796636133e-02,-1.168300318342679445e+00
2.550000000000000266e+00,0.000000000000000000e+00,4.654781271042950780e-02,-4.654781271042950780e-02,-1.169225980348288729e+00
2.560000000000000053e+00,0.000000000000000000e+00,4.658122666498492465e-02,-4.658122666498492465e-02,-1.170144930559302798e+00
2.569999999999999840e+00,0.000000000000000000e+00,4.661437727663417241e-02,-4.661437727663417241e-02,-1.171057149368764039e+00
2.580000000000000071e+00,0.000000000000000000e+00,4.664726353285827271e-02,-4.664726353285827271e-02,-1.171962617094282733e+00
2.589999999999999858e+00,0.000000000000000000e+00,4.667988442356464651e-02,-4.667988442356464651e-02,-1.172861313979515652e+00
2.600000000000000089e+00,0.000000000000000000e+00,4.671223894103539859e-02,-4.671223894103539859e-02,-1.173753220195853153e+00
2.609999999999999876e+00,0.000000000000000000e+00,4.674432607987689947e-02,-4.674432607987689947e-02,-1.174638315844034997e+00
2.620000000000000107e+00,0.000000000000000000e+00,4.677614483697063036e-02,-4.677614483697063036e-02,-1.175516580955719537e+00
2.629999999999999893e+00,0.000000000000000000e+00,4.680769421142527698e-02,-4.680769421142527698e-02,-1.176387995495051131e+00
2.640000000000000124e+00,0.000000000000000000e+00,4.683897320453001001e-02,-4.683897320453001001e-02,-1.177252539360124972e+00
2.649999999999999911e+00,0.000000000000000000e+00,4.686998081970895208e-02,-4.686998081970895208e-02,-1.178110192384475674e+00
2.660000000000000142e+00,0.000000000000000000e+00,4.690071606247676883e-02,-4.690071606247676883e-02,-1.178960934338463495e+00
2.669999999999999929e+00,0.000000000000000000e+00,4.693117794039541879e-02,-4.693117794039541879e-02,-1.179804744930750271e+00
2.680000000000000160e+00,0.000000000000000000e+00,4.696136546303198572e-02,-4.696136546303198572e-02,-1.180641603809647000e+00
2.689999999999999947e+00,0.000000000000000000e+00,4.699127764191755874e-02,-4.699127764191755874e-02,-1.181471490564410143e+00
2.700000000000000178e+00,0.000000000000000000e+00,4.702091349050718794e-02,-4.702091349050718794e-02,-1.182294384726615188e+00
2.709999999999999964e+00,0.000000000000000000e+00,4.705027202414082538e-02,-4.705027202414082538e-02,-1.183110265771370351e+00
2.720000000000000195e+00,0.000000000000000000e+00,4.707935226000528606e-02,-4.707935226000528606e-02,-1.183919113118616639e+00
2.729999999999999982e+00,0.000000000000000000e+00,4.710815321709713871e-02,-4.710815321709713871e-02,-1.184720906134269391e+00
2.740000000000000213e+00,0.000000000000000000e+00,4.713667391618655417e-02,-4.713667391618655417e-02,-1.185515624131431078e+00
2.750000000000000000e+00,0.000000000000000000e+00,4.716491337978212517e-02,-4.716491337978212517e-02,-1.186303246371652298e+00
2.760000000000000231e+00,0.000000000000000000e+00,4.719287063209644945e-02,-4.719287063209644945e-02,-1.187083752065791753e+00
2.770000000000000018e+00,0.000000000000000000e+00,4.722054469901271201e-02,-4.722054469901271201e-02,-1.187857120375365838e+00
2.780000000000000249e+00,0.000000000000000000e+00,4.724793460805198908e-02,-4.724793460805198908e-02,-1.188623330413359769e+00
2.790000000000000036e+00,0.000000000000000000e+00,4.727503938834148184e-02,-4.727503938834148184e-02,-1.189382361245471253e+00
2.800000000000000266e+00,0.000000000000000000e+00,4.730185807058347180e-02,-4.730185807058347180e-02,-1.190134191890952042e+00
2.810000000000000053e+00,0.000000000000000000e+00,4.732838968702503257e-02,-4.732838968702503257e-02,-1.190878801323535630e+00
2.819999999999999840e+00,0.000000000000000000e+00,4.735463327142854645e-02,-4.735463327142854645e-02,-1.191616168472476422e+00
2.830000000000000071e+00,0.000000000000000000e+00,4.738058785904288028e-02,-4.738058785904288028e-02,-1.192346272223308690e+00
2.839999999999999858e+00,0.000000000000000000e+00,4.740625248657526214e-02,-4.740625248657526214e-02,-1.193069091418707428e+00
2.850000000000000089e+00,0.000000000000000000e+00,4.743162619216387266e-02,-4.743162619216387266e-02,-1.193784604859385645e+00
2.859999999999999876e+00,0.000000000000000000e+00,4.745670801535094990e-02,-4.745670801535094990e-02,-1.194492791304602619e+00
2.870000000000000107e+00,0.000000000000000000e+00,4.748149699705667137e-02,-4.748149699705667137e-02,-1.195193629473213948e+00
2.879999999999999893e+00,0.000000000000000000e+00,4.750599217955346620e-02,-4.750599217955346620e-02,-1.195887098044036145e+00
2.890000000000000124e+00,0.000000000000000000e+00,4.753019260644097271e-02,-4.753019260644097271e-02,-1.196573175656653332e+00
2.899999999999999911e+00,0.000000000000000000e+00,4.755409732262144695e-02,-4.755409732262144695e-02,-1.197251840911845555e+00
2.910000000000000142e+00,0.000000000000000000e+00,4.757770537427575414e-02,-4.757770537427575414e-02,-1.197923072372292008e+00
2.919999999999999929e+00,0.000000000000000000e+00,4.760101580883965844e-02,-4.760101580883965844e-02,-1.198586848562710916e+00
2.930000000000000160e+00,0.000000000000000000e+00,4.762402767498070261e-02,-4.762402767498070261e-02,-1.199243147970592505e+00
2.939999999999999947e+00,0.000000000000000000e+00,4.764674002257535124e-02,-4.764674002257535124e-02,-1.199891949046289152e+00
2.950000000000000178e+00,0.000000000000000000e+00,4.766915190268650876e-02,-4.766915190268650876e-02,-1.200533230203330026e+00
2.959999999999999964e+00,0.000000000000000000e+00,4.769126236754130110e-02,-4.769126236754130110e-02,-1.201166969818521890e+00
2.970000000000000195e+00,0.000000000000000000e+00,4.771307047050916267e-02,-4.771307047050916267e-02,-1.201793146232139176e+00
2.979999999999999982e+00,0.000000000000000000e+00,4.773457526608006901e-02,-4.773457526608006901e-02,-1.202411737747797638e+00
2.990000000000000213e+00,0.000000000000000000e+00,4.775577580984288750e-02,-4.775577580984288750e-02,-1.203022722632273611e+00
3.000000000000000000e+00,0.000000000000000000e+00,4.777667115846388063e-02,-4.777667115846388063e-02,-1.203626079115398095e+00
3.010000000000000231e+00,0.000000000000000000e+00,4.779726036966514685e-02,-4.779726036966514685e-02,-1.204221785389518073e+00
3.020000000000000018e+00,0.000000000000000000e+00,4.781754250220300595e-02,-4.781754250220300595e-02,-1.204809819608972266e+00
3.030000000000000249e+00,0.000000000000000000e+00,4.783751661584626641e-02,-4.783751661584626641e-02,-1.205390159889438095e+00
3.040000000000000036e+00,0.000000000000000000e+00,4.785718177135422913e-02,-4.785718177135422913e-02,-1.205962784306984448e+00
3.050000000000000266e+00,0.000000000000000000e+00,4.787653703045433029e-02,-4.787653703045433029e-02,-1.206527670896921700e+00
3.060000000000000053e+00,0.000000000000000000e+00,4.789558145581936793e-02,-4.789558145581936793e-02,-1.207084797652534069e+00
3.070000000000000284e+00,0.000000000000000000e+00,4.791431411104407623e-02,-4.791431411104407623e-02,-1.207634142523328791e+00
3.080000000000000071e+00,0.000000000000000000e+00,4.793273406062100589e-02,-4.793273406062100589e-02,-1.208175683413186485e+00
3.089999999999999858e+00,0.000000000000000000e+00,4.795084036991548171e-02,-4.795084036991548171e-02,-1.208709398178038574e+00
3.100000000000000089e+00,0.000000000000000000e+00,4.796863210513943598e-02,-4.796863210513943598e-02,-1.209235264623120143e+00
3.109999999999999876e+00,0.000000000000000000e+00,4.798610833332399295e-02,-4.798610833332399295e-02,-1.209753260499949246e+00
3.120000000000000107e+00,0.000000000000000000e+00,4.800326812229036705e-02,-4.800326812229036705e-02,-1.210263363502400713e+00
3.129999999999999893e+00,0.000000000000000000e+00,4.802011054061903345e-02,-4.802011054061903345e-02,-1.210765551262663609e+00
3.140000000000000124e+00,0.000000000000000000e+00,4.803663465761662948e-02,-4.803663465761662948e-02,-1.211259801346073806e+00
3.149999999999999911e+00,0.000000000000000000e+00,4.805283954328027490e-02,-4.805283954328027490e-02,-1.211746091245272661e+00
3.160000000000000142e+00,0.000000000000000000e+00,4.806872426825890832e-02,-4.806872426825890832e-02,-1.212224398373505485e+00
3.169999999999999929e+00,0.000000000000000000e+00,4.808428790381105711e-02,-4.808428790381105711e-02,-1.212694700056686559e+00
3.180000000000000160e+00,0.000000000000000000e+00,4.809952952175845092e-02,-4.809952952175845092e-02,-1.213156973524204485e+00
3.189999999999999947e+00,0.000000000000000000e+00,4.811444825837679629e-02,-4.811444825837679629e-02,-1.213611324490152743e+00
3.200000000000000178e+00,0.000000000000000000e+00,4.812904325755527901e-02,-4.812904325755527901e-02,-1.214057745632762586e+00
3.209999999999999964e+00,0.000000000000000000e+00,4.814331359234187008e-02,-4.814331359234187008e-02,-1.214496071990345261e+00
3.220000000000000195e+00,0.000000000000000000e+00,4.815725833592562899e-02,-4.815725833592562899e-02,-1.214926279919789298e+00
3.229999999999999982e+00,0.000000000000000000e+00,4.817087656220307712e-02,-4.817087656220307712e-02,-1.215348346904425503e+00
3.240000000000000213e+00,0.000000000000000000e+00,4.818416734576597138e-02,-4.818416734576597138e-02,-1.215762250401760447e+00
3.250000000000000000e+00,0.000000000000000000e+00,4.819712976188421372e-02,-4.819712976188421372e-02,-1.216167967833460040e+00
3.260000000000000231e+00,0.000000000000000000e+00,4.820976288648860103e-02,-4.820976288648860103e-02,-1.216565476584698269e+00
3.270000000000000018e+00,0.000000000000000000e+00,4.822206579615337385e-02,-4.822206579615337385e-02,-1.216954754003419792e+00
3.280000000000000249e+00,0.000000000000000000e+00,4.823403756807860543e-02,-4.823403756807860543e-02,-1.217335777399679131e+00
3.290000000000000036e+00,0.000000000000000000e+00,4.824567728007228551e-02,-4.824567728007228551e-02,-1.217708524044685436e+00
3.300000000000000266e+00,0.000000000000000000e+00,4.825698401053209879e-02,-4.825698401053209879e-02,-1.218072971169840812e+00
3.310000000000000053e+00,0.000000000000000000e+00,4.826795683842684953e-02,-4.826795683842684953e-02,-1.218429095965674058e+00
3.320000000000000284e+00,0.000000000000000000e+00,4.827859484327744893e-02,-4.827859484327744893e-02,-1.218776875580599217e+00
3.330000000000000071e+00,0.000000000000000000e+00,4.828889710513742384e-02,-4.828889710513742384e-02,-1.219116287119581088e+00
3.339999999999999858e+00,0.000000000000000000e+00,4.829886270457284941e-02,-4.829886270457284941e-02,-1.219447307642598011e+00
3.350000000000000089e+00,0.000000000000000000e+00,4.830849072264167821e-02,-4.830849072264167821e-02,-1.219769914163033597e+00
3.359999999999999876e+00,0.000000000000000000e+00,4.831778024087233364e-02,-4.831778024087233364e-02,-1.220084083645792461e+00
3.370000000000000107e+00,0.000000000000000000e+00,4.832673034124144312e-02,-4.832673034124144312e-02,-1.220389793005149937e+00
3.379999999999999893e+00,0.000000000000000000e+00,4.833534010615075233e-02,-4.833534010615075233e-02,-1.220687019102668636e+00
3.390000000000000124e+00,0.000000000000000000e+00,4.834360861840295009e-02,-4.834360861840295009e-02,-1.220975738744550565e+00
3.399999999999999911e+00,0.000000000000000000e+00,4.835153496117634148e-02,-4.835153496117634148e-02,-1.221255928678846692e+00
3.410000000000000142e+00,0.000000000000000000e+00,4.835911821799827870e-02,-4.835911821799827870e-02,-1.221527565592457343e+00
3.419999999999999929e+00,0.000000000000000000e+00,4.836635747271714192e-02,-4.836635747271714192e-02,-1.221790626107690070e+00
3.430000000000000160e+00,0.000000000000000000e+00,4.837325180947267544e-02,-4.837325180947267544e-02,-1.222045086778398737e+00
3.439999999999999947e+00,0.000000000000000000e+00,4.837980031266463782e-02,-4.837980031266463782e-02,-1.222290924086003372e+00
3.450000000000000178e+00,0.000000000000000000e+00,4.838600206691932859e-02,-4.838600206691932859e-02,-1.222528114434597413e+00
3.459999999999999964e+00,0.000000000000000000e+00,4.839185615705397792e-02,-4.839185615705397792e-02,-1.222756634145985011e+00
3.470000000000000195e+00,0.000000000000000000e+00,4.839736166803861733e-02,-4.839736166803861733e-02,-1.222976459453905207e+00
3.479999999999999982e+00,0.000000000000000000e+00,4.840251768495514029e-02,-4.840251768495514029e-02,-1.223187566497622170e+00
3.490000000000000213e+00,0.000000000000000000e+00,4.840732329295328179e-02,-4.840732329295328179e-02,-1.223389931314912138e+00
3.500000000000000000e+00,0.000000000000000000e+00,4.841177757720305230e-02,-4.841177757720305230e-02,-1.223583529834052275e+00
3.510000000000000231e+00,0.000000000000000000e+00,4.841587962284331359e-02,-4.841587962284331359e-02,-1.223768337865112965e+00
3.520000000000000018e+00,0.000000000000000000e+00,4.841962851492587205e-02,-4.841962851492587205e-02,-1.223944331089913407e+00
3.530000000000000249e+00,0.000000000000000000e+00,4.842302333835460382e-02,-4.842302333835460382e-02,-1.224111485050910719e+00
3.540000000000000036e+00,0.000000000000000000e+00,4.842606317781900788e-02,-4.842606317781900788e-02,-1.224269775138775662e+00
3.550000000000000266e+00,0.000000000000000000e+00,4.842874711772134771e-02,-4.842874711772134771e-02,-1.224419176578165569e+00
3.560000000000000053e+00,0.000000000000000000e+00,4.843107424209658340e-02,-4.843107424209658340e-02,-1.224559664411764226e+00
3.570000000000000284e+00,0.000000000000000000e+00,4.843304363452410888e-02,-4.843304363452410888e-02,-1.224691213482194563e+00
3.580000000000000071e+00,0.000000000000000000e+00,4.843465437803003149e-02,-4.843465437803003149e-02,-1.224813798411225729e+00
3.589999999999999858e+00,0.000000000000000000e+00,4.843590555497880729e-02,-4.843590555497880729e-02,-1.224927393576404677e+00
3.600000000000000089e+00,0.000000000000000000e+00,4.843679624695237246e-02,-4.843679624695237246e-02,-1.225031973083731129e+00
3.609999999999999876e+00,0.000000000000000000e+00,4.843732553461506385e-02,-4.843732553461506385e-02,-1.225127510736649050e+00
3.620000000000000107e+00,0.000000000000000000e+00,4.843749249756194863e-02,-4.843749249756194863e-02,-1.225213979999965730e+00
3.629999999999999893e+00,0.000000000000000000e+00,4.843729621414781528e-02,-4.843729621414781528e-02,-1.225291353957909113e+00
3.640000000000000124e+00,0.000000000000000000e+00,4.843673692171027167e-02,-4.843673692171027167e-02,-1.225361938945176643e+00
3.649999999999999911e+00,0.000000000000000000e+00,4.843581381277758252e-02,-4.843581381277758252e-02,-1.225423632492302239e+00
3.660000000000000142e+00,0.000000000000000000e+00,4.843452596064151683e-02,-4.843452596064151683e-02,-1.225476172618079618e+00
3.669999999999999929e+00,0.000000000000000000e+00,4.843287244119698354e-02,-4.843287244119698354e-02,-1.225519539969919247e+00
3.680000000000000160e+00,0.000000000000000000e+00,4.843085233356100167e-02,-4.843085233356100167e-02,-1.225553716476723842e+00
3.689999999999999947e+00,0.000000000000000000e+00,4.842846471991659602e-02,-4.842846471991659602e-02,-1.225578683802588609e+00
3.700000000000000178e+00,0.000000000000000000e+00,4.842570868536594936e-02,-4.842570868536594936e-02,-1.225594423362346586e+00
3.709999999999999964e+00,0.000000000000000000e+00,4.842258331779625280e-02,-4.842258331779625280e-02,-1.225600916344217195e+00
3.720000000000000195e+00,0.000000000000000000e+00,4.841908770775688042e-02,-4.841908770775688042e-02,-1.225598143729945244e+00
3.729999999999999982e+00,0.000000000000000000e+00,4.841522094834685430e-02,-4.841522094834685430e-02,-1.225586086313083189e+00
3.740000000000000213e+00,0.000000000000000000e+00,4.841098213511135090e-02,-4.841098213511135090e-02,-1.225564724714965914e+00
3.750000000000000000e+00,0.000000000000000000e+00,4.840637036594648557e-02,-4.840637036594648557e-02,-1.225534039399331032e+00
3.760000000000000231e+00,0.000000000000000000e+00,4.840138474101153554e-02,-4.840138474101153554e-02,-1.225494010685412194e+00
3.770000000000000018e+00,0.000000000000000000e+00,4.839602436264789365e-02,-4.839602436264789365e-02,-1.225444618759758297e+00
3.780000000000000249e+00,0.000000000000000000e+00,4.839028833530415602e-02,-4.839028833530415602e-02,-1.225385843686985554e+00
3.790000000000000036e+00,0.000000000000000000e+00,4.838417576546680948e-02,-4.838417576546680948e-02,-1.225317665419574986e+00
3.800000000000000266e+00,0.000000000000000000e+00,4.837768576159600514e-02,-4.837768576159600514e-02,-1.225240063806748880e+00
3.810000000000000053e+00,0.000000000000000000e+00,4.837081743406602269e-02,-4.837081743406602269e-02,-1.225153018602654686e+00
3.820000000000000284e+00,0.000000000000000000e+00,4.836356989511007148e-02,-4.836356989511007148e-02,-1.225056509473925859e+00
3.830000000000000071e+00,0.000000000000000000e+00,4.835594225876894275e-02,-4.835594225876894275e-02,-1.224950516006354517e+00
3.839999999999999858e+00,0.000000000000000000e+00,4.834793364084342265e-02,-4.834793364084342265e-02,-1.224835017711459084e+00
3.850000000000000089e+00,0.000000000000000000e+00,4.833954315885001518e-02,-4.833954315885001518e-02,-1.224709994032217475e+00
3.859999999999999876e+00,0.000000000000000000e+00,4.833076993197978066e-02,-4.833076993197978066e-02,-1.224575424348475439e+00
3.870000000000000107e+00,0.000000000000000000e+00,4.832161308106008163e-02,-4.832161308106008163e-02,-1.224431287981999850e+00
3.879999999999999893e+00,0.000000000000000000e+00,4.831207172851904874e-02,-4.831207172851904874e-02,-1.224277564201210033e+00
3.890000000000000124e+00,0.000000000000000000e+00,4.830214499835246145e-02,-4.830214499835246145e-02,-1.224114232225350207e+00
3.899999999999999911e+00,0.000000000000000000e+00,4.829183201609305726e-02,-4.829183201609305726e-02,-1.223941271228738081e+00
3.910000000000000142e+00,0.000000000000000000e+00,4.828113190878192962e-02,-4.828113190878192962e-02,-1.223758660344375970e+00
3.919999999999999929e+00,0.000000000000000000e+00,4.827004380494202135e-02,-4.827004380494202135e-02,-1.223566378667618970e+00
3.930000000000000160e+00,0.000000000000000000e+00,4.825856683455347074e-02,-4.825856683455347074e-02,-1.223364405259395937e+00
3.939999999999999947e+00,0.000000000000000000e+00,4.824670012903078953e-02,-4.824670012903078953e-02,-1.223152719149423584e+00
3.950000000000000178e+00,0.000000000000000000e+00,4.823444282120167848e-02,-4.823444282120167848e-02,-1.222931299339068190e+00
3.959999999999999964e+00,0.000000000000000000e+00,4.822179404528739721e-02,-4.822179404528739721e-02,-1.222700124804070976e+00
3.970000000000000195e+00,0.000000000000000000e+00,4.820875293688463292e-02,-4.820875293688463292e-02,-1.222459174497192658e+00
3.979999999999999982e+00,0.000000000000000000e+00,4.819531863294877067e-02,-4.819531863294877067e-02,-1.222208427350693238e+00
3.990000000000000213e+00,0.000000000000000000e+00,4.818149027177844046e-02,-4.818149027177844046e-02,-1.221947862278587094e+00
4.000000000000000000e+00,0.000000000000000000e+00,4.816726699300129255e-02,-4.816726699300129255e-02,-1.221677458178827225e+00
4.009999999999999787e+00,0.000000000000000000e+00,4.815264793756098005e-02,-4.815264793756098005e-02,-1.221397193935469305e+00
4.020000000000000462e+00,0.000000000000000000e+00,4.813763224770518240e-02,-4.813763224770518240e-02,-1.221107048420528640e+00
4.030000000000000249e+00,0.000000000000000000e+00,4.812221906697471824e-02,-4.812221906697471824e-02,-1.220807000495951256e+00
4.040000000000000036e+00,0.000000000000000000e+00,4.810640754019360893e-02,-4.810640754019360893e-02,-1.220497029015330748e+00
4.049999999999999822e+00,0.000000000000000000e+00,4.809019681346008573e-02,-4.809019681346008573e-02,-1.220177112825627797e+00
4.060000000000000497e+00,0.000000000000000000e+00,4.807358603413845743e-02,-4.807358603413845743e-02,-1.219847230768743351e+00
4.070000000000000284e+00,0.000000000000000000e+00,4.805657435085184531e-02,-4.805657435085184531e-02,-1.219507361683119573e+00
4.080000000000000071e+00,0.000000000000000000e+00,4.803916091347568834e-02,-4.803916091347568834e-02,-1.219157484405165581e+00
4.089999999999999858e+00,0.000000000000000000e+00,4.802134487623226089e-02,-4.802134487623226089e-02,-1.218797584005503198e+00
4.099999999999999645e+00,0.000000000000000000e+00,4.800312551583078846e-02,-4.800312551583078846e-02,-1.218427883215734697e+00
4.110000000000000320e+00,0.000000000000000000e+00,4.798450198693467172e-02,-4.798450198693467172e-02,-1.218048115431862533e+00
4.120000000000000107e+00,0.000000000000000000e+00,4.796547344483090280e-02,-4.796547344483090280e-02,-1.217658258292432683e+00
4.129999999999999893e+00,0.000000000000000000e+00,4.794603904635650476e-02,-4.794603904635650476e-02,-1.217258291297564021e+00
4.139999999999999680e+00,0.000000000000000000e+00,4.792619794986745924e-02,-4.792619794986745924e-02,-1.216848193901874264e+00
4.150000000000000355e+00,0.000000000000000000e+00,4.790594931520520544e-02,-4.790594931520520544e-02,-1.216427945508999908e+00
4.160000000000000142e+00,0.000000000000000000e+00,4.788529230366760092e-02,-4.788529230366760092e-02,-1.215997525479923569e+00
4.169999999999999929e+00,0.000000000000000000e+00,4.786422607798389295e-02,-4.786422607798389295e-02,-1.215556913140483308e+00
4.179999999999999716e+00,0.000000000000000000e+00,4.784274980229320101e-02,-4.784274980229320101e-02,-1.215106087787956923e+00
4.190000000000000391e+00,0.000000000000000000e+00,4.782086264212610793e-02,-4.782086264212610793e-02,-1.214645028696907492e+00
4.200000000000000178e+00,0.000000000000000000e+00,4.779856376438901266e-02,-4.779856376438901266e-02,-1.214173715124390984e+00
4.209999999999999964e+00,0.000000000000000000e+00,4.777585233735091169e-02,-4.777585233735091169e-02,-1.213692126314552144e+00
4.219999999999999751e+00,0.000000000000000000e+00,4.775272753063237313e-02,-4.775272753063237313e-02,-1.213200241502790711e+00
4.230000000000000426e+00,0.000000000000000000e+00,4.772918851519645372e-02,-4.772918851519645372e-02,-1.212698039919472226e+00
4.240000000000000213e+00,0.000000000000000000e+00,4.770523446334130196e-02,-4.770523446334130196e-02,-1.212185500793158344e+00
4.250000000000000000e+00,0.000000000000000000e+00,4.768086454869436414e-02,-4.768086454869436414e-02,-1.211662603353705236e+00
4.259999999999999787e+00,0.000000000000000000e+00,4.765607794620792953e-02,-4.765607794620792953e-02,-1.211129326834863740e+00
4.270000000000000462e+00,0.000000000000000000e+00,4.763087383215593162e-02,-4.763087383215593162e-02,-1.210585650476736497e+00
4.280000000000000249e+00,0.000000000000000000e+00,4.760525138413188723e-02,-4.760525138413188723e-02,-1.210031553528026382e+00
4.290000000000000036e+00,0.000000000000000000e+00,4.757920978104783483e-02,-4.757920978104783483e-02,-1.209467015248024913e+00
4.299999999999999822e+00,0.000000000000000000e+00,4.755274820313415418e-02,-4.755274820313415418e-02,-1.208892014908386381e+00
4.310000000000000497e+00,0.000000000000000000e+00,4.752586583194023245e-02,-4.752586583194023245e-02,-1.208306531794847816e+00
4.320000000000000284e+00,0.000000000000000000e+00,4.749856185033589362e-02,-4.749856185033589362e-02,-1.207710545208800612e+00
4.330000000000000071e+00,0.000000000000000000e+00,4.747083544251345238e-02,-4.747083544251345238e-02,-1.207104034468593934e+00
4.339999999999999858e+00,0.000000000000000000e+00,4.744268579399039953e-02,-4.744268579399039953e-02,-1.206486978910871422e+00
4.350000000000000533e+00,0.000000000000000000e+00,4.741411209161268403e-02,-4.741411209161268403e-02,-1.205859357891844841e+00
4.360000000000000320e+00,0.000000000000000000e+00,4.738511352355844614e-02,-4.738511352355844614e-02,-1.205221150788288398e+00
4.370000000000000107e+00,0.000000000000000000e+00,4.735568927934221545e-02,-4.735568927934221545e-02,-1.204572336998571913e+00
4.379999999999999893e+00,0.000000000000000000e+00,4.732583854981958077e-02,-4.732583854981958077e-02,-1.203912895943714867e+00
4.389999999999999680e+00,0.000000000000000000e+00,4.729556052719222081e-02,-4.729556052719222081e-02,-1.203242807068228171e+00
4.400000000000000355e+00,0.000000000000000000e+00,4.726485440501326796e-02,-4.726485440501326796e-02,-1.202562049840906866e+00
4.410000000000000142e+00,0.000000000000000000e+00,4.723371937819299121e-02,-4.723371937819299121e-02,-1.201870603755601508e+00
4.419999999999999929e+00,0.000000000000000000e+00,4.720215464300485386e-02,-4.720215464300485386e-02,-1.201168448332107896e+00
4.429999999999999716e+00,0.000000000000000000e+00,4.717015939709175154e-02,-4.717015939709175154e-02,-1.200455563116674007e+00
4.440000000000000391e+00,0.000000000000000000e+00,4.713773283947255560e-02,-4.713773283947255560e-02,-1.199731927682760713e+00
4.450000000000000178e+00,0.000000000000000000e+00,4.710487417054889242e-02,-4.710487417054889242e-02,-1.198997521631671281e+00
4.459999999999999964e+00,0.000000000000000000e+00,4.707158259211209617e-02,-4.707158259211209617e-02,-1.198252324593057416e+00
4.469999999999999751e+00,0.000000000000000000e+00,4.703785730735040443e-02,-4.703785730735040443e-02,-1.197496316225570290e+00
4.480000000000000426e+00,0.000000000000000000e+00,4.700369752085634817e-02,-4.700369752085634817e-02,-1.196729476217418764e+00
4.490000000000000213e+00,0.000000000000000000e+00,4.696910243863424567e-02,-4.696910243863424567e-02,-1.195951784286748643e+00
4.500000000000000000e+00,0.000000000000000000e+00,4.693407126810793945e-02,-4.693407126810793945e-02,-1.195163220182305919e+00
4.509999999999999787e+00,0.000000000000000000e+00,4.689860321812860250e-02,-4.689860321812860250e-02,-1.194363763683752966e+00
4.520000000000000462e+00,0.000000000000000000e+00,4.686269749898275966e-02,-4.686269749898275966e-02,-1.193553394602282491e+00
4.530000000000000249e+00,0.000000000000000000e+00,4.682635332240037834e-02,-4.682635332240037834e-02,-1.192732092780939945e+00
4.540000000000000036e+00,0.000000000000000000e+00,4.678956990156311196e-02,-4.678956990156311196e-02,-1.191899838095117348e+00
4.549999999999999822e+00,0.000000000000000000e+00,4.675234645111265436e-02,-4.675234645111265436e-02,-1.191056610452964737e+00
4.560000000000000497e+00,0.000000000000000000e+00,4.671468218715917747e-02,-4.671468218715917747e-02,-1.190202389795749660e+00
4.570000000000000284e+00,0.000000000000000000e+00,4.667657632728989398e-02,-4.667657632728989398e-02,-1.189337156098299930e+00
4.580000000000000071e+00,0.000000000000000000e+00,4.663802809057768922e-02,-4.663802809057768922e-02,-1.188460889369341578e+00
4.589999999999999858e+00,0.000000000000000000e+00,4.659903669758987121e-02,-4.659903669758987121e-02,-1.187573569651930505e+00
4.600000000000000533e+00,0.000000000000000000e+00,4.655960137039698299e-02,-4.655960137039698299e-02,-1.186675177023779559e+00
4.610000000000000320e+00,0.000000000000000000e+00,4.651972133258169828e-02,-4.651972133258169828e-02,-1.185765691597626903e+00
4.620000000000000107e+00,0.000000000000000000e+00,4.647939580924775188e-02,-4.647939580924775188e-02,-1.184845093521508241e+00
4.629999999999999893e+00,0.000000000000000000e+00,4.643862402702905040e-02,-4.643862402702905040e-02,-1.183913362979323924e+00
4.639999999999999680e+00,0.000000000000000000e+00,4.639740521409869978e-02,-4.639740521409869978e-02,-1.182970480190879137e+00
4.650000000000000355e+00,0.000000000000000000e+00,4.635573860017822012e-02,-4.635573860017822012e-02,-1.182016425412466099e+00
4.660000000000000142e+00,0.000000000000000000e+00,4.631362341654675363e-02,-4.631362341654675363e-02,-1.181051178937061463e+00
4.669999999999999929e+00,0.000000000000000000e+00,4.627105889605034883e-02,-4.627105889605034883e-02,-1.180074721094687806e+00
4.679999999999999716e+00,0.000000000000000000e+00,4.622804427311129338e-02,-4.622804427311129338e-02,-1.179087032252724487e+00
4.690000000000000391e+00,0.000000000000000000e+00,4.618457878373749548e-02,-4.618457878373749548e-02,-1.178088092816218069e+00
4.700000000000000178e+00,0.000000000000000000e+00,4.614066166553193460e-02,-4.614066166553193460e-02,-1.177077883228234700e+00
4.709999999999999964e+00,0.000000000000000000e+00,4.609629215770212618e-02,-4.609629215770212618e-02,-1.176056383970104813e+00
4.719999999999999751e+00,0.000000000000000000e+00,4.605146950106966952e-02,-4.605146950106966952e-02,-1.175023575561805034e+00
4.730000000000000426e+00,0.000000000000000000e+00,4.600619293807980265e-02,-4.600619293807980265e-02,-1.173979438562191779e+00
4.740000000000000213e+00,0.000000000000000000e+00,4.596046171281099879e-02,-4.596046171281099879e-02,-1.172923953569300792e+00
4.750000000000000000e+00,0.000000000000000000e+00,4.591427507098466004e-02,-4.591427507098466004e-02,-1.171857101220763031e+00
4.759999999999999787e+00,0.000000000000000000e+00,4.586763225997477628e-02,-4.586763225997477628e-02,-1.170778862193955883e+00
4.770000000000000462e+00,0.000000000000000000e+00,4.582053252881763267e-02,-4.582053252881763267e-02,-1.169689217206320464e+00
4.780000000000000249e+00,0.000000000000000000e+00,4.577297512822161435e-02,-4.577297512822161435e-02,-1.168588147015779732e+00
4.790000000000000036e+00,0.000000000000000000e+00,4.572495931057698332e-02,-4.572495931057698332e-02,-1.167475632420906351e+00
4.799999999999999822e+00,0.000000000000000000e+00,4.567648432996569002e-02,-4.567648432996569002e-02,-1.166351654261215121e+00
4.810000000000000497e+00,0.000000000000000000e+00,4.562754944217123354e-02,-4.562754944217123354e-02,-1.165216193417485835e+00
4.820000000000000284e+00,0.000000000000000000e+00,4.557815390468857725e-02,-4.557815390468857725e-02,-1.164069230812099454e+00
4.830000000000000071e+00,0.000000000000000000e+00,4.552829697673402981e-02,-4.552829697673402981e-02,-1.162910747409196199e+00
4.839999999999999858e+00,0.000000000000000000e+00,4.547797791925524413e-02,-4.547797791925524413e-02,-1.161740724215137188e+00
4.850000000000000533e+00,0.000000000000000000e+00,4.542719599494111915e-02,-4.542719599494111915e-02,-1.160559142278540401e+00
4.860000000000000320e+00,0.000000000000000000e+00,4.537595046823187511e-02,-4.537595046823187511e-02,-1.159365982690853114e+00
4.870000000000000107e+00,0.000000000000000000e+00,4.532424060532905946e-02,-4.532424060532905946e-02,-1.158161226586446046e+00
4.879999999999999893e+00,0.000000000000000000e+00,4.527206567420555966e-02,-4.527206567420555966e-02,-1.156944855142854722e+00
4.889999999999999680e+00,0.000000000000000000e+00,4.521942494461573397e-02,-4.521942494461573397e-02,-1.155716849581246652e+00
4.900000000000000355e+00,0.000000000000000000e+00,4.516631768810548675e-02,-4.516631768810548675e-02,-1.154477191166542127e+00
4.910000000000000142e+00,0.000000000000000000e+00,4.511274317802242695e-02,-4.511274317802242695e-02,-1.153225861207813008e+00
4.919999999999999929e+00,0.000000000000000000e+00,4.505870068952597118e-02,-4.505870068952597118e-02,-1.151962841058403964e+00
4.929999999999999716e+00,0.000000000000000000e+00,4.500418949959755083e-02,-4.500418949959755083e-02,-1.150688112116373008e+00
4.940000000000000391e+00,0.000000000000000000e+00,4.494920888705078443e-02,-4.494920888705078443e-02,-1.149401655824658031e+00
4.950000000000000178e+00,0.000000000000000000e+00,4.489375813254170566e-02,-4.489375813254170566e-02,-1.148103453671420970e+00
4.959999999999999964e+00,0.000000000000000000e+00,4.483783651857899122e-02,-4.483783651857899122e-02,-1.146793487190282290e+00
4.969999999999999751e+00,0.000000000000000000e+00,4.478144332953423734e-02,-4.478144332953423734e-02,-1.145471737960655823e+00
4.980000000000000426e+00,0.000000000000000000e+00,4.472457785165220162e-02,-4.472457785165220162e-02,-1.144138187607913304e+00
4.990000000000000213e+00,0.000000000000000000e+00,4.466723937306112113e-02,-4.466723937306112113e-02,-1.142792817803775840e+00
5.000000000000000000e+00,0.000000000000000000e+00,4.460942718378303751e-02,-4.460942718378303751e-02,-1.141435610266563483e+00
5.009999999999999787e+00,0.000000000000000000e+00,4.455114057574408731e-02,-4.455114057574408731e-02,-1.140066546761364652e+00
5.020000000000000462e+00,0.000000000000000000e+00,4.449237884278489652e-02,-4.449237884278489652e-02,-1.138685609100482665e+00
5.030000000000000249e+00,0.000000000000000000e+00,4.443314128067094720e-02,-4.443314128067094720e-02,-1.137292779143619370e+00
5.040000000000000036e+00,0.000000000000000000e+00,4.437342718710293038e-02,-4.437342718710293038e-02,-1.135888038798086086e+00
5.049999999999999822e+00,0.000000000000000000e+00,4.431323586172719597e-02,-4.431323586172719597e-02,-1.134471370019239478e+00
5.060000000000000497e+00,0.000000000000000000e+00,4.425256660614612647e-02,-4.425256660614612647e-02,-1.133042754810566821e+00
5.070000000000000284e+00,0.000000000000000000e+00,4.419141872392860076e-02,-4.419141872392860076e-02,-1.131602175224110107e+00
5.080000000000000071e+00,0.000000000000000000e+00,4.412979152062047883e-02,-4.412979152062047883e-02,-1.130149613360747818e+00
5.089999999999999858e+00,0.000000000000000000e+00,4.406768430375500312e-02,-4.406768430375500312e-02,-1.128685051370271752e+00
5.100000000000000533e+00,0.000000000000000000e+00,4.400509638286332487e-02,-4.400509638286332487e-02,-1.127208471451876415e+00
5.110000000000000320e+00,0.000000000000000000e+00,4.394202706948502346e-02,-4.394202706948502346e-02,-1.125719855854392160e+00
5.120000000000000107e+00,0.000000000000000000e+00,4.387847567717858416e-02,-4.387847567717858416e-02,-1.124219186876441956e+00
5.129999999999999893e+00,0.000000000000000000e+00,4.381444152153195215e-02,-4.381444152153195215e-02,-1.122706446866840402e+00
5.139999999999999680e+00,0.000000000000000000e+00,4.374992392017306581e-02,-4.374992392017306581e-02,-1.121181618224794674e+00
5.150000000000000355e+00,0.000000000000000000e+00,4.368492219278042460e-02,-4.368492219278042460e-02,-1.119644683400220719e+00
5.160000000000000142e+00,0.000000000000000000e+00,4.361943566109367093e-02,-4.361943566109367093e-02,-1.118095624894014595e+00
5.169999999999999929e+00,0.000000000000000000e+00,4.355346364892415112e-02,-4.355346364892415112e-02,-1.116534425258258079e+00
5.179999999999999716e+00,0.000000000000000000e+00,4.348700548216556661e-02,-4.348700548216556661e-02,-1.114961067096643887e+00
5.190000000000000391e+00,0.000000000000000000e+00,4.342006048880452801e-02,-4.342006048880452801e-02,-1.113375533064530076e+00
5.200000000000000178e+00,0.000000000000000000e+00,4.335262799893123409e-02,-4.335262799893123409e-02,-1.111777805869434754e+00
5.209999999999999964e+00,0.000000000000000000e+00,4.328470734475007436e-02,-4.328470734475007436e-02,-1.110167868271132674e+00
5.219999999999999751e+00,0.000000000000000000e+00,4.321629786059032197e-02,-4.321629786059032197e-02,-1.108545703082083556e+00
5.230000000000000426e+00,0.000000000000000000e+00,4.314739888291677095e-02,-4.314739888291677095e-02,-1.106911293167568200e+00
5.240000000000000213e+00,0.000000000000000000e+00,4.307800975034042912e-02,-4.307800975034042912e-02,-1.105264621446049533e+00
5.250000000000000000e+00,0.000000000000000000e+00,4.300812980362919008e-02,-4.300812980362919008e-02,-1.103605670889380663e+00
5.259999999999999787e+00,0.000000000000000000e+00,4.293775838571858156e-02,-4.293775838571858156e-02,-1.101934424523206113e+00
5.270000000000000462e+00,0.000000000000000000e+00,4.286689484172241660e-02,-4.286689484172241660e-02,-1.100250865427018221e+00
5.280000000000000249e+00,0.000000000000000000e+00,4.279553851894358357e-02,-4.279553851894358357e-02,-1.098554976734685606e+00
5.290000000000000036e+00,0.000000000000000000e+00,4.272368876688472511e-02,-4.272368876688472511e-02,-1.096846741634481148e+00
5.299999999999999822e+00,0.000000000000000000e+00,4.265134493725903503e-02,-4.265134493725903503e-02,-1.095126143369570260e+00
5.310000000000000497e+00,0.000000000000000000e+00,4.257850638400097892e-02,-4.257850638400097892e-02,-1.093393165238109033e+00
5.320000000000000284e+00,0.000000000000000000e+00,4.250517246327710497e-02,-4.250517246327710497e-02,-1.091647790593678113e+00
5.330000000000000071e+00,0.000000000000000000e+00,4.243134253349677837e-02,-4.243134253349677837e-02,-1.089890002845380845e+00
5.339999999999999858e+00,0.000000000000000000e+00,4.235701595532301300e-02,-4.235701595532301300e-02,-1.088119785458291799e+00
5.350000000000000533e+00,0.000000000000000000e+00,4.228219209168325443e-02,-4.228219209168325443e-02,-1.086337121953612872e+00
5.360000000000000320e+00,0.000000000000000000e+00,4.220687030778019072e-02,-4.220687030778019072e-02,-1.084541995908981482e+00
5.370000000000000107e+00,0.000000000000000000e+00,4.213104997110254935e-02,-4.213104997110254935e-02,-1.082734390958698167e+00
5.379999999999999893e+00,0.000000000000000000e+00,4.205473045143599126e-02,-4.205473045143599126e-02,-1.080914290794174226e+00
5.389999999999999680e+00,0.000000000000000000e+00,4.197791112087389392e-02,-4.197791112087389392e-02,-1.079081679163964580e+00
5.400000000000000355e+00,0.000000000000000000e+00,4.190059135382822458e-02,-4.190059135382822458e-02,-1.077236539874205423e+00
5.410000000000000142e+00,0.000000000000000000e+00,4.182277052704037185e-02,-4.182277052704037185e-02,-1.075378856788782755e+00
5.419999999999999929e+00,0.000000000000000000e+00,4.174444801959207446e-02,-4.174444801959207446e-02,-1.073508613829785574e+00
5.429999999999999716e+00,0.000000000000000000e+00,4.166562321291621129e-02,-4.166562321291621129e-02,-1.071625794977483892e+00
5.440000000000000391e+00,0.000000000000000000e+00,4.158629549080775784e-02,-4.158629549080775784e-02,-1.069730384270917156e+00
5.450000000000000178e+00,0.000000000000000000e+00,4.150646423943463170e-02,-4.150646423943463170e-02,-1.067822365807930884e+00
5.459999999999999964e+00,0.000000000000000000e+00,4.142612884734861445e-02,-4.142612884734861445e-02,-1.065901723745585228e+00
5.469999999999999751e+00,0.000000000000000000e+00,4.134528870549625257e-02,-4.134528870549625257e-02,-1.063968442300372130e+00
5.480000000000000426e+00,0.000000000000000000e+00,4.126394320722978626e-02,-4.126394320722978626e-02,-1.062022505748527079e+00
5.490000000000000213e+00,0.000000000000000000e+00,4.118209174831807123e-02,-4.118209174831807123e-02,-1.060063898426276241e+00
5.500000000000000000e+00,0.000000000000000000e+00,4.109973372695747973e-02,-4.109973372695747973e-02,-1.058092604730051400e+00
5.509999999999999787e+00,0.000000000000000000e+00,4.101686854378289171e-02,-4.101686854378289171e-02,-1.056108609116929165e+00
5.520000000000000462e+00,0.000000000000000000e+00,4.093349560187858199e-02,-4.093349560187858199e-02,-1.054111896104683588e+00
5.530000000000000249e+00,0.000000000000000000e+00,4.084961430678919758e-02,-4.084961430678919758e-02,-1.052102450272224932e+00
5.540000000000000036e+00,0.000000000000000000e+00,4.076522406653075581e-02,-4.076522406653075581e-02,-1.050080256259901867e+00
5.549999999999999822e+00,0.000000000000000000e+00,4.068032429160154534e-02,-4.068032429160154534e-02,-1.048045298769566980e+00
5.560000000000000497e+00,0.000000000000000000e+00,4.059491439499313126e-02,-4.059491439499313126e-02,-1.045997562565046390e+00
5.570000000000000284e+00,0.000000000000000000e+00,4.050899379220132546e-02,-4.050899379220132546e-02,-1.043937032472329607e+00
5.580000000000000071e+00,0.000000000000000000e+00,4.042256190123718479e-02,-4.042256190123718479e-02,-1.041863693379888156e+00
5.589999999999999858e+00,0.000000000000000000e+00,4.033561814263796758e-02,-4.033561814263796758e-02,-1.039777530238851888e+00
5.600000000000000533e+00,0.000000000000000000e+00,4.024816193947818033e-02,-4.024816193947818033e-02,-1.037678528063452843e+00
5.610000000000000320e+00,0.000000000000000000e+00,4.016019271738053426e-02,-4.016019271738053426e-02,-1.035566671931105853e+00
5.620000000000000107e+00,0.000000000000000000e+00,4.007170990452696424e-02,-4.007170990452696424e-02,-1.033441946982796011e+00
5.629999999999999893e+00,0.000000000000000000e+00,3.998271293166964085e-02,-3.998271293166964085e-02,-1.031304338423327138e+00
5.639999999999999680e+00,0.000000000000000000e+00,3.989320123214199626e-02,-3.989320123214199626e-02,-1.029153831521613327e+00
5.650000000000000355e+00,0.000000000000000000e+00,3.980317424186973624e-02,-3.980317424186973624e-02,-1.026990411610913645e+00
5.660000000000000142e+00,0.000000000000000000e+00,3.971263139938187997e-02,-3.971263139938187997e-02,-1.024814064089151211e+00
5.669999999999999929e+00,0.000000000000000000e+00,3.962157214582174430e-02,-3.962157214582174430e-02,-1.022624774419066407e+00
5.679999999999999716e+00,0.000000000000000000e+00,3.952999592495804598e-02,-3.952999592495804598e-02,-1.020422528128715589e+00
5.690000000000000391e+00,0.000000000000000000e+00,3.943790218319589286e-02,-3.943790218319589286e-02,-1.018207310811515276e+00
5.700000000000000178e+00,0.000000000000000000e+00,3.934529036958783060e-02,-3.934529036958783060e-02,-1.015979108126616293e+00
5.709999999999999964e+00,0.000000000000000000e+00,3.925215993584489638e-02,-3.925215993584489638e-02,-1.013737905799181549e+00
5.719999999999999751e+00,0.000000000000000000e+00,3.915851033634769329e-02,-3.915851033634769329e-02,-1.011483689620695792e+00
5.730000000000000426e+00,0.000000000000000000e+00,3.906434102815739551e-02,-3.906434102815739551e-02,-1.009216445449089061e+00
5.740000000000000213e+00,0.000000000000000000e+00,3.896965147102684351e-02,-3.896965147102684351e-02,-1.006936159209184556e+00
5.750000000000000000e+00,0.000000000000000000e+00,3.887444112741157698e-02,-3.887444112741157698e-02,-1.004642816892838519e+00
5.759999999999999787e+00,0.000000000000000000e+00,3.877870946248090922e-02,-3.877870946248090922e-02,-1.002336404559290184e+00
5.770000000000000462e+00,0.000000000000000000e+00,3.868245594412900168e-02,-3.868245594412900168e-02,-1.000016908335427335e+00
5.780000000000000249e+00,0.000000000000000000e+00,3.858568004298589676e-02,-3.858568004298589676e-02,-9.976843144159707188e-01
5.790000000000000036e+00,0.000000000000000000e+00,3.848838123242863396e-02,-3.848838123242863396e-02,-9.953386090639062544e-01
5.799999999999999822e+00,0.000000000000000000e+00,3.839055898859228266e-02,-3.839055898859228266e-02,-9.929797786105856172e-01
5.810000000000000497e+00,0.000000000000000000e+00,3.829221279038102360e-02,-3.829221279038102360e-02,-9.906078094560907266e-01
5.820000000000000284e+00,0.000000000000000000e+00,3.819334211947925106e-02,-3.819334211947925106e-02,-9.882226880695439419e-01
5.830000000000000071e+00,0.000000000000000000e+00,3.809394646036262655e-02,-3.809394646036262655e-02,-9.858244009892764836e-01
5.839999999999999858e+00,0.000000000000000000e+00,3.799402530030913244e-02,-3.799402530030913244e-02,-9.834129348230976619e-01
5.850000000000000533e+00,0.000000000000000000e+00,3.789357812941019504e-02,-3.789357812941019504e-02,-9.809882762487013297e-01
5.860000000000000320e+00,0.000000000000000000e+00,3.779260444058174517e-02,-3.779260444058174517e-02,-9.785504120138088791e-01
5.870000000000000107e+00,0.000000000000000000e+00,3.769110372957529265e-02,-3.769110372957529265e-02,-9.760993289364666703e-01
5.879999999999999893e+00,0.000000000000000000e+00,3.758907549498902156e-02,-3.758907549498902156e-02,-9.736350139053544517e-01
5.889999999999999680e+00,0.000000000000000000e+00,3.748651923827887866e-02,-3.748651923827887866e-02,-9.711574538800424872e-01
5.900000000000000355e+00,0.000000000000000000e+00,3.738343446376962698e-02,-3.738343446376962698e-02,-9.686666358911899533e-01
5.910000000000000142e+00,0.000000000000000000e+00,3.727982067866594112e-02,-3.727982067866594112e-02,-9.661625470408966576e-01
5.919999999999999929e+00,0.000000000000000000e+00,3.717567739306349567e-02,-3.717567739306349567e-02,-9.636451745029606109e-01
5.929999999999999716e+00,0.000000000000000000e+00,3.707100411996004652e-02,-3.707100411996004652e-02,-9.611145055231323786e-01
5.940000000000000391e+00,0.000000000000000000e+00,3.696580037526650542e-02,-3.696580037526650542e-02,-9.585705274193708769e-01
5.950000000000000178e+00,0.000000000000000000e+00,3.686006567781802828e-02,-3.686006567781802828e-02,-9.560132275821416892e-01
5.959999999999999964e+00,0.000000000000000000e+00,3.675379954938508970e-02,-3.675379954938508970e-02,-9.534425934746598719e-01
5.969999999999999751e+00,0.000000000000000000e+00,3.664700151468454348e-02,-3.664700151468454348e-02,-9.508586126331307620e-01
5.980000000000000426e+00,0.000000000000000000e+00,3.653967110139074576e-02,-3.653967110139074576e-02,-9.482612726671467707e-01
5.990000000000000213e+00,0.000000000000000000e+00,3.643180784014658086e-02,-3.643180784014658086e-02,-9.456505612597636556e-01
6.000000000000000000e+00,0.000000000000000000e+00,3.632341126457457742e-02,-3.632341126457457742e-02,-9.430264661679508276e-01
6.009999999999999787e+00,0.000000000000000000e+00,3.621448091128794816e-02,-3.621448091128794816e-02,-9.403889752227102550e-01
6.020000000000000462e+00,0.000000000000000000e+00,3.610501631990168520e-02,-3.610501631990168520e-02,-9.377380763294587140e-01
6.030000000000000249e+00,0.000000000000000000e+00,3.599501703304359979e-02,-3.599501703304359979e-02,-9.350737574681868836e-01
6.040000000000000036e+00,0.000000000000000000e+00,3.588448259636540377e-02,-3.588448259636540377e-02,-9.323960066938147273e-01
6.049999999999999822e+00,0.000000000000000000e+00,3.577341255855379099e-02,-3.577341255855379099e-02,-9.297048121364633877e-01
6.060000000000000497e+00,0.000000000000000000e+00,3.566180647134147008e-02,-3.566180647134147008e-02,-9.270001620016288246e-01
6.070000000000000284e+00,0.000000000000000000e+00,3.554966388951821821e-02,-3.554966388951821821e-02,-9.242820445704948984e-01
6.080000000000000071e+00,0.000000000000000000e+00,3.543698437094197629e-02,-3.543698437094197629e-02,-9.215504482002897513e-01
6.089999999999999858e+00,0.000000000000000000e+00,3.532376747654984717e-02,-3.532376747654984717e-02,-9.188053613243623019e-01
6.100000000000000533e+00,0.000000000000000000e+00,3.521001277036917704e-02,-3.521001277036917704e-02,-9.160467724526215605e-01
6.110000000000000320e+00,0.000000000000000000e+00,3.509571981952858133e-02,-3.509571981952858133e-02,-9.132746701716967230e-01
6.120000000000000107e+00,0.000000000000000000e+00,3.498088819426900531e-02,-3.498088819426900531e-02,-9.104890431452801192e-01
6.129999999999999893e+00,0.000000000000000000e+00,3.486551746795472223e-02,-3.486551746795472223e-02,-9.076898801142740947e-01
6.140000000000000568e+00,0.000000000000000000e+00,3.474960721708440087e-02,-3.474960721708440087e-02,-9.048771698972017941e-01
6.150000000000000355e+00,0.000000000000000000e+00,3.463315702130211754e-02,-3.463315702130211754e-02,-9.020509013903701412e-01
6.160000000000000142e+00,0.000000000000000000e+00,3.451616646340836120e-02,-3.451616646340836120e-02,-8.992110635681267450e-01
6.169999999999999929e+00,0.000000000000000000e+00,3.439863512937107320e-02,-3.439863512937107320e-02,-8.963576454832029583e-01
6.179999999999999716e+00,0.000000000000000000e+00,3.428056260833665936e-02,-3.428056260833665936e-02,-8.934906362669317037e-01
6.190000000000000391e+00,0.000000000000000000e+00,3.416194849264097416e-02,-3.416194849264097416e-02,-8.906100251294643000e-01
6.200000000000000178e+00,0.000000000000000000e+00,3.404279237782032591e-02,-3.404279237782032591e-02,-8.877158013600842112e-01
6.209999999999999964e+00,0.000000000000000000e+00,3.392309386262250953e-02,-3.392309386262250953e-02,-8.848079543275377823e-01
6.219999999999999751e+00,0.000000000000000000e+00,3.380285254901772840e-02,-3.380285254901772840e-02,-8.818864734800833105e-01
6.230000000000000426e+00,0.000000000000000000e+00,3.368206804220961331e-02,-3.368206804220961331e-02,-8.789513483459591159e-01
6.240000000000000213e+00,0.000000000000000000e+00,3.356073995064619980e-02,-3.356073995064619980e-02,-8.760025685335729451e-01
6.250000000000000000e+00,0.000000000000000000e+00,3.343886788603091242e-02,-3.343886788603091242e-02,-8.730401237317910734e-01
6.259999999999999787e+00,0.000000000000000000e+00,3.331645146333347962e-02,-3.331645146333347962e-02,-8.700640037100708657e-01
6.270000000000000462e+00,0.000000000000000000e+00,3.319349030080091800e-02,-3.319349030080091800e-02,-8.670741983188730018e-01
6.280000000000000249e+00,0.000000000000000000e+00,3.306998401996849579e-02,-3.306998401996849579e-02,-8.640706974898941795e-01
6.290000000000000036e+00,0.000000000000000000e+00,3.294593224567063383e-02,-3.294593224567063383e-02,-8.610534912362153293e-01
6.299999999999999822e+00,0.000000000000000000e+00,3.282133460605186209e-02,-3.282133460605186209e-02,-8.580225696526861956e-01
6.310000000000000497e+00,0.000000000000000000e+00,3.269619073257774844e-02,-3.269619073257774844e-02,-8.549779229161422744e-01
6.320000000000000284e+00,0.000000000000000000e+00,3.257050026004579962e-02,-3.257050026004579962e-02,-8.519195412856244154e-01
6.330000000000000071e+00,0.000000000000000000e+00,3.244426282659638311e-02,-3.244426282659638311e-02,-8.488474151026929038e-01
6.339999999999999858e+00,0.000000000000000000e+00,3.231747807372361420e-02,-3.231747807372361420e-02,-8.457615347916318527e-01
6.350000000000000533e+00,0.000000000000000000e+00,3.219014564628625702e-02,-3.219014564628625702e-02,-8.426618908597507396e-01
6.360000000000000320e+00,0.000000000000000000e+00,3.206226519251861862e-02,-3.206226519251861862e-02,-8.395484738976439765e-01
6.370000000000000107e+00,0.000000000000000000e+00,3.193383636404135972e-02,-3.193383636404135972e-02,-8.364212745792970471e-01
6.379999999999999893e+00,0.000000000000000000e+00,3.180485881587245822e-02,-3.180485881587245822e-02,-8.332802836626672649e-01
6.390000000000000568e+00,0.000000000000000000e+00,3.167533220643797831e-02,-3.167533220643797831e-02,-8.301254919895673101e-01
6.400000000000000355e+00,0.000000000000000000e+00,3.154525619758294375e-02,-3.154525619758294375e-02,-8.269568904861466230e-01
6.410000000000000142e+00,0.000000000000000000e+00,3.141463045458219722e-02,-3.141463045458219722e-02,-8.237744701631384281e-01
6.419999999999999929e+00,0.000000000000000000e+00,3.128345464615116950e-02,-3.128345464615116950e-02,-8.205782221159518830e-01
6.429999999999999716e+00,0.000000000000000000e+00,3.115172844445674577e-02,-3.115172844445674577e-02,-8.173681375251395931e-01
6.440000000000000391e+00,0.000000000000000000e+00,3.101945152512802784e-02,-3.101945152512802784e-02,-8.141442076564638919e-01
6.450000000000000178e+00,0.000000000000000000e+00,3.088662356726715880e-02,-3.088662356726715880e-02,-8.109064238612944120e-01
6.459999999999999964e+00,0.000000000000000000e+00,3.075324425346008875e-02,-3.075324425346008875e-02,-8.076547775767640713e-01
6.469999999999999751e+00,0.000000000000000000e+00,3.061931326978732659e-02,-3.061931326978732659e-02,-8.043892603260132113e-01
6.480000000000000426e+00,0.000000000000000000e+00,3.048483030583472655e-02,-3.048483030583472655e-02,-8.011098637185337656e-01
6.490000000000000213e+00,0.000000000000000000e+00,3.034979505470422265e-02,-3.034979505470422265e-02,-7.978165794503375707e-01
6.500000000000000000e+00,0.000000000000000000e+00,3.021420721302455273e-02,-3.021420721302455273e-02,-7.945093993042088298e-01
6.509999999999999787e+00,0.000000000000000000e+00,3.007806648096199645e-02,-3.007806648096199645e-02,-7.911883151500052058e-01
6.520000000000000462e+00,0.000000000000000000e+00,2.994137256223107849e-02,-2.994137256223107849e-02,-7.878533189448611029e-01
6.530000000000000249e+00,0.000000000000000000e+00,2.980412516410525098e-02,-2.980412516410525098e-02,-7.845044027334188153e-01
6.540000000000000036e+00,0.000000000000000000e+00,2.966632399742759330e-02,-2.966632399742759330e-02,-7.811415586481362805e-01
6.549999999999999822e+00,0.000000000000000000e+00,2.952796877662148753e-02,-2.952796877662148753e-02,-7.777647789095115671e-01
6.560000000000000497e+00,0.000000000000000000e+00,2.938905921970124888e-02,-2.938905921970124888e-02,-7.743740558262649509e-01
6.570000000000000284e+00,0.000000000000000000e+00,2.924959504828280113e-02,-2.924959504828280113e-02,-7.709693817957014028e-01
6.580000000000000071e+00,0.000000000000000000e+00,2.910957598759428278e-02,-2.910957598759428278e-02,-7.675507493038453699e-01
6.589999999999999858e+00,0.000000000000000000e+00,2.896900176648667044e-02,-2.896900176648667044e-02,-7.641181509257464199e-01
6.600000000000000533e+00,0.000000000000000000e+00,2.882787211744437805e-02,-2.882787211744437805e-02,-7.606715793257043945e-01
6.610000000000000320e+00,0.000000000000000000e+00,2.868618677659584906e-02,-2.868618677659584906e-02,-7.572110272575260925e-01
6.620000000000000107e+00,0.000000000000000000e+00,2.854394548372412438e-02,-2.854394548372412438e-02,-7.537364875647503126e-01
6.629999999999999893e+00,0.000000000000000000e+00,2.840114798227738949e-02,-2.840114798227738949e-02,-7.502479531808774471e-01
6.640000000000000568e+00,0.000000000000000000e+00,2.825779401937953544e-02,-2.825779401937953544e-02,-7.467454171296683541e-01
6.650000000000000355e+00,0.000000000000000000e+00,2.811388334584066784e-02,-2.811388334584066784e-02,-7.432288725253130002e-01
6.660000000000000142e+00,0.000000000000000000e+00,2.796941571616762962e-02,-2.796941571616762962e-02,-7.396983125727292219e-01
6.669999999999999929e+00,0.000000000000000000e+00,2.782439088857448575e-02,-2.782439088857448575e-02,-7.361537305677583465e-01
6.679999999999999716e+00,0.000000000000000000e+00,2.767880862499300099e-02,-2.767880862499300099e-02,-7.325951198974208767e-01
6.690000000000000391e+00,0.000000000000000000e+00,2.753266869108311060e-02,-2.753266869108311060e-02,-7.290224740401762826e-01
6.700000000000000178e+00,0.000000000000000000e+00,2.738597085624336347e-02,-2.738597085624336347e-02,-7.254357865661359428e-01
6.709999999999999964e+00,0.000000000000000000e+00,2.723871489362133733e-02,-2.723871489362133733e-02,-7.218350511372800815e-01
6.719999999999999751e+00,0.000000000000000000e+00,2.709090058012406793e-02,-2.709090058012406793e-02,-7.182202615077550867e-01
6.730000000000000426e+00,0.000000000000000000e+00,2.694252769642842271e-02,-2.694252769642842271e-02,-7.145914115240332709e-01
6.740000000000000213e+00,0.000000000000000000e+00,2.679359602699149870e-02,-2.679359602699149870e-02,-7.109484951252318385e-01
6.750000000000000000e+00,0.000000000000000000e+00,2.664410536006095800e-02,-2.664410536006095800e-02,-7.072915063432582139e-01
6.759999999999999787e+00,0.000000000000000000e+00,2.649405548768538413e-02,-2.649405548768538413e-02,-7.036204393031201265e-01
6.770000000000000462e+00,0.000000000000000000e+00,2.634344620572459314e-02,-2.634344620572459314e-02,-6.999352882231073547e-01
6.780000000000000249e+00,0.000000000000000000e+00,2.619227731385994490e-02,-2.619227731385994490e-02,-6.962360474150595113e-01
6.790000000000000036e+00,0.000000000000000000e+00,2.604054861560461953e-02,-2.604054861560461953e-02,-6.925227112845659949e-01
6.799999999999999822e+00,0.000000000000000000e+00,2.588825991831387660e-02,-2.588825991831387660e-02,-6.887952743312016901e-01
6.810000000000000497e+00,0.000000000000000000e+00,2.573541103319531079e-02,-2.573541103319531079e-02,-6.850537311487867598e-01
6.820000000000000284e+00,0.000000000000000000e+00,2.558200177531906941e-02,-2.558200177531906941e-02,-6.812980764255807120e-01
6.830000000000000071e+00,0.000000000000000000e+00,2.542803196362806648e-02,-2.542803196362806648e-02,-6.775283049445430805e-01
6.839999999999999858e+00,0.000000000000000000e+00,2.527350142094815511e-02,-2.527350142094815511e-02,-6.737444115835184988e-01
6.850000000000000533e+00,0.000000000000000000e+00,2.511840997399829301e-02,-2.511840997399829301e-02,-6.699463913154903860e-01
6.860000000000000320e+00,0.000000000000000000e+00,2.496275745340070101e-02,-2.496275745340070101e-02,-6.661342392088350772e-01
6.870000000000000107e+00,0.000000000000000000e+00,2.480654369369095225e-02,-2.480654369369095225e-02,-6.623079504274503870e-01
6.879999999999999893e+00,0.000000000000000000e+00,2.464976853332810983e-02,-2.464976853332810983e-02,-6.584675202311198738e-01
6.890000000000000568e+00,0.000000000000000000e+00,2.449243181470478481e-02,-2.449243181470478481e-02,-6.546129439756199764e-01
6.900000000000000355e+00,0.000000000000000000e+00,2.433453338415719758e-02,-2.433453338415719758e-02,-6.507442171129939057e-01
6.910000000000000142e+00,0.000000000000000000e+00,2.417607309197520801e-02,-2.417607309197520801e-02,-6.468613351917549270e-01
6.919999999999999929e+00,0.000000000000000000e+00,2.401705079241232832e-02,-2.401705079241232832e-02,-6.429642938571189514e-01
6.929999999999999716e+00,0.000000000000000000e+00,2.385746634369571850e-02,-2.385746634369571850e-02,-6.390530888512335750e-01
6.940000000000000391e+00,0.000000000000000000e+00,2.369731960803614368e-02,-2.369731960803614368e-02,-6.351277160133691480e-01
6.950000000000000178e+00,0.000000000000000000e+00,2.353661045163792098e-02,-2.353661045163792098e-02,-6.311881712801623578e-01
6.959999999999999964e+00,0.000000000000000000e+00,2.337533874470882830e-02,-2.337533874470882830e-02,-6.272344506858047453e-01
6.969999999999999751e+00,0.000000000000000000e+00,2.321350436147000956e-02,-2.321350436147000956e-02,-6.232665503623000536e-01
6.980000000000000426e+00,0.000000000000000000e+00,2.305110718016583835e-02,-2.305110718016583835e-02,-6.192844665396455284e-01
6.990000000000000213e+00,0.000000000000000000e+00,2.288814708307376072e-02,-2.288814708307376072e-02,-6.152881955460540730e-01
7.000000000000000000e+00,0.000000000000000000e+00,2.272462395651411726e-02,-2.272462395651411726e-02,-6.112777338081762935e-01
7.009999999999999787e+00,0.000000000000000000e+00,2.256053769085993727e-02,-2.256053769085993727e-02,-6.072530778513081096e-01
7.020000000000000462e+00,0.000000000000000000e+00,2.239588818054669486e-02,-2.239588818054669486e-02,-6.032142242995766068e-01
7.030000000000000249e+00,0.000000000000000000e+00,2.223067532408206509e-02,-2.223067532408206509e-02,-5.991611698762039362e-01
7.040000000000000036e+00,0.000000000000000000e+00,2.206489902405562101e-02,-2.206489902405562101e-02,-5.950939114036499777e-01
7.049999999999999822e+00,0.000000000000000000e+00,2.189855918714854119e-02,-2.189855918714854119e-02,-5.910124458038954476e-01
7.060000000000000497e+00,0.000000000000000000e+00,2.173165572414325827e-02,-2.173165572414325827e-02,-5.869167700985862268e-01
7.070000000000000284e+00,0.000000000000000000e+00,2.156418854993308667e-02,-2.156418854993308667e-02,-5.828068814092507433e-01
7.080000000000000071e+00,0.000000000000000000e+00,2.139615758353181560e-02,-2.139615758353181560e-02,-5.786827769574929281e-01
7.089999999999999858e+00,0.000000000000000000e+00,2.122756274808330554e-02,-2.122756274808330554e-02,-5.745444540652580034e-01
7.100000000000000533e+00,0.000000000000000000e+00,2.105840397087102231e-02,-2.105840397087102231e-02,-5.703919101549679294e-01
7.110000000000000320e+00,0.000000000000000000e+00,2.088868118332754681e-02,-2.088868118332754681e-02,-5.662251427497324574e-01
7.120000000000000107e+00,0.000000000000000000e+00,2.071839432104407089e-02,-2.071839432104407089e-02,-5.620441494735788357e-01
7.129999999999999893e+00,0.000000000000000000e+00,2.054754332377983772e-02,-2.054754332377983772e-02,-5.578489280516008009e-01
7.140000000000000568e+00,0.000000000000000000e+00,2.037612813547156482e-02,-2.037612813547156482e-02,-5.536394763101804006e-01
7.150000000000000355e+00,0.000000000000000000e+00,2.020414870424284276e-02,-2.020414870424284276e-02,-5.494157921771977149e-01
7.160000000000000142e+00,0.000000000000000000e+00,2.003160498241348189e-02,-2.003160498241348189e-02,-5.451778736821836224e-01
7.169999999999999929e+00,0.000000000000000000e+00,1.985849692650883819e-02,-1.985849692650883819e-02,-5.409257189565335189e-01
7.179999999999999716e+00,0.000000000000000000e+00,1.968482449726911485e-02,-1.968482449726911485e-02,-5.366593262337165937e-01
7.190000000000000391e+00,0.000000000000000000e+00,1.951058765965859795e-02,-1.951058765965859795e-02,-5.323786938493975107e-01
7.200000000000000178e+00,0.000000000000000000e+00,1.933578638287489562e-02,-1.933578638287489562e-02,-5.280838202416990868e-01
7.209999999999999964e+00,0.000000000000000000e+00,1.916042064035810080e-02,-1.916042064035810080e-02,-5.237747039513040992e-01
7.219999999999999751e+00,0.000000000000000000e+00,1.898449040979995062e-02,-1.898449040979995062e-02,-5.194513436217009783e-01
7.230000000000000426e+00,0.000000000000000000e+00,1.880799567315294407e-02,-1.880799567315294407e-02,-5.151137379993551146e-01
7.240000000000000213e+00,0.000000000000000000e+00,1.863093641663938690e-02,-1.863093641663938690e-02,-5.107618859338138861e-01
7.250000000000000000e+00,0.000000000000000000e+00,1.845331263076044337e-02,-1.845331263076044337e-02,-5.063957863779742219e-01
7.259999999999999787e+00,0.000000000000000000e+00,1.827512431030512557e-02,-1.827512431030512557e-02,-5.020154383882071691e-01
7.270000000000000462e+00,0.000000000000000000e+00,1.809637145435923078e-02,-1.809637145435923078e-02,-4.976208411245058305e-01
7.280000000000000249e+00,0.000000000000000000e+00,1.791705406631425440e-02,-1.791705406631425440e-02,-4.932119938506853707e-01
7.290000000000000036e+00,0.000000000000000000e+00,1.773717215387625099e-02,-1.773717215387625099e-02,-4.887888959345291218e-01
7.299999999999999822e+00,0.000000000000000000e+00,1.755672572907464313e-02,-1.755672572907464313e-02,-4.843515468479315800e-01
7.310000000000000497e+00,0.000000000000000000e+00,1.737571480827100959e-02,-1.737571480827100959e-02,-4.798999461671055733e-01
7.320000000000000284e+00,0.000000000000000000e+00,1.719413941216777972e-02,-1.719413941216777972e-02,-4.754340935726412698e-01
7.330000000000000071e+00,0.000000000000000000e+00,1.701199956581692790e-02,-1.701199956581692790e-02,-4.709539888497512594e-01
7.339999999999999858e+00,0.000000000000000000e+00,1.682929529862858473e-02,-1.682929529862858473e-02,-4.664596318883507675e-01
7.350000000000000533e+00,0.000000000000000000e+00,1.664602664437959956e-02,-1.664602664437959956e-02,-4.619510226832029831e-01
7.360000000000000320e+00,0.000000000000000000e+00,1.646219364122205459e-02,-1.646219364122205459e-02,-4.574281613340662189e-01
7.370000000000000107e+00,0.000000000000000000e+00,1.627779633169171639e-02,-1.627779633169171639e-02,-4.528910480458104293e-01
7.379999999999999893e+00,0.000000000000000000e+00,1.609283476271643545e-02,-1.609283476271643545e-02,-4.483396831285552664e-01
7.390000000000000568e+00,0.000000000000000000e+00,1.590730898562446941e-02,-1.590730898562446941e-02,-4.437740669977562891e-01
7.400000000000000355e+00,0.000000000000000000e+00,1.572121905615274373e-02,-1.572121905615274373e-02,-4.391942001743199264e-01
7.410000000000000142e+00,0.000000000000000000e+00,1.553456503445505878e-02,-1.553456503445505878e-02,-4.346000832847334294e-01
7.419999999999999929e+00,0.000000000000000000e+00,1.534734698511021865e-02,-1.534734698511021865e-02,-4.299917170611450290e-01
7.429999999999999716e+00,0.000000000000000000e+00,1.515956497713006126e-02,-1.515956497713006126e-02,-4.253691023414015171e-01
7.440000000000000391e+00,0.000000000000000000e+00,1.497121908396744673e-02,-1.497121908396744673e-02,-4.207322400691981823e-01
7.450000000000000178e+00,0.000000000000000000e+00,1.478230938352413301e-02,-1.478230938352413301e-02,-4.160811312940863038e-01
7.459999999999999964e+00,0.000000000000000000e+00,1.459283595815858044e-02,-1.459283595815858044e-02,-4.114157771715606926e-01
7.469999999999999751e+00,0.000000000000000000e+00,1.440279889469365214e-02,-1.440279889469365214e-02,-4.067361789630811186e-01
7.480000000000000426e+00,0.000000000000000000e+00,1.421219828442422083e-02,-1.421219828442422083e-02,-4.020423380361117793e-01
7.490000000000000213e+00,0.000000000000000000e+00,1.402103422312466971e-02,-1.402103422312466971e-02,-3.973342558641346223e-01
7.500000000000000000e+00,0.000000000000000000e+00,1.382930681105627377e-02,-1.382930681105627377e-02,-3.926119340266333579e-01
7.509999999999999787e+00,0.000000000000000000e+00,1.363701615297446823e-02,-1.363701615297446823e-02,-3.878753742090884638e-01
7.520000000000000462e+00,0.000000000000000000e+00,1.344416235813599217e-02,-1.344416235813599217e-02,-3.831245782029466529e-01
7.530000000000000249e+00,0.000000000000000000e+00,1.325074554030587597e-02,-1.325074554030587597e-02,-3.783595479055235633e-01
7.540000000000000036e+00,0.000000000000000000e+00,1.305676581776429174e-02,-1.305676581776429174e-02,-3.735802853199436946e-01
7.549999999999999822e+00,0.000000000000000000e+00,1.286222331331324763e-02,-1.286222331331324763e-02,-3.687867925550374903e-01
7.560000000000000497e+00,0.000000000000000000e+00,1.266711815428309303e-02,-1.266711815428309303e-02,-3.639790718251706414e-01
7.570000000000000284e+00,0.000000000000000000e+00,1.247145047253884857e-02,-1.247145047253884857e-02,-3.591571254500970922e-01
7.580000000000000071e+00,0.000000000000000000e+00,1.227522040448632105e-02,-1.227522040448632105e-02,-3.543209558547277260e-01
7.589999999999999858e+00,0.000000000000000000e+00,1.207842809107799453e-02,-1.207842809107799453e-02,-3.494705655688786772e-01
7.600000000000000533e+00,0.000000000000000000e+00,1.188107367781867339e-02,-1.188107367781867339e-02,-3.446059572269651872e-01
7.610000000000000320e+00,0.000000000000000000e+00,1.168315731477087387e-02,-1.168315731477087387e-02,-3.397271335676846915e-01
7.620000000000000107e+00,0.000000000000000000e+00,1.148467915655989290e-02,-1.148467915655989290e-02,-3.348340974335516362e-01
7.629999999999999893e+00,0.000000000000000000e+00,1.128563936237856995e-02,-1.128563936237856995e-02,-3.299268517704557202e-01
7.640000000000000568e+00,0.000000000000000000e+00,1.108603809599167760e-02,-1.108603809599167760e-02,-3.250053996270881318e-01
7.650000000000000355e+00,0.000000000000000000e+00,1.088587552573992354e-02,-1.088587552573992354e-02,-3.200697441543230437e-01
7.660000000000000142e+00,0.000000000000000000e+00,1.068515182454348768e-02,-1.068515182454348768e-02,-3.151198886044385139e-01
7.669999999999999929e+00,0.000000000000000000e+00,1.048386716990508741e-02,-1.048386716990508741e-02,-3.101558363303147381e-01
7.679999999999999716e+00,0.000000000000000000e+00,1.028202174391247906e-02,-1.028202174391247906e-02,-3.051775907844374580e-01
7.690000000000000391e+00,0.000000000000000000e+00,1.007961573324032620e-02,-1.007961573324032620e-02,-3.001851555177504904e-01
7.700000000000000178e+00,0.000000000000000000e+00,9.876649329151384465e-03,-9.876649329151384465e-03,-2.951785341783956795e-01
7.709999999999999964e+00,0.000000000000000000e+00,9.673122727496905743e-03,-9.673122727496905743e-03,-2.901577305102418514e-01
7.719999999999999751e+00,0.000000000000000000e+00,9.469036128716155909e-03,-9.469036128716155909e-03,-2.851227483511867278e-01
7.730000000000000426e+00,0.000000000000000000e+00,9.264389737834955937e-03,-9.264389737834955937e-03,-2.800735916312596663e-01
7.740000000000000213e+00,0.000000000000000000e+00,9.059183764462833480e-03,-9.059183764462833480e-03,-2.750102643698742466e-01
7.750000000000000000e+00,0.000000000000000000e+00,8.853418422789159636e-03,-8.853418422789159636e-03,-2.699327706738061106e-01
7.759999999999999787e+00,0.000000000000000000e+00,8.647093931577677639e-03,-8.647093931577677639e-03,-2.648411147339582161e-01
7.770000000000000462e+00,0.000000000000000000e+00,8.440210514159272523e-03,-8.440210514159272523e-03,-2.597353008217900827e-01
7.780000000000000249e+00,0.000000000000000000e+00,8.232768398422778827e-03,-8.232768398422778827e-03,-2.546153332853028917e-01
7.790000000000000036e+00,0.000000000000000000e+00,8.024767816803456827e-03,-8.024767816803456827e-03,-2.494812165442431562e-01
7.799999999999999822e+00,0.000000000000000000e+00,7.816209006268783413e-03,-7.816209006268783413e-03,-2.443329550845466103e-01
7.810000000000000497e+00,0.000000000000000000e+00,7.607092208301116133e-03,-7.607092208301116133e-03,-2.391705534518426268e-01
7.820000000000000284e+00,0.000000000000000000e+00,7.397417400909640436e-03,-7.397417400909640436e-03,-2.339934773431470161e-01
7.830000000000000071e+00,0.000000000000000000e+00,7.187184614671915037e-03,-7.187184614671915037e-03,-2.288018227689000983e-01
7.839999999999999858e+00,0.000000000000000000e+00,6.976394031212643926e-03,-6.976394031212643926e-03,-2.235958848389046905e-01
7.850000000000000533e+00,0.000000000000000000e+00,6.765045833965233589e-03,-6.765045833965233589e-03,-2.183756615570809911e-01
7.860000000000000320e+00,0.000000000000000000e+00,6.553140206806353125e-03,-6.553140206806353125e-03,-2.131411482205643471e-01
7.870000000000000107e+00,0.000000000000000000e+00,6.340677333831129699e-03,-6.340677333831129699e-03,-2.078923396863094353e-01
7.879999999999999893e+00,0.000000000000000000e+00,6.127657399116384802e-03,-6.127657399116384802e-03,-2.026292303425483166e-01
7.890000000000000568e+00,0.000000000000000000e+00,5.914080586460252267e-03,-5.914080586460252267e-03,-1.973518140565577172e-01
7.900000000000000355e+00,0.000000000000000000e+00,5.699947079095029484e-03,-5.699947079095029484e-03,-1.920600841156189231e-01
7.910000000000000142e+00,0.000000000000000000e+00,5.485257059369672700e-03,-5.485257059369672700e-03,-1.867540331602181025e-01
7.919999999999999929e+00,0.000000000000000000e+00,5.270010708397664632e-03,-5.270010708397664632e-03,-1.814336531080453785e-01
7.930000000000000604e+00,0.000000000000000000e+00,5.054208205665300900e-03,-5.054208205665300900e-03,-1.760989350673323739e-01
7.940000000000000391e+00,0.000000000000000000e+00,4.837849728594450366e-03,-4.837849728594450366e-03,-1.707498692374370686e-01
7.950000000000000178e+00,0.000000000000000000e+00,4.620935452052708260e-03,-4.620935452052708260e-03,-1.653864447942703930e-01
7.959999999999999964e+00,0.000000000000000000e+00,4.403465547802448872e-03,-4.403465547802448872e-03,-1.600086497575811117e-01
7.969999999999999751e+00,0.000000000000000000e+00,4.185440183878484828e-03,-4.185440183878484828e-03,-1.546164708363126361e-01
7.980000000000000426e+00,0.000000000000000000e+00,3.966859523881784838e-03,-3.966859523881784838e-03,-1.492098932472836204e-01
7.990000000000000213e+00,0.000000000000000000e+00,3.747723726173836454e-03,-3.747723726173836454e-03,-1.437889005011841470e-01
8.000000000000000000e+00,0.000000000000000000e+00,3.528032942952543261e-03,-3.528032942952543261e-03,-1.383534741481355912e-01
8.009999999999999787e+00,0.000000000000000000e+00,3.307787319185736402e-03,-3.307787319185736402e-03,-1.329035934727654245e-01
8.019999999999999574e+00,0.000000000000000000e+00,3.086986991372051188e-03,-3.086986991372051188e-03,-1.274392351255806410e-01
8.029999999999999361e+00,0.000000000000000000e+00,2.865632086090488806e-03,-2.865632086090488806e-03,-1.219603726730825732e-01
8.040000000000000924e+00,0.000000000000000000e+00,2.643722718288558666e-03,-2.643722718288558666e-03,-1.164669760428675427e-01
8.050000000000000711e+00,0.000000000000000000e+00,2.421258989243218508e-03,-2.421258989243218508e-03,-1.109590108311798717e-01
8.060000000000000497e+00,0.000000000000000000e+00,2.198240984106897711e-03,-2.198240984106897711e-03,-1.054364374274860405e-01
8.070000000000000284e+00,0.000000000000000000e+00,1.974668768919633430e-03,-1.974668768919633430e-03,-9.989920989145661956e-02
8.080000000000000071e+00,0.000000000000000000e+00,1.750542386922769979e-03,-1.750542386922769979e-03,-9.434727448830071417e-02
8.089999999999999858e+00,0.000000000000000000e+00,1.525861853941642542e-03,-1.525861853941642542e-03,-8.878056774234321935e-02
8.099999999999999645e+00,0.000000000000000000e+00,1.300627152500108625e-03,-1.300627152500108625e-03,-8.319901379390326479e-02
8.109999999999999432e+00,0.000000000000000000e+00,1.074838224163847692e-03,-1.074838224163847692e-03,-7.760252071899037540e-02
8.120000000000000995e+00,0.000000000000000000e+00,8.484949593358106449e-04,-8.484949593358106449e-04,-7.199097525162401201e-02
8.130000000000000782e+00,0.000000000000000000e+00,6.215971832556095719e-04,-6.215971832556095719e-04,-6.636423494480242491e-02
8.140000000000000568e+00,0.000000000000000000e+00,3.941446360966724860e-04,-3.941446360966724860e-04,-6.072211601967114625e-02
8.150000000000000355e+00,0.000000000000000000e+00,1.661369433875758994e-04,-1.661369433875758994e-04,-5.506437350739473713e-02
8.160000000000000142e+00,0.000000000000000000e+00,-6.242643053755526157e-05,6.242643053755526157e-05,-4.939066652609258590e-02
8.169999999999999929e+00,0.000000000000000000e+00,-2.915426618608553963e-04,2.915426618608553963e-04,-4.370773129439703419e-02
8.179999999999999716e+00,0.000000000000000000e+00,-5.212028009482692036e-04,5.212028009482692036e-04,-3.802793453970937376e-02
8.189999999999999503e+00,0.000000000000000000e+00,-7.514066085891133850e-04,7.514066085891133850e-04,-3.233392889674063797e-02
8.199999999999999289e+00,0.000000000000000000e+00,-9.821537895599739745e-04,9.821537895599739745e-04,-2.662582276363328893e-02
8.210000000000000853e+00,0.000000000000000000e+00,-1.213443982338664219e-03,1.213443982338664219e-03,-2.090374634934988318e-02
8.220000000000000639e+00,0.000000000000000000e+00,-1.445276781038926789e-03,1.445276781038926789e-03,-1.516778708224891803e-02
8.230000000000000426e+00,0.000000000000000000e+00,-1.677651749030294659e-03,1.677651749030294659e-03,-9.418005893976399978e-03
8.240000000000000213e+00,0.000000000000000000e+00,-1.910568427683960804e-03,1.910568427683960804e-03,-3.654446749591477861e-03
8.250000000000000000e+00,0.000000000000000000e+00,-2.144026342188392470e-03,2.144026342188392470e-03,2.122857633989005954e-03
8.259999999999999787e+00,0.000000000000000000e+00,-2.378025005522010557e-03,2.378025005522010557e-03,7.913882197731092472e-03
8.269999999999999574e+00,0.000000000000000000e+00,-2.612563921223466472e-03,2.612563921223466472e-03,1.371860720159689961e-02
8.279999999999999361e+00,0.000000000000000000e+00,-2.847642585353433748e-03,2.847642585353433748e-03,1.953701665385848552e-02
8.290000000000000924e+00,0.000000000000000000e+00,-3.083260487898985096e-03,3.083260487898985096e-03,2.536909722919866716e-02
8.300000000000000711e+00,0.000000000000000000e+00,-3.319417113785533800e-03,3.319417113785533800e-03,3.121483750747405805e-02
8.310000000000000497e+00,0.000000000000000000e+00,-3.556111943607554327e-03,3.556111943607554327e-03,3.707422742831056883e-02
8.320000000000000284e+00,0.000000000000000000e+00,-3.793344454154785102e-03,3.793344454154785102e-03,4.294725789434156171e-02
8.330000000000000071e+00,0.000000000000000000e+00,-4.031114118787823032e-03,4.031114118787823032e-03,4.883392047878226672e-02
8.339999999999999858e+00,0.000000000000000000e+00,-4.269420407701665296e-03,4.269420407701665296e-03,5.473420720753685575e-02
8.349999999999999645e+00,0.000000000000000000e+00,-4.508262788105187741e-03,4.508262788105187741e-03,6.064811039535772386e-02
8.359999999999999432e+00,0.000000000000000000e+00,-4.747640724337139767e-03,4.747640724337139767e-03,6.657562252171500550e-02
8.370000000000000995e+00,0.000000000000000000e+00,-4.987553677933969851e-03,4.987553677933969851e-03,7.251673613619569192e-02
8.380000000000000782e+00,0.000000000000000000e+00,-5.228001107660996787e-03,5.228001107660996787e-03,7.847144378609915982e-02
8.390000000000000568e+00,0.000000000000000000e+00,-5.468982469515660562e-03,5.468982469515660562e-03,8.443973796086495787e-02
8.400000000000000355e+00,0.000000000000000000e+00,-5.710497216709525467e-03,5.710497216709525467e-03,9.042161104936041749e-02
8.410000000000000142e+00,0.000000000000000000e+00,-5.952544799634188442e-03,5.952544799634188442e-03,9.641705530710725780e-02
8.419999999999999929e+00,0.000000000000000000e+00,-6.195124665815061708e-03,6.195124665815061708e-03,1.024260628311672860e-01
8.429999999999999716e+00,0.000000000000000000e+00,-6.438236259856133098e-03,6.438236259856133098e-03,1.084486255410258559e-01
8.439999999999999503e+00,0.000000000000000000e+00,-6.681879023378139645e-03,6.681879023378139645e-03,1.144847351641934408e-01
8.449999999999999289e+00,0.000000000000000000e+00,-6.926052394952030532e-03,6.926052394952030532e-03,1.205343832254452963e-01
8.460000000000000853e+00,0.000000000000000000e+00,-7.170755810029232069e-03,7.170755810029232069e-03,1.265975610390097650e-01
8.470000000000000639e+00,0.000000000000000000e+00,-7.415988700869886527e-03,7.415988700869886527e-03,1.326742597030470816e-01
8.480000000000000426e+00,0.000000000000000000e+00,-7.661750496469976399e-03,7.661750496469976399e-03,1.387644700959202448e-01
8.490000000000000213e+00,0.000000000000000000e+00,-7.908040622488086979e-03,7.908040622488086979e-03,1.448681828739564192e-01
8.500000000000000000e+00,0.000000000000000000e+00,-8.154858501172345883e-03,8.154858501172345883e-03,1.509853884702823112e-01
8.509999999999999787e+00,0.000000000000000000e+00,-8.402203551288012218e-03,8.402203551288012218e-03,1.571160770946141150e-01
8.519999999999999574e+00,0.000000000000000000e+00,-8.650075188046049343e-03,8.650075188046049343e-03,1.632602387337291905e-01
8.529999999999999361e+00,0.000000000000000000e+00,-8.898472823032950105e-03,8.898472823032950105e-03,1.694178631524981826e-01
8.540000000000000924e+00,0.000000000000000000e+00,-9.147395864142014027e-03,9.147395864142014027e-03,1.755889398953408564e-01
8.550000000000000711e+00,0.000000000000000000e+00,-9.396843715506218719e-03,9.396843715506218719e-03,1.817734582879981797e-01
8.560000000000000497e+00,0.000000000000000000e+00,-9.646815777432831210e-03,9.646815777432831210e-03,1.879714074396248713e-01
8.570000000000000284e+00,0.000000000000000000e+00,-9.897311686209461432e-03,9.897311686209461432e-03,1.941832586398284932e-01
8.580000000000000071e+00,0.000000000000000000e+00,-1.014833092233266218e-02,1.014833092233266218e-02,2.004087000105885807e-01
8.589999999999999858e+00,0.000000000000000000e+00,-1.039987287474294919e-02,1.039987287474294919e-02,2.066475457314168596e-01
8.599999999999999645e+00,0.000000000000000000e+00,-1.065193692603327510e-02,1.065193692603327510e-02,2.128997795012951277e-01
8.609999999999999432e+00,0.000000000000000000e+00,-1.090452245312421853e-02,1.090452245312421853e-02,2.191653862398845742e-01
8.620000000000000995e+00,0.000000000000000000e+00,-1.115762882727650701e-02,1.115762882727650701e-02,2.254443507682647452e-01
8.630000000000000782e+00,0.000000000000000000e+00,-1.141125541409797675e-02,1.141125541409797675e-02,2.317366577979003139e-01
8.640000000000000568e+00,0.000000000000000000e+00,-1.166540157355017149e-02,1.166540157355017149e-02,2.380422919299619577e-01
8.650000000000000355e+00,0.000000000000000000e+00,-1.192006665995464822e-02,1.192006665995464822e-02,2.443612376547742437e-01
8.660000000000000142e+00,0.000000000000000000e+00,-1.217525002199902791e-02,1.217525002199902791e-02,2.506934793513356796e-01
8.669999999999999929e+00,0.000000000000000000e+00,-1.243095100274281724e-02,1.243095100274281724e-02,2.570390012868846719e-01
8.679999999999999716e+00,0.000000000000000000e+00,-1.268716893962338471e-02,1.268716893962338471e-02,2.633977876172339805e-01
8.689999999999999503e+00,0.000000000000000000e+00,-1.294390316446093411e-02,1.294390316446093411e-02,2.697698223847800336e-01
8.700000000000001066e+00,0.000000000000000000e+00,-1.320115300346360460e-02,1.320115300346360460e-02,2.761550895187637189e-01
8.710000000000000853e+00,0.000000000000000000e+00,-1.345891777723277026e-02,1.345891777723277026e-02,2.825535728356801668e-01
8.720000000000000639e+00,0.000000000000000000e+00,-1.371719680076797371e-02,1.371719680076797371e-02,2.889652560385556623e-01
8.730000000000000426e+00,0.000000000000000000e+00,-1.397598938347171561e-02,1.397598938347171561e-02,2.953901227166635945e-01
8.740000000000000213e+00,0.000000000000000000e+00,-1.423529482915411766e-02,1.423529482915411766e-02,3.018281563452727689e-01
8.750000000000000000e+00,0.000000000000000000e+00,-1.449511243603744150e-02,1.449511243603744150e-02,3.082793402853580278e-01
8.759999999999999787e+00,0.000000000000000000e+00,-1.475544149676052789e-02,1.475544149676052789e-02,3.147436577834373250e-01
8.769999999999999574e+00,0.000000000000000000e+00,-1.501628129838307804e-02,1.501628129838307804e-02,3.212210919712500945e-01
8.779999999999999361e+00,0.000000000000000000e+00,-1.527763112238986545e-02,1.527763112238986545e-02,3.277116258656113112e-01
8.790000000000000924e+00,0.000000000000000000e+00,-1.553949024469482819e-02,1.553949024469482819e-02,3.342152423681613027e-01
8.800000000000000711e+00,0.000000000000000000e+00,-1.580185793564506044e-02,1.580185793564506044e-02,3.407319242651538627e-01
8.810000000000000497e+00,0.000000000000000000e+00,-1.606473346002473129e-02,1.606473346002473129e-02,3.472616542272964346e-01
8.820000000000000284e+00,0.000000000000000000e+00,-1.632811607705888374e-02,1.632811607705888374e-02,3.538044148094950936e-01
8.830000000000000071e+00,0.000000000000000000e+00,-1.659200504041716609e-02,1.659200504041716609e-02,3.603601884507028341e-01
8.839999999999999858e+00,0.000000000000000000e+00,-1.685639959821749745e-02,1.685639959821749745e-02,3.669289574737688020e-01
8.849999999999999645e+00,0.000000000000000000e+00,-1.712129899302961347e-02,1.712129899302961347e-02,3.735107040851787796e-01
8.859999999999999432e+00,0.000000000000000000e+00,-1.738670246187854623e-02,1.738670246187854623e-02,3.801054103749014756e-01
8.870000000000000995e+00,0.000000000000000000e+00,-1.765260923624806591e-02,1.765260923624806591e-02,3.867130583162890489e-01
8.880000000000000782e+00,0.000000000000000000e+00,-1.791901854208400452e-02,1.791901854208400452e-02,3.933336297658170388e-01
8.890000000000000568e+00,0.000000000000000000e+00,-1.818592959979752413e-02,1.818592959979752413e-02,3.999671064629465866e-01
8.900000000000000355e+00,0.000000000000000000e+00,-1.845334162426834346e-02,1.845334162426834346e-02,4.066134700300148008e-01
8.910000000000000142e+00,0.000000000000000000e+00,-1.872125382484785688e-02,1.872125382484785688e-02,4.132727019719904527e-01
8.919999999999999929e+00,0.000000000000000000e+00,-1.898966540536223269e-02,1.898966540536223269e-02,4.199447836764031439e-01
8.929999999999999716e+00,0.000000000000000000e+00,-1.925857556411541063e-02,1.925857556411541063e-02,4.266296964131110481e-01
8.939999999999999503e+00,0.000000000000000000e+00,-1.952798349389209265e-02,1.952798349389209265e-02,4.333274213342550030e-01
8.950000000000001066e+00,0.000000000000000000e+00,-1.979788838196062245e-02,1.979788838196062245e-02,4.400379394740033256e-01
8.960000000000000853e+00,0.000000000000000000e+00,-2.006828941007584091e-02,2.006828941007584091e-02,4.467612317484690454e-01
8.970000000000000639e+00,0.000000000000000000e+00,-2.033918575448190325e-02,2.033918575448190325e-02,4.534972789555990480e-01
8.980000000000000426e+00,0.000000000000000000e+00,-2.061057658591501640e-02,2.061057658591501640e-02,4.602460617749773997e-01
8.990000000000000213e+00,0.000000000000000000e+00,-2.088246106960613135e-02,2.088246106960613135e-02,4.670075607676989482e-01
9.000000000000000000e+00,0.000000000000000000e+00,-2.115483836528362499e-02,2.115483836528362499e-02,4.737817563763102036e-01
9.009999999999999787e+00,0.000000000000000000e+00,-2.142770762717588484e-02,2.142770762717588484e-02,4.805686289245760801e-01
9.019999999999999574e+00,0.000000000000000000e+00,-2.170106800401389729e-02,2.170106800401389729e-02,4.873681586174478109e-01
9.029999999999999361e+00,0.000000000000000000e+00,-2.197491863903376988e-02,2.197491863903376988e-02,4.941803255408902529e-01
9.040000000000000924e+00,0.000000000000000000e+00,-2.224925866997921886e-02,2.224925866997921886e-02,5.010051096617714750e-01
9.050000000000000711e+00,0.000000000000000000e+00,-2.252408722910402561e-02,2.252408722910402561e-02,5.078424908277583416e-01
9.060000000000000497e+00,0.000000000000000000e+00,-2.279940344317445480e-02,2.279940344317445480e-02,5.146924487671981074e-01
9.070000000000000284e+00,0.000000000000000000e+00,-2.307520643347163100e-02,2.307520643347163100e-02,5.215549630889912969e-01
9.080000000000000071e+00,0.000000000000000000e+00,-2.335149531579389093e-02,2.335149531579389093e-02,5.284300132824999441e-01
9.089999999999999858e+00,0.000000000000000000e+00,-2.362826920045910800e-02,2.362826920045910800e-02,5.353175787174471179e-01
9.099999999999999645e+00,0.000000000000000000e+00,-2.390552719230697870e-02,2.390552719230697870e-02,5.422176386437955742e-01
9.109999999999999432e+00,0.000000000000000000e+00,-2.418326839070129158e-02,2.418326839070129158e-02,5.491301721916683753e-01
9.120000000000000995e+00,0.000000000000000000e+00,-2.446149188953215467e-02,2.446149188953215467e-02,5.560551583712189938e-01
9.130000000000000782e+00,0.000000000000000000e+00,-2.474019677721819854e-02,2.474019677721819854e-02,5.629925760725360551e-01
9.140000000000000568e+00,0.000000000000000000e+00,-2.501938213670879332e-02,2.501938213670879332e-02,5.699424040656246859e-01
9.150000000000000355e+00,0.000000000000000000e+00,-2.529904704548617891e-02,2.529904704548617891e-02,5.769046210001851360e-01
9.160000000000000142e+00,0.000000000000000000e+00,-2.557919057556764034e-02,2.557919057556764034e-02,5.838792054056557435e-01
9.169999999999999929e+00,0.000000000000000000e+00,-2.585981179350761716e-02,2.585981179350761716e-02,5.908661356910329676e-01
9.179999999999999716e+00,0.000000000000000000e+00,-2.614090976039980946e-02,2.614090976039980946e-02,5.978653901448158781e-01
9.189999999999999503e+00,0.000000000000000000e+00,-2.642248353187927334e-02,2.642248353187927334e-02,6.048769469349360994e-01
9.200000000000001066e+00,0.000000000000000000e+00,-2.670453215812449918e-02,2.670453215812449918e-02,6.119007841086749888e-01
9.210000000000000853e+00,0.000000000000000000e+00,-2.698705468385945855e-02,2.698705468385945855e-02,6.189368795925513922e-01
9.220000000000000639e+00,0.000000000000000000e+00,-2.727005014835567204e-02,2.727005014835567204e-02,6.259852111923133178e-01
9.230000000000000426e+00,0.000000000000000000e+00,-2.755351758543422847e-02,2.755351758543422847e-02,6.330457565927918306e-01
9.240000000000000213e+00,0.000000000000000000e+00,-2.783745602346781103e-02,2.783745602346781103e-02,6.401184933578648595e-01
9.250000000000000000e+00,0.000000000000000000e+00,-2.812186448538271655e-02,2.812186448538271655e-02,6.472033989303922485e-01
9.259999999999999787e+00,0.000000000000000000e+00,-2.840674198866085381e-02,2.840674198866085381e-02,6.543004506321252745e-01
9.269999999999999574e+00,0.000000000000000000e+00,-2.869208754534174899e-02,2.869208754534174899e-02,6.614096256636685656e-01
9.279999999999999361e+00,0.000000000000000000e+00,-2.897790016202453703e-02,2.897790016202453703e-02,6.685309011044031635e-01
9.290000000000000924e+00,0.000000000000000000e+00,-2.926417883986994622e-02,2.926417883986994622e-02,6.756642539124211311e-01
9.300000000000000711e+00,0.000000000000000000e+00,-2.955092257460227578e-02,2.955092257460227578e-02,6.828096609244620474e-01
9.310000000000000497e+00,0.000000000000000000e+00,-2.983813035651137688e-02,2.983813035651137688e-02,6.899670988558679330e-01
9.320000000000000284e+00,0.000000000000000000e+00,-3.012580117045462330e-02,3.012580117045462330e-02,6.971365443005119733e-01
9.330000000000000071e+00,0.000000000000000000e+00,-3.041393399585888904e-02,3.041393399585888904e-02,7.043179737307625476e-01
9.339999999999999858e+00,0.000000000000000000e+00,-3.070252780672252588e-02,3.070252780672252588e-02,7.115113634974319368e-01
9.349999999999999645e+00,0.000000000000000000e+00,-3.099158157161732360e-02,3.099158157161732360e-02,7.187166898296903916e-01
9.359999999999999432e+00,0.000000000000000000e+00,-3.128109425369049457e-02,3.128109425369049457e-02,7.259339288350643571e-01
9.370000000000000995e+00,0.000000000000000000e+00,-3.157106481066663389e-02,3.157106481066663389e-02,7.331630564993378840e-01
9.380000000000000782e+00,0.000000000000000000e+00,-3.186149219484971096e-02,3.186149219484971096e-02,7.404040486865637316e-01
9.390000000000000568e+00,0.000000000000000000e+00,-3.215237535312504696e-02,3.215237535312504696e-02,7.476568811389850966e-01
9.400000000000000355e+00,0.000000000000000000e+00,-3.244371322696128213e-02,3.244371322696128213e-02,7.549215294769651141e-01
9.410000000000000142e+00,0.000000000000000000e+00,-3.273550475241240182e-02,3.273550475241240182e-02,7.621979691990542483e-01
9.419999999999999929e+00,0.000000000000000000e+00,-3.302774886011970029e-02,3.302774886011970029e-02,7.694861756818149878e-01
9.429999999999999716e+00,0.000000000000000000e+00,-3.332044447531377213e-02,3.332044447531377213e-02,7.767861241798276195e-01
9.439999999999999503e+00,0.000000000000000000e+00,-3.361359051781657309e-02,3.361359051781657309e-02,7.840977898257794898e-01
9.450000000000001066e+00,0.000000000000000000e+00,-3.390718590204338384e-02,3.390718590204338384e-02,7.914211476302210890e-01
9.460000000000000853e+00,0.000000000000000000e+00,-3.420122953700486385e-02,3.420122953700486385e-02,7.987561724816967246e-01
9.470000000000000639e+00,0.000000000000000000e+00,-3.449572032630905671e-02,3.449572032630905671e-02,8.061028391465978604e-01
9.480000000000000426e+00,0.000000000000000000e+00,-3.479065716816343717e-02,3.479065716816343717e-02,8.134611222691985333e-01
9.490000000000000213e+00,0.000000000000000000e+00,-3.508603895537701356e-02,3.508603895537701356e-02,8.208309963717164148e-01
9.500000000000000000e+00,0.000000000000000000e+00,-3.538186457536230539e-02,3.538186457536230539e-02,8.282124358540149389e-01
9.509999999999999787e+00,0.000000000000000000e+00,-3.567813291013748750e-02,3.567813291013748750e-02,8.356054149938886288e-01
9.519999999999999574e+00,0.000000000000000000e+00,-3.597484283632844393e-02,3.597484283632844393e-02,8.430099079468333922e-01
9.529999999999999361e+00,0.000000000000000000e+00,-3.627199322517088431e-02,3.627199322517088431e-02,8.504258887461257910e-01
9.540000000000000924e+00,0.000000000000000000e+00,-3.656958294251241859e-02,3.656958294251241859e-02,8.578533313026897034e-01
9.550000000000000711e+00,0.000000000000000000e+00,-3.686761084881471501e-02,3.686761084881471501e-02,8.652922094052177826e-01
9.560000000000000497e+00,0.000000000000000000e+00,-3.716607579915562343e-02,3.716607579915562343e-02,8.727424967200539951e-01
9.570000000000000284e+00,0.000000000000000000e+00,-3.746497664323134025e-02,3.746497664323134025e-02,8.802041667912313683e-01
9.580000000000000071e+00,0.000000000000000000e+00,-3.776431222535856641e-02,3.776431222535856641e-02,8.876771930404112609e-01
9.589999999999999858e+00,0.000000000000000000e+00,-3.806408138447667927e-02,3.806408138447667927e-02,8.951615487668650450e-01
9.599999999999999645e+00,0.000000000000000000e+00,-3.836428295414991835e-02,3.836428295414991835e-02,9.026572071474570080e-01
9.609999999999999432e+00,0.000000000000000000e+00,-3.866491576256965434e-02,3.866491576256965434e-02,9.101641412367651451e-01
9.620000000000000995e+00,0.000000000000000000e+00,-3.896597863255655408e-02,3.896597863255655408e-02,9.176823239668282506e-01
9.630000000000000782e+00,0.000000000000000000e+00,-3.926747038156285646e-02,3.926747038156285646e-02,9.252117281473237753e-01
9.640000000000000568e+00,0.000000000000000000e+00,-3.956938982167463453e-02,3.956938982167463453e-02,9.327523264654959956e-01
9.650000000000000355e+00,0.000000000000000000e+00,-3.987173575961404370e-02,3.987173575961404370e-02,9.403040914860836264e-01
9.660000000000000142e+00,0.000000000000000000e+00,-4.017450699674168790e-02,4.017450699674168790e-02,9.478669956515139994e-01
9.669999999999999929e+00,0.000000000000000000e+00,-4.047770232905885390e-02,4.047770232905885390e-02,9.554410112815949763e-01
9.679999999999999716e+00,0.000000000000000000e+00,-4.078132054720989830e-02,4.078132054720989830e-02,9.630261105737789595e-01
9.689999999999999503e+00,0.000000000000000000e+00,-4.108536043648457897e-02,4.108536043648457897e-02,9.706222656030082385e-01
9.700000000000001066e+00,0.000000000000000000e+00,-4.138982077682042821e-02,4.138982077682042821e-02,9.782294483217582881e-01
9.710000000000000853e+00,0.000000000000000000e+00,-4.169470034280513965e-02,4.169470034280513965e-02,9.858476305600231138e-01
9.720000000000000639e+00,0.000000000000000000e+00,-4.199999790367896918e-02,4.199999790367896918e-02,9.934767840253020399e-01
9.730000000000000426e+00,0.000000000000000000e+00,-4.230571222333719128e-02,4.230571222333719128e-02,1.001116880302671097e+00
9.740000000000000213e+00,0.000000000000000000e+00,-4.261184206033250682e-02,4.261184206033250682e-02,1.008767890854644911e+00
9.750000000000000000e+00,0.000000000000000000e+00,-4.291838616787754801e-02,4.291838616787754801e-02,1.016429787021332132e+00
9.759999999999999787e+00,0.000000000000000000e+00,-4.322534329384733476e-02,4.322534329384733476e-02,1.024102540020298990e+00
9.769999999999999574e+00,0.000000000000000000e+00,-4.353271218078180044e-02,4.353271218078180044e-02,1.031786120946669216e+00
9.779999999999999361e+00,0.000000000000000000e+00,-4.384049156588831764e-02,4.384049156588831764e-02,1.039480500773085181e+00
9.790000000000000924e+00,0.000000000000000000e+00,-4.414868018104423780e-02,4.414868018104423780e-02,1.047185650349699682e+00
9.800000000000000711e+00,0.000000000000000000e+00,-4.445727675279946556e-02,4.445727675279946556e-02,1.054901540404205917e+00
9.810000000000000497e+00,0.000000000000000000e+00,-4.476628000237906080e-02,4.476628000237906080e-02,1.062628141541857474e+00
9.820000000000000284e+00,0.000000000000000000e+00,-4.507568864568582689e-02,4.507568864568582689e-02,1.070365424245403041e+00
9.830000000000000071e+00,0.000000000000000000e+00,-4.538550139330297523e-02,4.538550139330297523e-02,1.078113358875204764e+00
9.839999999999999858e+00,0.000000000000000000e+00,-4.569571695049674115e-02,4.569571695049674115e-02,1.085871915669103904e+00
9.849999999999999645e+00,0.000000000000000000e+00,-4.600633401721908322e-02,4.600633401721908322e-02,1.093641064742553182e+00
9.859999999999999432e+00,0.000000000000000000e+00,-4.631735128811036162e-02,4.631735128811036162e-02,1.101420776088540610e+00
9.870000000000000995e+00,0.000000000000000000e+00,-4.662876745250209287e-02,4.662876745250209287e-02,1.109211019577707402e+00
9.880000000000000782e+00,0.000000000000000000e+00,-4.694058119441963522e-02,4.694058119441963522e-02,1.117011764958177000e+00
9.890000000000000568e+00,0.000000000000000000e+00,-4.725279119258500582e-02,4.725279119258500582e-02,1.124822981855784221e+00
9.900000000000000355e+00,0.000000000000000000e+00,-4.756539612041962850e-02,4.756539612041962850e-02,1.132644639773904061e+00
9.910000000000000142e+00,0.000000000000000000e+00,-4.787839464604713019e-02,4.787839464604713019e-02,1.140476708093517644e+00
9.919999999999999929e+00,0.000000000000000000e+00,-4.819178543229620665e-02,4.819178543229620665e-02,1.148319156073318581e+00
9.929999999999999716e+00,0.000000000000000000e+00,-4.850556713670342579e-02,4.850556713670342579e-02,1.156171952849556428e+00
9.939999999999999503e+00,0.000000000000000000e+00,-4.881973841151614896e-02,4.881973841151614896e-02,1.164035067436242965e+00
9.950000000000001066e+00,0.000000000000000000e+00,-4.913429790369538280e-02,4.913429790369538280e-02,1.171908468724982999e+00
9.960000000000000853e+00,0.000000000000000000e+00,-4.944924425491867975e-02,4.944924425491867975e-02,1.179792125485040311e+00
9.970000000000000639e+00,0.000000000000000000e+00,-4.976457610158311479e-02,4.976457610158311479e-02,1.187686006363462887e+00
9.980000000000000426e+00,0.000000000000000000e+00,-5.008029207480823447e-02,5.008029207480823447e-02,1.195590079884997881e+00
9.990000000000000213e+00,0.000000000000000000e+00,-5.039639080043901986e-02,5.039639080043901986e-02,1.203504314452091162e+00
