t, theta_ref, theta, error, pid_out
0.000000000000000000e+00,0.000000000000000000e+00,3.490658503988659095e-02,-3.490658503988659095e-02,-4.599619585159133578e-02
1.000000000000000021e-02,0.000000000000000000e+00,3.491170136416429925e-02,-3.491170136416429925e-02,-4.803567423452899388e-02
2.000000000000000042e-02,0.000000000000000000e+00,3.492499397796458571e-02,-3.492499397796458571e-02,-5.119200357041092664e-02
2.999999999999999889e-02,0.000000000000000000e+00,3.494636157180925490e-02,-3.494636157180925490e-02,-5.432242393295530491e-02
4.000000000000000083e-02,0.000000000000000000e+00,3.497578280378473015e-02,-3.497578280378473015e-02,-5.745585457587911588e-02
5.000000000000000278e-02,0.000000000000000000e+00,3.501323942582556387e-02,-3.501323942582556387e-02,-6.059343206485878763e-02
5.999999999999999778e-02,0.000000000000000000e+00,3.505871623236776757e-02,-3.505871623236776757e-02,-6.373627831909511876e-02
7.000000000000000666e-02,0.000000000000000000e+00,3.511220117726858436e-02,-3.511220117726858436e-02,-6.688556160268668838e-02
8.000000000000000167e-02,0.000000000000000000e+00,3.517368548240001891e-02,-3.517368548240001891e-02,-7.004249367473183718e-02
8.999999999999999667e-02,0.000000000000000000e+00,3.524316373891520776e-02,-3.524316373891520776e-02,-7.320832729147316864e-02
1.000000000000000056e-01,0.000000000000000000e+00,3.532063400316887147e-02,-3.532063400316887147e-02,-7.638435441806633308e-02
1.100000000000000006e-01,0.000000000000000000e+00,3.540609788935692587e-02,-3.540609788935692587e-02,-7.957190518296909654e-02
1.199999999999999956e-01,0.000000000000000000e+00,3.549956066068151589e-02,-3.549956066068151589e-02,-8.277234748376333107e-02
1.300000000000000044e-01,0.000000000000000000e+00,3.560103132026040673e-02,-3.560103132026040673e-02,-8.598708703371335527e-02
1.400000000000000133e-01,0.000000000000000000e+00,3.571052270209049140e-02,-3.571052270209049140e-02,-8.921756752083816189e-02
1.499999999999999944e-01,0.000000000000000000e+00,3.582795692359263401e-02,-3.582795692359263401e-02,-9.243093818946573892e-02
1.600000000000000033e-01,0.000000000000000000e+00,3.595324523123907823e-02,-3.595324523123907823e-02,-9.562319442505046174e-02
1.700000000000000122e-01,0.000000000000000000e+00,3.608638646445848364e-02,-3.608638646445848364e-02,-9.882603717569812818e-02
1.799999999999999933e-01,0.000000000000000000e+00,3.622738129509628369e-02,-3.622738129509628369e-02,-1.020401709282059977e-01
1.900000000000000022e-01,0.000000000000000000e+00,3.637623226753598782e-02,-3.637623226753598782e-02,-1.052663171425160249e-01
2.000000000000000111e-01,0.000000000000000000e+00,3.653294379787826174e-02,-3.653294379787826174e-02,-1.085051994615603421e-01
2.099999999999999922e-01,0.000000000000000000e+00,3.669752217556847274e-02,-3.669752217556847274e-02,-1.117575446082580276e-01
2.200000000000000011e-01,0.000000000000000000e+00,3.686997556752365235e-02,-3.686997556752365235e-02,-1.150240833042312505e-01
2.300000000000000100e-01,0.000000000000000000e+00,3.705031402474048136e-02,-3.705031402474048136e-02,-1.183055511851630881e-01
2.399999999999999911e-01,0.000000000000000000e+00,3.723854949123763663e-02,-3.723854949123763663e-02,-1.216026896662544959e-01
2.500000000000000000e-01,0.000000000000000000e+00,3.743469581501723820e-02,-3.743469581501723820e-02,-1.249162466964348073e-01
2.600000000000000089e-01,0.000000000000000000e+00,3.763876876051798492e-02,-3.763876876051798492e-02,-1.282469773239580668e-01
2.700000000000000178e-01,0.000000000000000000e+00,3.785078602178243434e-02,-3.785078602178243434e-02,-1.315956439819557233e-01
2.800000000000000266e-01,0.000000000000000000e+00,3.807076723528863421e-02,-3.807076723528863421e-02,-1.349630163941600847e-01
2.899999999999999800e-01,0.000000000000000000e+00,3.829873399113541133e-02,-3.829873399113541133e-02,-1.383498710047640357e-01
2.999999999999999889e-01,0.000000000000000000e+00,3.853470984106811825e-02,-3.853470984106811825e-02,-1.417569898572177411e-01
3.099999999999999978e-01,0.000000000000000000e+00,3.877872030175218143e-02,-3.877872030175218143e-02,-1.451851588911262925e-01
3.200000000000000067e-01,0.000000000000000000e+00,3.903079285180976327e-02,-3.903079285180976327e-02,-1.486351656942936361e-01
3.300000000000000155e-01,0.000000000000000000e+00,3.929095692148240615e-02,-3.929095692148240615e-02,-1.521077968340081854e-01
3.400000000000000244e-01,0.000000000000000000e+00,3.955924387438089496e-02,-3.955924387438089496e-02,-1.556038349831067868e-01
3.500000000000000333e-01,0.000000000000000000e+00,3.983568698158879151e-02,-3.983568698158879151e-02,-1.591240561321794478e-01
3.599999999999999867e-01,0.000000000000000000e+00,4.012032138928487562e-02,-4.012032138928487562e-02,-1.626692272142813978e-01
3.699999999999999956e-01,0.000000000000000000e+00,4.041318408188387945e-02,-4.041318408188387945e-02,-1.662401044462650523e-01
3.800000000000000044e-01,0.000000000000000000e+00,4.071431384329343012e-02,-4.071431384329343012e-02,-1.698374326064741036e-01
3.900000000000000133e-01,0.000000000000000000e+00,4.102375121912187061e-02,-4.102375121912187061e-02,-1.734619453381024412e-01
4.000000000000000222e-01,0.000000000000000000e+00,4.134153848250101543e-02,-4.134153848250101543e-02,-1.771143664200634238e-01
4.100000000000000311e-01,0.000000000000000000e+00,4.166771960566359456e-02,-4.166771960566359456e-02,-1.807954118186949066e-01
4.199999999999999845e-01,0.000000000000000000e+00,4.200234023866475375e-02,-4.200234023866475375e-02,-1.845057922509267812e-01
4.299999999999999933e-01,0.000000000000000000e+00,4.234544769582088142e-02,-4.234544769582088142e-02,-1.882462159647195488e-01
4.400000000000000022e-01,0.000000000000000000e+00,4.269709094970135232e-02,-4.269709094970135232e-02,-1.920173914699567219e-01
4.500000000000000111e-01,0.000000000000000000e+00,4.305732063194697007e-02,-4.305732063194697007e-02,-1.958200300158035312e-01
4.600000000000000200e-01,0.000000000000000000e+00,4.342618903983955919e-02,-4.342618903983955919e-02,-1.996548476868816868e-01
4.700000000000000289e-01,0.000000000000000000e+00,4.380375014740178069e-02,-4.380375014740178069e-02,-2.035225670641343798e-01
4.799999999999999822e-01,0.000000000000000000e+00,4.419005961982162833e-02,-4.419005961982162833e-02,-2.074239184543766878e-01
4.899999999999999911e-01,0.000000000000000000e+00,4.458517483011970733e-02,-4.458517483011970733e-02,-2.113596407318158177e-01
5.000000000000000000e-01,0.000000000000000000e+00,4.498915487715926531e-02,-4.498915487715926531e-02,-2.153304818561049827e-01
5.100000000000000089e-01,0.000000000000000000e+00,4.540206060429842483e-02,-4.540206060429842483e-02,-2.193371991381179165e-01
5.200000000000000178e-01,0.000000000000000000e+00,4.582395461817442145e-02,-4.582395461817442145e-02,-2.233805593215807961e-01
5.300000000000000266e-01,0.000000000000000000e+00,4.625490130727563654e-02,-4.625490130727563654e-02,-2.274613385401054177e-01
5.400000000000000355e-01,0.000000000000000000e+00,4.669496686009204367e-02,-4.669496686009204367e-02,-2.315803221980815840e-01
5.500000000000000444e-01,0.000000000000000000e+00,4.714421928273825058e-02,-4.714421928273825058e-02,-2.357383048127215108e-01
5.600000000000000533e-01,0.000000000000000000e+00,4.760272841601893151e-02,-4.760272841601893151e-02,-2.399360898445435930e-01
5.700000000000000622e-01,0.000000000000000000e+00,4.807056595195820931e-02,-4.807056595195820931e-02,-2.441744895350328459e-01
5.799999999999999600e-01,0.000000000000000000e+00,4.854780544984785284e-02,-4.854780544984785284e-02,-2.484543247635854490e-01
5.899999999999999689e-01,0.000000000000000000e+00,4.903452235188872355e-02,-4.903452235188872355e-02,-2.527764249309062961e-01
5.999999999999999778e-01,0.000000000000000000e+00,4.953079399850909836e-02,-4.953079399850909836e-02,-2.571416278722909454e-01
6.099999999999999867e-01,0.000000000000000000e+00,5.003669964344609894e-02,-5.003669964344609894e-02,-2.615507798018443797e-01
6.199999999999999956e-01,0.000000000000000000e+00,5.055232046867449980e-02,-5.055232046867449980e-02,-2.660047352870387183e-01
6.300000000000000044e-01,0.000000000000000000e+00,5.107773959926255325e-02,-5.107773959926255325e-02,-2.705043572520394735e-01
6.400000000000000133e-01,0.000000000000000000e+00,5.161304211822834859e-02,-5.161304211822834859e-02,-2.750505170076833483e-01
6.500000000000000222e-01,0.000000000000000000e+00,5.215831508146354795e-02,-5.215831508146354795e-02,-2.796440943057844075e-01
6.600000000000000311e-01,0.000000000000000000e+00,5.271364753278499210e-02,-5.271364753278499210e-02,-2.842859774155521713e-01
6.700000000000000400e-01,0.000000000000000000e+00,5.327913051916795956e-02,-5.327913051916795956e-02,-2.889770632197692368e-01
6.800000000000000488e-01,0.000000000000000000e+00,5.385485710620960265e-02,-5.385485710620960265e-02,-2.937182573288915632e-01
6.900000000000000577e-01,0.000000000000000000e+00,5.444092239386581766e-02,-5.444092239386581766e-02,-2.985104742112251186e-01
7.000000000000000666e-01,0.000000000000000000e+00,5.503742353250067054e-02,-5.503742353250067054e-02,-3.033546373377386529e-01
7.099999999999999645e-01,0.000000000000000000e+00,5.564445973928384970e-02,-5.564445973928384970e-02,-3.082516793402408362e-01
7.199999999999999734e-01,0.000000000000000000e+00,5.626213231496900169e-02,-5.626213231496900169e-02,-3.132025421820208710e-01
7.299999999999999822e-01,0.000000000000000000e+00,5.689054466108342534e-02,-5.689054466108342534e-02,-3.182081773401356228e-01
7.399999999999999911e-01,0.000000000000000000e+00,5.752980229755830233e-02,-5.752980229755830233e-02,-3.232695459989136655e-01
7.500000000000000000e-01,0.000000000000000000e+00,5.818001288082783745e-02,-5.818001288082783745e-02,-3.283876192544258332e-01
7.600000000000000089e-01,0.000000000000000000e+00,5.884128622242545265e-02,-5.884128622242545265e-02,-3.335633783298788124e-01
7.700000000000000178e-01,0.000000000000000000e+00,5.951373430810567855e-02,-5.951373430810567855e-02,-3.387978148021525415e-01
7.800000000000000266e-01,0.000000000000000000e+00,6.019747131752140046e-02,-6.019747131752140046e-02,-3.440919308398894816e-01
7.900000000000000355e-01,0.000000000000000000e+00,6.089261364448826652e-02,-6.089261364448826652e-02,-3.494467394539584326e-01
8.000000000000000444e-01,0.000000000000000000e+00,6.159927991787023105e-02,-6.159927991787023105e-02,-3.548632647611229540e-01
8.100000000000000533e-01,0.000000000000000000e+00,6.231759102312407761e-02,-6.231759102312407761e-02,-3.603425422623670604e-01
8.200000000000000622e-01,0.000000000000000000e+00,6.304767012454499941e-02,-6.304767012454499941e-02,-3.658856191374671996e-01
8.300000000000000711e-01,0.000000000000000000e+00,6.378964268826109452e-02,-6.378964268826109452e-02,-3.714935545579667875e-01
8.399999999999999689e-01,0.000000000000000000e+00,6.454363650603145430e-02,-6.454363650603145430e-02,-3.771674200210934913e-01
8.499999999999999778e-01,0.000000000000000000e+00,6.530978171991198844e-02,-6.530978171991198844e-02,-3.829082997081314499e-01
8.599999999999999867e-01,0.000000000000000000e+00,6.608821084786326017e-02,-6.608821084786326017e-02,-3.887172908710098684e-01
8.699999999999999956e-01,0.000000000000000000e+00,6.687905881038909428e-02,-6.687905881038909428e-02,-3.945955042524693646e-01
8.800000000000000044e-01,0.000000000000000000e+00,6.768246295831147064e-02,-6.768246295831147064e-02,-4.005440645460035531e-01
8.900000000000000133e-01,0.000000000000000000e+00,6.849856310180936492e-02,-6.849856310180936492e-02,-4.065641109037563816e-01
9.000000000000000222e-01,0.000000000000000000e+00,6.932750154087641281e-02,-6.932750154087641281e-02,-4.126567975024232893e-01
9.100000000000000311e-01,0.000000000000000000e+00,7.016942309738820327e-02,-7.016942309738820327e-02,-4.188232941804014287e-01
9.200000000000000400e-01,0.000000000000000000e+00,7.102447514901558123e-02,-7.102447514901558123e-02,-4.250647871629825714e-01
9.300000000000000488e-01,0.000000000000000000e+00,7.189280766528065303e-02,-7.189280766528065303e-02,-4.313824798977898278e-01
9.400000000000000577e-01,0.000000000000000000e+00,7.277457324613166578e-02,-7.277457324613166578e-02,-4.377775940296932955e-01
9.500000000000000666e-01,0.000000000000000000e+00,7.366992716351987436e-02,-7.366992716351987436e-02,-4.442513705545096947e-01
9.599999999999999645e-01,0.000000000000000000e+00,7.457902740660707352e-02,-7.457902740660707352e-02,-4.508050712049450071e-01
9.699999999999999734e-01,0.000000000000000000e+00,7.550203473143357602e-02,-7.550203473143357602e-02,-4.574399801425836354e-01
9.799999999999999822e-01,0.000000000000000000e+00,7.643902437648274206e-02,-7.643902437648274206e-02,-4.641253585344580768e-01
9.899999999999999911e-01,0.000000000000000000e+00,7.738996836724282291e-02,-7.738996836724282291e-02,-4.708239357745176434e-01
1.000000000000000000e+00,0.000000000000000000e+00,7.835503773200012956e-02,-7.835503773200012956e-02,-4.776079417797927107e-01
1.010000000000000009e+00,0.000000000000000000e+00,7.933440841673516930e-02,-7.933440841673516930e-02,-4.844794601495201469e-01
1.020000000000000018e+00,0.000000000000000000e+00,8.032826146940055811e-02,-8.032826146940055811e-02,-4.914406487389936240e-01
1.030000000000000027e+00,0.000000000000000000e+00,8.133678365523044906e-02,-8.133678365523044906e-02,-4.984938962971326992e-01
1.040000000000000036e+00,0.000000000000000000e+00,8.236016827584700939e-02,-8.236016827584700939e-02,-5.056418972400136269e-01
1.050000000000000044e+00,0.000000000000000000e+00,8.339861629513360686e-02,-8.339861629513360686e-02,-5.128877640521792847e-01
1.060000000000000053e+00,0.000000000000000000e+00,8.445233794928205806e-02,-8.445233794928205806e-02,-5.202352044572418066e-01
1.070000000000000062e+00,0.000000000000000000e+00,8.552155516515259903e-02,-8.552155516515259903e-02,-5.276888168247018118e-01
1.080000000000000071e+00,0.000000000000000000e+00,8.660650542871523028e-02,-8.660650542871523028e-02,-5.352546194729259632e-01
1.090000000000000080e+00,0.000000000000000000e+00,8.770709773930887576e-02,-8.770709773930887576e-02,-5.428138408908077528e-01
1.100000000000000089e+00,0.000000000000000000e+00,8.882339354887873462e-02,-8.882339354887873462e-02,-5.504217495153173045e-01
1.110000000000000098e+00,0.000000000000000000e+00,8.995555470620765492e-02,-8.995555470620765492e-02,-5.581149304023420576e-01
1.120000000000000107e+00,0.000000000000000000e+00,9.110446358287831170e-02,-9.110446358287831170e-02,-5.661550686416094713e-01
1.130000000000000115e+00,0.000000000000000000e+00,9.227046605765013010e-02,-9.227046605765013010e-02,-5.743487881353621649e-01
1.140000000000000124e+00,0.000000000000000000e+00,9.345376432869724470e-02,-9.345376432869724470e-02,-5.826445105697615201e-01
1.150000000000000133e+00,0.000000000000000000e+00,9.465428652125428000e-02,-9.465428652125428000e-02,-5.909431661337823938e-01
1.159999999999999920e+00,0.000000000000000000e+00,9.587216635937871601e-02,-9.587216635937871601e-02,-5.993193369558960093e-01
1.169999999999999929e+00,0.000000000000000000e+00,9.710766181353078230e-02,-9.710766181353078230e-02,-6.078183640680678845e-01
1.179999999999999938e+00,0.000000000000000000e+00,9.836102680652084040e-02,-9.836102680652084040e-02,-6.164392115575892950e-01
1.189999999999999947e+00,0.000000000000000000e+00,9.963251320571210601e-02,-9.963251320571210601e-02,-6.251815622358665170e-01
1.199999999999999956e+00,0.000000000000000000e+00,1.009223721838222176e-01,-1.009223721838222176e-01,-6.340455911954736568e-01
1.209999999999999964e+00,0.000000000000000000e+00,1.022308551121961645e-01,-1.022308551121961645e-01,-6.430317979913957593e-01
1.219999999999999973e+00,0.000000000000000000e+00,1.035582141635241205e-01,-1.035582141635241205e-01,-6.521409024126834098e-01
1.229999999999999982e+00,0.000000000000000000e+00,1.049047027233651064e-01,-1.049047027233651064e-01,-6.613737759201802069e-01
1.239999999999999991e+00,0.000000000000000000e+00,1.062705756690718595e-01,-1.062705756690718595e-01,-6.707313940914814143e-01
1.250000000000000000e+00,0.000000000000000000e+00,1.076560895520267819e-01,-1.076560895520267819e-01,-6.802148019198784867e-01
1.260000000000000009e+00,0.000000000000000000e+00,1.090615027058435133e-01,-1.090615027058435133e-01,-6.898250872053810490e-01
1.270000000000000018e+00,0.000000000000000000e+00,1.104870666076566005e-01,-1.104870666076566005e-01,-6.995602075358857697e-01
1.280000000000000027e+00,0.000000000000000000e+00,1.119327527000823774e-01,-1.119327527000823774e-01,-7.093190103163843352e-01
1.290000000000000036e+00,0.000000000000000000e+00,1.133988158695938830e-01,-1.133988158695938830e-01,-7.192043903012461659e-01
1.300000000000000044e+00,0.000000000000000000e+00,1.148855149146108118e-01,-1.148855149146108118e-01,-7.292182095741943648e-01
1.310000000000000053e+00,0.000000000000000000e+00,1.163931122807156243e-01,-1.163931122807156243e-01,-7.393622406761468646e-01
1.320000000000000062e+00,0.000000000000000000e+00,1.179218741246798874e-01,-1.179218741246798874e-01,-7.496382855599738049e-01
1.330000000000000071e+00,0.000000000000000000e+00,1.194720703797342576e-01,-1.194720703797342576e-01,-7.600481761455279983e-01
1.340000000000000080e+00,0.000000000000000000e+00,1.210439748221296963e-01,-1.210439748221296963e-01,-7.705937748939194476e-01
1.350000000000000089e+00,0.000000000000000000e+00,1.226378651393525837e-01,-1.226378651393525837e-01,-7.812769755154093110e-01
1.360000000000000098e+00,0.000000000000000000e+00,1.242540230002885521e-01,-1.242540230002885521e-01,-7.920997037867943957e-01
1.370000000000000107e+00,0.000000000000000000e+00,1.258927341275634659e-01,-1.258927341275634659e-01,-8.030639184545969034e-01
1.380000000000000115e+00,0.000000000000000000e+00,1.275542883722217136e-01,-1.275542883722217136e-01,-8.141716121996069866e-01
1.390000000000000124e+00,0.000000000000000000e+00,1.292389797908282401e-01,-1.292389797908282401e-01,-8.254248126362515592e-01
1.400000000000000133e+00,0.000000000000000000e+00,1.309471067250033427e-01,-1.309471067250033427e-01,-8.368255833188349424e-01
1.409999999999999920e+00,0.000000000000000000e+00,1.326789718833141785e-01,-1.326789718833141785e-01,-8.483760247238140151e-01
1.419999999999999929e+00,0.000000000000000000e+00,1.344348824253669972e-01,-1.344348824253669972e-01,-8.600782751790208014e-01
1.429999999999999938e+00,0.000000000000000000e+00,1.362151500478692712e-01,-1.362151500478692712e-01,-8.719345117124869260e-01
1.439999999999999947e+00,0.000000000000000000e+00,1.380200910723808350e-01,-1.380200910723808350e-01,-8.839469508024178079e-01
1.449999999999999956e+00,0.000000000000000000e+00,1.398500265344626847e-01,-1.398500265344626847e-01,-8.961178490241580308e-01
1.459999999999999964e+00,0.000000000000000000e+00,1.417052822739863771e-01,-1.417052822739863771e-01,-9.084495036134673240e-01
1.469999999999999973e+00,0.000000000000000000e+00,1.435861890265189567e-01,-1.435861890265189567e-01,-9.209442530009382955e-01
1.479999999999999982e+00,0.000000000000000000e+00,1.454930825159796992e-01,-1.454930825159796992e-01,-9.336044774195199070e-01
1.489999999999999991e+00,0.000000000000000000e+00,1.474263035492253127e-01,-1.474263035492253127e-01,-9.464325997524184464e-01
1.500000000000000000e+00,0.000000000000000000e+00,1.493861981139054940e-01,-1.493861981139054940e-01,-9.594310868708435525e-01
1.510000000000000009e+00,0.000000000000000000e+00,1.513731174819135383e-01,-1.513731174819135383e-01,-9.726024518199236635e-01
1.520000000000000018e+00,0.000000000000000000e+00,1.533874183221237697e-01,-1.533874183221237697e-01,-9.859492573518224834e-01
1.530000000000000027e+00,0.000000000000000000e+00,1.554294628280106505e-01,-1.554294628280106505e-01,-9.994741215013653868e-01
1.540000000000000036e+00,0.000000000000000000e+00,1.574996188684321674e-01,-1.574996188684321674e-01,-1.013179726186675289e+00
1.550000000000000044e+00,0.000000000000000000e+00,1.595982601737910567e-01,-1.595982601737910567e-01,-1.027068830271911759e+00
1.560000000000000053e+00,0.000000000000000000e+00,1.617251125899267228e-01,-1.617251125899267228e-01,-1.040907038831215603e+00
1.570000000000000062e+00,0.000000000000000000e+00,1.638805129371835867e-01,-1.638805129371835867e-01,-1.054915785794656946e+00
1.580000000000000071e+00,0.000000000000000000e+00,1.660648369306317595e-01,-1.660648369306317595e-01,-1.069109775056022338e+00
1.590000000000000080e+00,0.000000000000000000e+00,1.682784863403070652e-01,-1.682784863403070652e-01,-1.083499105776116744e+00
1.600000000000000089e+00,0.000000000000000000e+00,1.705218954989569935e-01,-1.705218954989569935e-01,-1.098096274413938200e+00
1.610000000000000098e+00,0.000000000000000000e+00,1.727955411893714044e-01,-1.727955411893714044e-01,-1.112917409505623567e+00
1.620000000000000107e+00,0.000000000000000000e+00,1.750999596737713992e-01,-1.750999596737713992e-01,-1.127984875884117555e+00
1.630000000000000115e+00,0.000000000000000000e+00,1.774355118400184894e-01,-1.774355118400184894e-01,-1.143235920228279134e+00
1.640000000000000124e+00,0.000000000000000000e+00,1.798017130138439834e-01,-1.798017130138439834e-01,-1.158364431903460723e+00
1.650000000000000133e+00,0.000000000000000000e+00,1.822011888390164536e-01,-1.822011888390164536e-01,-1.174498282399353943e+00
1.660000000000000142e+00,0.000000000000000000e+00,1.846334263341634918e-01,-1.846334263341634918e-01,-1.190502488080438903e+00
1.669999999999999929e+00,0.000000000000000000e+00,1.870988231945836799e-01,-1.870988231945836799e-01,-1.206706916873383495e+00
1.679999999999999938e+00,0.000000000000000000e+00,1.895979576045442594e-01,-1.895979576045442594e-01,-1.223177744125105715e+00
1.689999999999999947e+00,0.000000000000000000e+00,1.921313773699427907e-01,-1.921313773699427907e-01,-1.239904888414426587e+00
1.699999999999999956e+00,0.000000000000000000e+00,1.946996122973098653e-01,-1.946996122973098653e-01,-1.256882721975515649e+00
1.709999999999999964e+00,0.000000000000000000e+00,1.973031814712065957e-01,-1.973031814712065957e-01,-1.274108236174506192e+00
1.719999999999999973e+00,0.000000000000000000e+00,1.999425978280330030e-01,-1.999425978280330030e-01,-1.291580070244976675e+00
1.729999999999999982e+00,0.000000000000000000e+00,2.026183712193492525e-01,-2.026183712193492525e-01,-1.309297969313858889e+00
1.739999999999999991e+00,0.000000000000000000e+00,2.053305887362134319e-01,-2.053305887362134319e-01,-1.327109428813070258e+00
1.750000000000000000e+00,0.000000000000000000e+00,2.080793023078016113e-01,-2.080793023078016113e-01,-1.345001999087096722e+00
1.760000000000000009e+00,0.000000000000000000e+00,2.108649802958304231e-01,-2.108649802958304231e-01,-1.363127012093617640e+00
1.770000000000000018e+00,0.000000000000000000e+00,2.136880969453544832e-01,-2.136880969453544832e-01,-1.381487413534454367e+00
1.780000000000000027e+00,0.000000000000000000e+00,2.165491315579246012e-01,-2.165491315579246012e-01,-1.400085859397078636e+00
1.790000000000000036e+00,0.000000000000000000e+00,2.194485685995211932e-01,-2.194485685995211932e-01,-1.418925054005776509e+00
1.800000000000000044e+00,0.000000000000000000e+00,2.223868977954686355e-01,-2.223868977954686355e-01,-1.438007745468002252e+00
1.810000000000000053e+00,0.000000000000000000e+00,2.253646142136771502e-01,-2.253646142136771502e-01,-1.457336721592585427e+00
1.820000000000000062e+00,0.000000000000000000e+00,2.283822183387346494e-01,-2.283822183387346494e-01,-1.476914806708071737e+00
1.830000000000000071e+00,0.000000000000000000e+00,2.314402161386645562e-01,-2.314402161386645562e-01,-1.496744859128204208e+00
1.840000000000000080e+00,0.000000000000000000e+00,2.345391191256769037e-01,-2.345391191256769037e-01,-1.516829769089604429e+00
1.850000000000000089e+00,0.000000000000000000e+00,2.376794444118958127e-01,-2.376794444118958127e-01,-1.537172457038501250e+00
1.860000000000000098e+00,0.000000000000000000e+00,2.408617147608013986e-01,-2.408617147608013986e-01,-1.557775872178884358e+00
1.870000000000000107e+00,0.000000000000000000e+00,2.440864586349455467e-01,-2.440864586349455467e-01,-1.578642991218226488e+00
1.880000000000000115e+00,0.000000000000000000e+00,2.473542102403682719e-01,-2.473542102403682719e-01,-1.599776817263353745e+00
1.890000000000000124e+00,0.000000000000000000e+00,2.506655095680425660e-01,-2.506655095680425660e-01,-1.621180378831154956e+00
1.900000000000000133e+00,0.000000000000000000e+00,2.540209024325994491e-01,-2.540209024325994491e-01,-1.642856728946909151e+00
1.910000000000000142e+00,0.000000000000000000e+00,2.574209405085279845e-01,-2.574209405085279845e-01,-1.664808944309888350e+00
1.919999999999999929e+00,0.000000000000000000e+00,2.608661813639976401e-01,-2.608661813639976401e-01,-1.687040124509290528e+00
1.929999999999999938e+00,0.000000000000000000e+00,2.643571884924159066e-01,-2.643571884924159066e-01,-1.709553391278175294e+00
1.939999999999999947e+00,0.000000000000000000e+00,2.678945313418052421e-01,-2.678945313418052421e-01,-1.732351887775084531e+00
1.949999999999999956e+00,0.000000000000000000e+00,2.714787853420598807e-01,-2.714787853420598807e-01,-1.755438777884900770e+00
1.959999999999999964e+00,0.000000000000000000e+00,2.751105319301243579e-01,-2.751105319301243579e-01,-1.778817245532242186e+00
1.969999999999999973e+00,0.000000000000000000e+00,2.787903585731214551e-01,-2.787903585731214551e-01,-1.802490494002297439e+00
1.979999999999999982e+00,0.000000000000000000e+00,2.825188587894422176e-01,-2.825188587894422176e-01,-1.826461745263673553e+00
1.989999999999999991e+00,0.000000000000000000e+00,2.862966321678034887e-01,-2.862966321678034887e-01,-1.850734239290642957e+00
2.000000000000000000e+00,0.000000000000000000e+00,2.901242843842665176e-01,-2.901242843842665176e-01,-1.875311233380474008e+00
2.010000000000000231e+00,0.000000000000000000e+00,2.940024272172048203e-01,-2.940024272172048203e-01,-1.900196001463878348e+00
2.020000000000000018e+00,0.000000000000000000e+00,2.979316785602033613e-01,-2.979316785602033613e-01,-1.925391833406325803e+00
2.030000000000000249e+00,0.000000000000000000e+00,3.019126624328637432e-01,-3.019126624328637432e-01,-1.950902034297523402e+00
2.040000000000000036e+00,0.000000000000000000e+00,3.059460089894895374e-01,-3.059460089894895374e-01,-1.976729923728801630e+00
2.049999999999999822e+00,0.000000000000000000e+00,3.100323545256181701e-01,-3.100323545256181701e-01,-2.002878835055575291e+00
2.060000000000000053e+00,0.000000000000000000e+00,3.141723414823654470e-01,-3.141723414823654470e-01,-2.029352114644691341e+00
2.069999999999999840e+00,0.000000000000000000e+00,3.183666184485448025e-01,-3.183666184485448025e-01,-2.056153121105167791e+00
2.080000000000000071e+00,0.000000000000000000e+00,3.226158401605226378e-01,-3.226158401605226378e-01,-2.083285224501991273e+00
2.089999999999999858e+00,0.000000000000000000e+00,3.269206674997668927e-01,-3.269206674997668927e-01,-2.110751805551386973e+00
2.100000000000000089e+00,0.000000000000000000e+00,3.312817674880478847e-01,-3.312817674880478847e-01,-2.138556254798173129e+00
2.109999999999999876e+00,0.000000000000000000e+00,3.356998132802463952e-01,-3.356998132802463952e-01,-2.166701971773663082e+00
2.120000000000000107e+00,0.000000000000000000e+00,3.401754841547253716e-01,-3.401754841547253716e-01,-2.195192364134552321e+00
2.129999999999999893e+00,0.000000000000000000e+00,3.447094655012204467e-01,-3.447094655012204467e-01,-2.224030846782286908e+00
2.140000000000000124e+00,0.000000000000000000e+00,3.493024488062042576e-01,-3.493024488062042576e-01,-2.253220840962773863e+00
2.149999999999999911e+00,0.000000000000000000e+00,3.539551316356804311e-01,-3.539551316356804311e-01,-2.282765773346669747e+00
2.160000000000000142e+00,0.000000000000000000e+00,3.586682176153634383e-01,-3.586682176153634383e-01,-2.312669075090307835e+00
2.169999999999999929e+00,0.000000000000000000e+00,3.634424164082015740e-01,-3.634424164082015740e-01,-2.342934180877565886e+00
2.180000000000000160e+00,0.000000000000000000e+00,3.682784436892022062e-01,-3.682784436892022062e-01,-2.373564527943297531e+00
2.189999999999999947e+00,0.000000000000000000e+00,3.731770211175198804e-01,-3.731770211175198804e-01,-2.404563555078773618e+00
2.200000000000000178e+00,0.000000000000000000e+00,3.781388763057707547e-01,-3.781388763057707547e-01,-2.435934701620126486e+00
2.209999999999999964e+00,0.000000000000000000e+00,3.831647427865401134e-01,-3.831647427865401134e-01,-2.467681406420906054e+00
2.220000000000000195e+00,0.000000000000000000e+00,3.882553599760525387e-01,-3.882553599760525387e-01,-2.499807106809734059e+00
2.229999999999999982e+00,0.000000000000000000e+00,3.934114731349800387e-01,-3.934114731349800387e-01,-2.532315237535062380e+00
2.240000000000000213e+00,0.000000000000000000e+00,3.986338333263672595e-01,-3.986338333263672595e-01,-2.565209229698383275e+00
2.250000000000000000e+00,0.000000000000000000e+00,4.039231973706603473e-01,-4.039231973706603473e-01,-2.598492509678548501e+00
2.260000000000000231e+00,0.000000000000000000e+00,4.092803277978310228e-01,-4.092803277978310228e-01,-2.632168498048969241e+00
2.270000000000000018e+00,0.000000000000000000e+00,4.147059927965985326e-01,-4.147059927965985326e-01,-2.666240608491710962e+00
2.280000000000000249e+00,0.000000000000000000e+00,4.202009661607565838e-01,-4.202009661607565838e-01,-2.700712246710068598e+00
2.290000000000000036e+00,0.000000000000000000e+00,4.257660272326265205e-01,-4.257660272326265205e-01,-2.735586809344761061e+00
2.300000000000000266e+00,0.000000000000000000e+00,4.314019608436671649e-01,-4.314019608436671649e-01,-2.770867682897077522e+00
2.310000000000000053e+00,0.000000000000000000e+00,4.371095572522837869e-01,-4.371095572522837869e-01,-2.806558242663369285e+00
2.319999999999999840e+00,0.000000000000000000e+00,4.428896120788933799e-01,-4.428896120788933799e-01,-2.842661851686267394e+00
2.330000000000000071e+00,0.000000000000000000e+00,4.487429262383162420e-01,-4.487429262383162420e-01,-2.879181859727339088e+00
2.339999999999999858e+00,0.000000000000000000e+00,4.546703058695825694e-01,-4.546703058695825694e-01,-2.916121602268044732e+00
2.350000000000000089e+00,0.000000000000000000e+00,4.606725622632553141e-01,-4.606725622632553141e-01,-2.953484399543649275e+00
2.359999999999999876e+00,0.000000000000000000e+00,4.667505117863933184e-01,-4.667505117863933184e-01,-2.991273555618476632e+00
2.370000000000000107e+00,0.000000000000000000e+00,4.729049758052946140e-01,-4.729049758052946140e-01,-3.029492357508397848e+00
2.379999999999999893e+00,0.000000000000000000e+00,4.791367806061800350e-01,-4.791367806061800350e-01,-3.068144074358093221e+00
2.390000000000000124e+00,0.000000000000000000e+00,4.854467573139991665e-01,-4.854467573139991665e-01,-3.107231956681213880e+00
2.399999999999999911e+00,0.000000000000000000e+00,4.918357418095609113e-01,-4.918357418095609113e-01,-3.146759235671027888e+00
2.410000000000000142e+00,0.000000000000000000e+00,4.983045746452136604e-01,-4.983045746452136604e-01,-3.186729122590042262e+00
2.419999999999999929e+00,0.000000000000000000e+00,5.048541009593219275e-01,-5.048541009593219275e-01,-3.227144808246822816e+00
2.430000000000000160e+00,0.000000000000000000e+00,5.114851703898097846e-01,-5.114851703898097846e-01,-3.268009462568854939e+00
2.439999999999999947e+00,0.000000000000000000e+00,5.181986369870618114e-01,-5.181986369870618114e-01,-3.309326234279182266e+00
2.450000000000000178e+00,0.000000000000000000e+00,5.249953591265005270e-01,-5.249953591265005270e-01,-3.351098250687454261e+00
2.459999999999999964e+00,0.000000000000000000e+00,5.318761994211755884e-01,-5.318761994211755884e-01,-3.393328617601723884e+00
2.470000000000000195e+00,0.000000000000000000e+00,5.388420246347275233e-01,-5.388420246347275233e-01,-3.436020419371399903e+00
2.479999999999999982e+00,0.000000000000000000e+00,5.458937055951091910e-01,-5.458937055951091910e-01,-3.479176719069256851e+00
2.490000000000000213e+00,0.000000000000000000e+00,5.530321171094716437e-01,-5.530321171094716437e-01,-3.522800558821515438e+00
2.500000000000000000e+00,0.000000000000000000e+00,5.602581378806392731e-01,-5.602581378806392731e-01,-3.566894960293146788e+00
2.510000000000000231e+00,0.000000000000000000e+00,5.675726504256269900e-01,-5.675726504256269900e-01,-3.611462925339083974e+00
2.520000000000000018e+00,0.000000000000000000e+00,5.749765409966650642e-01,-5.749765409966650642e-01,-3.656507436826610391e+00
2.530000000000000249e+00,0.000000000000000000e+00,5.824706995052250091e-01,-5.824706995052250091e-01,-3.702031459639626654e+00
2.540000000000000036e+00,0.000000000000000000e+00,5.900560194495536592e-01,-5.900560194495536592e-01,-3.748037941870454581e+00
2.550000000000000266e+00,0.000000000000000000e+00,5.977333978462485709e-01,-5.977333978462485709e-01,-3.794529816209287532e+00
2.560000000000000053e+00,0.000000000000000000e+00,6.055037351664193102e-01,-6.055037351664193102e-01,-3.841510001536168062e+00
2.569999999999999840e+00,0.000000000000000000e+00,6.133679352770058379e-01,-6.133679352770058379e-01,-3.888981404725883273e+00
2.580000000000000071e+00,0.000000000000000000e+00,6.213269053878374137e-01,-6.213269053878374137e-01,-3.936946922671012317e+00
2.589999999999999858e+00,0.000000000000000000e+00,6.293815560050373126e-01,-6.293815560050373126e-01,-3.985409444531832435e+00
2.600000000000000089e+00,0.000000000000000000e+00,6.375328008913943023e-01,-6.375328008913943023e-01,-4.034371854219617859e+00
2.609999999999999876e+00,0.000000000000000000e+00,6.457815570343400369e-01,-6.457815570343400369e-01,-4.083837033120774507e+00
2.620000000000000107e+00,0.000000000000000000e+00,6.541287446221899504e-01,-6.541287446221899504e-01,-4.133807863069387523e+00
2.629999999999999893e+00,0.000000000000000000e+00,6.625752870293183383e-01,-6.625752870293183383e-01,-4.184287229573843803e+00
2.640000000000000124e+00,0.000000000000000000e+00,6.711221108109592937e-01,-6.711221108109592937e-01,-4.235278025306062233e+00
2.649999999999999911e+00,0.000000000000000000e+00,6.797701457083392684e-01,-6.797701457083392684e-01,-4.286783153859423656e+00
2.660000000000000142e+00,0.000000000000000000e+00,6.885203246648615716e-01,-6.885203246648615716e-01,-4.338805533781656010e+00
2.669999999999999929e+00,0.000000000000000000e+00,6.973735838540821019e-01,-6.973735838540821019e-01,-4.391348102890555438e+00
2.680000000000000160e+00,0.000000000000000000e+00,7.063308627202261603e-01,-7.063308627202261603e-01,-4.444413822877432807e+00
2.689999999999999947e+00,0.000000000000000000e+00,7.153931040320153922e-01,-7.153931040320153922e-01,-4.498005684206277444e+00
2.700000000000000178e+00,0.000000000000000000e+00,7.245612539505820182e-01,-7.245612539505820182e-01,-4.552126711312687313e+00
2.709999999999999964e+00,0.000000000000000000e+00,7.338362621122687113e-01,-7.338362621122687113e-01,-4.606779968111339052e+00
2.720000000000000195e+00,0.000000000000000000e+00,7.432190817271140393e-01,-7.432190817271140393e-01,-4.661968563813698729e+00
2.729999999999999982e+00,0.000000000000000000e+00,7.527106696938473673e-01,-7.527106696938473673e-01,-4.717695659065810787e+00
2.740000000000000213e+00,0.000000000000000000e+00,7.623119867322171173e-01,-7.623119867322171173e-01,-4.773964472407333126e+00
2.750000000000000000e+00,0.000000000000000000e+00,7.720239975334927118e-01,-7.720239975334927118e-01,-4.830778287058960174e+00
2.760000000000000231e+00,0.000000000000000000e+00,7.818476709299874150e-01,-7.818476709299874150e-01,-4.888140458041934977e+00
2.770000000000000018e+00,0.000000000000000000e+00,7.917839800844553855e-01,-7.917839800844553855e-01,-4.946054419633066246e+00
2.780000000000000249e+00,0.000000000000000000e+00,8.018339027002259201e-01,-8.018339027002259201e-01,-5.004523693160017217e+00
2.790000000000000036e+00,0.000000000000000000e+00,8.119984212529397505e-01,-8.119984212529397505e-01,-5.063551895138751924e+00
2.800000000000000266e+00,0.000000000000000000e+00,8.222785232447602510e-01,-8.222785232447602510e-01,-5.123142745757336414e+00
2.810000000000000053e+00,0.000000000000000000e+00,8.326752014819318592e-01,-8.326752014819318592e-01,-5.183300077707125197e+00
2.819999999999999840e+00,0.000000000000000000e+00,8.431894543765601213e-01,-8.431894543765601213e-01,-5.244027845363397056e+00
2.830000000000000071e+00,0.000000000000000000e+00,8.538222862734909935e-01,-8.538222862734909935e-01,-5.305330134317870261e+00
2.839999999999999858e+00,0.000000000000000000e+00,8.645747078031609245e-01,-8.645747078031609245e-01,-5.367211171262182390e+00
2.850000000000000089e+00,0.000000000000000000e+00,8.754477362612910207e-01,-8.754477362612910207e-01,-5.429675334224247862e+00
2.859999999999999876e+00,0.000000000000000000e+00,8.864423960162908234e-01,-8.864423960162908234e-01,-5.492727163155992187e+00
2.870000000000000107e+00,0.000000000000000000e+00,8.975597189452365621e-01,-8.975597189452365621e-01,-5.556371370873477211e+00
2.879999999999999893e+00,0.000000000000000000e+00,9.088007448992760917e-01,-9.088007448992760917e-01,-5.620612854346139997e+00
2.890000000000000124e+00,0.000000000000000000e+00,9.201665221993096111e-01,-9.201665221993096111e-01,-5.685456706335273225e+00
2.899999999999999911e+00,0.000000000000000000e+00,9.316581081627819394e-01,-9.316581081627819394e-01,-5.750908227378218385e+00
2.910000000000000142e+00,0.000000000000000000e+00,9.432765696624135776e-01,-9.432765696624135776e-01,-5.816972938116406588e+00
2.919999999999999929e+00,0.000000000000000000e+00,9.550229837176844594e-01,-9.550229837176844594e-01,-5.883656591963696059e+00
2.930000000000000160e+00,0.000000000000000000e+00,9.668984381198675315e-01,-9.668984381198675315e-01,-5.950965188110155069e+00
2.939999999999999947e+00,0.000000000000000000e+00,9.789040320913999782e-01,-9.789040320913999782e-01,-6.018904984859131169e+00
2.950000000000000178e+00,0.000000000000000000e+00,9.910408769803562556e-01,-9.910408769803562556e-01,-6.087482513290263242e+00
2.959999999999999964e+00,0.000000000000000000e+00,1.003310096990771560e+00,-1.003310096990771560e+00,-6.156704591243973290e+00
2.970000000000000195e+00,0.000000000000000000e+00,1.015712829949544815e+00,-1.015712829949544815e+00,-6.226578337621528902e+00
2.979999999999999982e+00,0.000000000000000000e+00,1.028250228110626274e+00,-1.028250228110626274e+00,-6.297111186993125109e+00
2.990000000000000213e+00,0.000000000000000000e+00,1.040923458997170981e+00,-1.040923458997170981e+00,-6.368310904506472525e+00
3.000000000000000000e+00,0.000000000000000000e+00,1.053733706282313110e+00,-1.053733706282313110e+00,-6.440185601087446088e+00
3.010000000000000231e+00,0.000000000000000000e+00,1.066682170709189803e+00,-1.066682170709189803e+00,-6.512743748924313181e+00
3.020000000000000018e+00,0.000000000000000000e+00,1.079770071050808022e+00,-1.079770071050808022e+00,-6.585994197223818070e+00
3.030000000000000249e+00,0.000000000000000000e+00,1.092998645110316858e+00,-1.092998645110316858e+00,-6.659946188228861530e+00
3.040000000000000036e+00,0.000000000000000000e+00,1.106369150762209097e+00,-1.106369150762209097e+00,-6.734609373484691908e+00
3.050000000000000266e+00,0.000000000000000000e+00,1.119882867034935003e+00,-1.119882867034935003e+00,-6.809993830339707621e+00
3.060000000000000053e+00,0.000000000000000000e+00,1.133541095235366836e+00,-1.133541095235366836e+00,-6.886110078665598877e+00
3.070000000000000284e+00,0.000000000000000000e+00,1.147345160115499141e+00,-1.147345160115499141e+00,-6.962969097778231031e+00
3.080000000000000071e+00,0.000000000000000000e+00,1.161296411081717661e+00,-1.161296411081717661e+00,-7.040582343541056609e+00
3.089999999999999858e+00,0.000000000000000000e+00,1.175396223446905974e+00,-1.175396223446905974e+00,-7.118961765628596616e+00
3.100000000000000089e+00,0.000000000000000000e+00,1.189645999725585490e+00,-1.189645999725585490e+00,-7.198119824923921328e+00
3.109999999999999876e+00,0.000000000000000000e+00,1.204047170972214253e+00,-1.204047170972214253e+00,-7.278069511025154981e+00
3.120000000000000107e+00,0.000000000000000000e+00,1.218601198162671428e+00,-1.218601198162671428e+00,-7.358824359825620220e+00
3.129999999999999893e+00,0.000000000000000000e+00,1.233309573618860400e+00,-1.233309573618860400e+00,-7.440398471133820024e+00
3.140000000000000124e+00,0.000000000000000000e+00,1.248173822476252415e+00,-1.248173822476252415e+00,-7.522806526293132734e+00
3.149999999999999911e+00,0.000000000000000000e+00,1.263195504194061458e+00,-1.263195504194061458e+00,-7.606063805753571216e+00
3.160000000000000142e+00,0.000000000000000000e+00,1.278376214107593611e+00,-1.278376214107593611e+00,-7.690186206541962832e+00
3.169999999999999929e+00,0.000000000000000000e+00,1.293717585022157612e+00,-1.293717585022157612e+00,-7.775190259573379947e+00
3.180000000000000160e+00,0.000000000000000000e+00,1.309221288847729703e+00,-1.309221288847729703e+00,-7.861093146732973658e+00
3.189999999999999947e+00,0.000000000000000000e+00,1.324889038273359798e+00,-1.324889038273359798e+00,-7.947912717652610759e+00
3.200000000000000178e+00,0.000000000000000000e+00,1.340722588480057542e+00,-1.340722588480057542e+00,-8.035667506091073164e+00
3.209999999999999964e+00,0.000000000000000000e+00,1.356723738890631026e+00,-1.356723738890631026e+00,-8.124376745819915868e+00
3.220000000000000195e+00,0.000000000000000000e+00,1.372894334954635198e+00,-1.372894334954635198e+00,-8.214060385898603656e+00
3.229999999999999982e+00,0.000000000000000000e+00,1.389236269966234838e+00,-1.389236269966234838e+00,-8.304739105208987837e+00
3.240000000000000213e+00,0.000000000000000000e+00,1.405751486912386827e+00,-1.405751486912386827e+00,-8.396434326101180901e+00
3.250000000000000000e+00,0.000000000000000000e+00,1.422441980348292612e+00,-1.422441980348292612e+00,-8.489168226982936716e+00
3.260000000000000231e+00,0.000000000000000000e+00,1.439309798296551257e+00,-1.439309798296551257e+00,-8.582963753659893058e+00
3.270000000000000018e+00,0.000000000000000000e+00,1.456357044165867975e+00,-1.456357044165867975e+00,-8.677844629213234739e+00
3.280000000000000249e+00,0.000000000000000000e+00,1.473585878684501527e+00,-1.473585878684501527e+00,-8.773835362165870677e+00
3.290000000000000036e+00,0.000000000000000000e+00,1.490998521842897384e+00,-1.490998521842897384e+00,-8.870961252663668972e+00
3.300000000000000266e+00,0.000000000000000000e+00,1.508597254839098678e+00,-1.508597254839098678e+00,-8.969248396354316810e+00
3.310000000000000053e+00,0.000000000000000000e+00,1.526384422019578135e+00,-1.526384422019578135e+00,-9.068723685611207230e+00
3.320000000000000284e+00,0.000000000000000000e+00,1.544362432807062868e+00,-1.544362432807062868e+00,-9.169414807703958559e+00
3.330000000000000071e+00,0.000000000000000000e+00,1.562533763605704396e+00,-1.562533763605704396e+00,-9.271350239462000431e+00
3.339999999999999858e+00,0.000000000000000000e+00,1.570796326794896558e+00,-1.570796326794896558e+00,-5.708839716871992209e+00
3.350000000000000089e+00,0.000000000000000000e+00,1.570796326794896558e+00,-1.570796326794896558e+00,-2.730519536627288080e+00
3.359999999999999876e+00,0.000000000000000000e+00,1.570796326794896558e+00,-1.570796326794896558e+00,-2.738772451438004740e+00
3.370000000000000107e+00,0.000000000000000000e+00,1.570796326794896558e+00,-1.570796326794896558e+00,-2.747025366248721845e+00
3.379999999999999893e+00,0.000000000000000000e+00,1.570796326794896558e+00,-1.570796326794896558e+00,-2.755278281059438505e+00
3.390000000000000124e+00,0.000000000000000000e+00,1.570796326794896558e+00,-1.570796326794896558e+00,-2.763531195870155610e+00
3.399999999999999911e+00,0.000000000000000000e+00,1.570796326794896558e+00,-1.570796326794896558e+00,-2.771784110680872715e+00
3.410000000000000142e+00,0.000000000000000000e+00,1.570796326794896558e+00,-1.570796326794896558e+00,-2.780037025491589375e+00
3.419999999999999929e+00,0.000000000000000000e+00,1.570796326794896558e+00,-1.570796326794896558e+00,-2.788289940302306036e+00
3.430000000000000160e+00,0.000000000000000000e+00,1.570796326794896558e+00,-1.570796326794896558e+00,-2.796542855113023140e+00
3.439999999999999947e+00,0.000000000000000000e+00,1.570796326794896558e+00,-1.570796326794896558e+00,-2.804795769923740245e+00
3.450000000000000178e+00,0.000000000000000000e+00,1.570796326794896558e+00,-1.570796326794896558e+00,-2.813048684734456906e+00
3.459999999999999964e+00,0.000000000000000000e+00,1.570796326794896558e+00,-1.570796326794896558e+00,-2.821301599545173566e+00
3.470000000000000195e+00,0.000000000000000000e+00,1.570796326794896558e+00,-1.570796326794896558e+00,-2.829554514355890671e+00
3.479999999999999982e+00,0.000000000000000000e+00,1.570796326794896558e+00,-1.570796326794896558e+00,-2.837807429166607776e+00
3.490000000000000213e+00,0.000000000000000000e+00,1.570796326794896558e+00,-1.570796326794896558e+00,-2.846060343977324436e+00
3.500000000000000000e+00,0.000000000000000000e+00,1.570796326794896558e+00,-1.570796326794896558e+00,-2.854313258788041097e+00
3.510000000000000231e+00,0.000000000000000000e+00,1.570796326794896558e+00,-1.570796326794896558e+00,-2.862566173598758201e+00
3.520000000000000018e+00,0.000000000000000000e+00,1.570796326794896558e+00,-1.570796326794896558e+00,-2.870819088409475306e+00
3.530000000000000249e+00,0.000000000000000000e+00,1.570796326794896558e+00,-1.570796326794896558e+00,-2.879072003220191966e+00
3.540000000000000036e+00,0.000000000000000000e+00,1.570796326794896558e+00,-1.570796326794896558e+00,-2.887324918030908627e+00
3.550000000000000266e+00,0.000000000000000000e+00,1.570796326794896558e+00,-1.570796326794896558e+00,-2.895577832841625732e+00
3.560000000000000053e+00,0.000000000000000000e+00,1.570796326794896558e+00,-1.570796326794896558e+00,-2.903830747652342836e+00
3.570000000000000284e+00,0.000000000000000000e+00,1.570796326794896558e+00,-1.570796326794896558e+00,-2.912083662463059497e+00
3.580000000000000071e+00,0.000000000000000000e+00,1.570796326794896558e+00,-1.570796326794896558e+00,-2.920336577273776157e+00
3.589999999999999858e+00,0.000000000000000000e+00,1.570796326794896558e+00,-1.570796326794896558e+00,-2.928589492084493262e+00
3.600000000000000089e+00,0.000000000000000000e+00,1.570796326794896558e+00,-1.570796326794896558e+00,-2.936842406895210367e+00
3.609999999999999876e+00,0.000000000000000000e+00,1.570796326794896558e+00,-1.570796326794896558e+00,-2.945095321705927027e+00
3.620000000000000107e+00,0.000000000000000000e+00,1.570796326794896558e+00,-1.570796326794896558e+00,-2.953348236516643688e+00
3.629999999999999893e+00,0.000000000000000000e+00,1.570796326794896558e+00,-1.570796326794896558e+00,-2.961601151327360792e+00
3.640000000000000124e+00,0.000000000000000000e+00,1.570796326794896558e+00,-1.570796326794896558e+00,-2.969854066138077897e+00
3.649999999999999911e+00,0.000000000000000000e+00,1.570796326794896558e+00,-1.570796326794896558e+00,-2.978106980948794558e+00
3.660000000000000142e+00,0.000000000000000000e+00,1.570796326794896558e+00,-1.570796326794896558e+00,-2.986359895759511218e+00
3.669999999999999929e+00,0.000000000000000000e+00,1.570796326794896558e+00,-1.570796326794896558e+00,-2.994612810570228323e+00
3.680000000000000160e+00,0.000000000000000000e+00,1.570796326794896558e+00,-1.570796326794896558e+00,-3.002865725380945428e+00
3.689999999999999947e+00,0.000000000000000000e+00,1.570796326794896558e+00,-1.570796326794896558e+00,-3.011118640191662088e+00
3.700000000000000178e+00,0.000000000000000000e+00,1.570796326794896558e+00,-1.570796326794896558e+00,-3.019371555002378749e+00
3.709999999999999964e+00,0.000000000000000000e+00,1.570796326794896558e+00,-1.570796326794896558e+00,-3.027624469813095853e+00
3.720000000000000195e+00,0.000000000000000000e+00,1.570796326794896558e+00,-1.570796326794896558e+00,-3.035877384623812958e+00
3.729999999999999982e+00,0.000000000000000000e+00,1.570796326794896558e+00,-1.570796326794896558e+00,-3.044130299434529618e+00
3.740000000000000213e+00,0.000000000000000000e+00,1.570796326794896558e+00,-1.570796326794896558e+00,-3.052383214245246723e+00
3.750000000000000000e+00,0.000000000000000000e+00,1.570796326794896558e+00,-1.570796326794896558e+00,-3.060636129055963384e+00
3.760000000000000231e+00,0.000000000000000000e+00,1.570796326794896558e+00,-1.570796326794896558e+00,-3.068889043866680488e+00
3.770000000000000018e+00,0.000000000000000000e+00,1.570796326794896558e+00,-1.570796326794896558e+00,-3.077141958677397149e+00
3.780000000000000249e+00,0.000000000000000000e+00,1.570796326794896558e+00,-1.570796326794896558e+00,-3.085394873488113809e+00
3.790000000000000036e+00,0.000000000000000000e+00,1.570796326794896558e+00,-1.570796326794896558e+00,-3.093647788298830914e+00
3.800000000000000266e+00,0.000000000000000000e+00,1.570796326794896558e+00,-1.570796326794896558e+00,-3.101900703109548019e+00
3.810000000000000053e+00,0.000000000000000000e+00,1.570796326794896558e+00,-1.570796326794896558e+00,-3.110153617920264679e+00
3.820000000000000284e+00,0.000000000000000000e+00,1.570796326794896558e+00,-1.570796326794896558e+00,-3.118406532730981340e+00
3.830000000000000071e+00,0.000000000000000000e+00,1.570796326794896558e+00,-1.570796326794896558e+00,-3.126659447541698444e+00
3.839999999999999858e+00,0.000000000000000000e+00,1.570796326794896558e+00,-1.570796326794896558e+00,-3.134912362352415549e+00
3.850000000000000089e+00,0.000000000000000000e+00,1.570796326794896558e+00,-1.570796326794896558e+00,-3.143165277163132210e+00
3.859999999999999876e+00,0.000000000000000000e+00,1.570796326794896558e+00,-1.570796326794896558e+00,-3.151418191973848870e+00
3.870000000000000107e+00,0.000000000000000000e+00,1.570796326794896558e+00,-1.570796326794896558e+00,-3.159671106784565975e+00
3.879999999999999893e+00,0.000000000000000000e+00,1.570796326794896558e+00,-1.570796326794896558e+00,-3.167924021595283079e+00
3.890000000000000124e+00,0.000000000000000000e+00,1.570796326794896558e+00,-1.570796326794896558e+00,-3.176176936405999740e+00
3.899999999999999911e+00,0.000000000000000000e+00,1.570796326794896558e+00,-1.570796326794896558e+00,-3.184429851216716845e+00
3.910000000000000142e+00,0.000000000000000000e+00,1.570796326794896558e+00,-1.570796326794896558e+00,-3.192682766027433949e+00
3.919999999999999929e+00,0.000000000000000000e+00,1.570796326794896558e+00,-1.570796326794896558e+00,-3.200935680838150610e+00
3.930000000000000160e+00,0.000000000000000000e+00,1.570796326794896558e+00,-1.570796326794896558e+00,-3.209188595648867270e+00
3.939999999999999947e+00,0.000000000000000000e+00,1.570796326794896558e+00,-1.570796326794896558e+00,-3.217441510459584375e+00
3.950000000000000178e+00,0.000000000000000000e+00,1.570796326794896558e+00,-1.570796326794896558e+00,-3.225694425270301480e+00
3.959999999999999964e+00,0.000000000000000000e+00,1.570796326794896558e+00,-1.570796326794896558e+00,-3.233947340081018140e+00
3.970000000000000195e+00,0.000000000000000000e+00,1.570796326794896558e+00,-1.570796326794896558e+00,-3.242200254891734801e+00
3.979999999999999982e+00,0.000000000000000000e+00,1.570796326794896558e+00,-1.570796326794896558e+00,-3.250453169702451905e+00
3.990000000000000213e+00,0.000000000000000000e+00,1.570796326794896558e+00,-1.570796326794896558e+00,-3.258706084513169010e+00
4.000000000000000000e+00,0.000000000000000000e+00,1.570796326794896558e+00,-1.570796326794896558e+00,-3.266958999323885671e+00
4.009999999999999787e+00,0.000000000000000000e+00,1.570796326794896558e+00,-1.570796326794896558e+00,-3.275211914134602331e+00
4.020000000000000462e+00,0.000000000000000000e+00,1.570796326794896558e+00,-1.570796326794896558e+00,-3.283464828945319436e+00
4.030000000000000249e+00,0.000000000000000000e+00,1.570796326794896558e+00,-1.570796326794896558e+00,-3.291717743756036541e+00
4.040000000000000036e+00,0.000000000000000000e+00,1.570796326794896558e+00,-1.570796326794896558e+00,-3.299970658566753201e+00
4.049999999999999822e+00,0.000000000000000000e+00,1.570796326794896558e+00,-1.570796326794896558e+00,-3.308223573377469862e+00
4.060000000000000497e+00,0.000000000000000000e+00,1.570796326794896558e+00,-1.570796326794896558e+00,-3.316476488188186966e+00
4.070000000000000284e+00,0.000000000000000000e+00,1.570796326794896558e+00,-1.570796326794896558e+00,-3.324729402998904071e+00
4.080000000000000071e+00,0.000000000000000000e+00,1.570796326794896558e+00,-1.570796326794896558e+00,-3.332982317809620731e+00
4.089999999999999858e+00,0.000000000000000000e+00,1.570796326794896558e+00,-1.570796326794896558e+00,-3.341235232620337392e+00
4.099999999999999645e+00,0.000000000000000000e+00,1.570796326794896558e+00,-1.570796326794896558e+00,-3.349488147431054497e+00
4.110000000000000320e+00,0.000000000000000000e+00,1.570796326794896558e+00,-1.570796326794896558e+00,-3.357741062241771601e+00
4.120000000000000107e+00,0.000000000000000000e+00,1.570796326794896558e+00,-1.570796326794896558e+00,-3.365993977052488262e+00
4.129999999999999893e+00,0.000000000000000000e+00,1.570796326794896558e+00,-1.570796326794896558e+00,-3.374246891863204922e+00
4.139999999999999680e+00,0.000000000000000000e+00,1.570796326794896558e+00,-1.570796326794896558e+00,-3.382499806673922027e+00
4.150000000000000355e+00,0.000000000000000000e+00,1.570796326794896558e+00,-1.570796326794896558e+00,-3.390752721484639132e+00
4.160000000000000142e+00,0.000000000000000000e+00,1.570796326794896558e+00,-1.570796326794896558e+00,-3.399005636295355792e+00
4.169999999999999929e+00,0.000000000000000000e+00,1.570796326794896558e+00,-1.570796326794896558e+00,-3.407258551106072453e+00
4.179999999999999716e+00,0.000000000000000000e+00,1.570796326794896558e+00,-1.570796326794896558e+00,-3.415511465916789557e+00
4.190000000000000391e+00,0.000000000000000000e+00,1.570796326794896558e+00,-1.570796326794896558e+00,-3.423764380727506662e+00
4.200000000000000178e+00,0.000000000000000000e+00,1.570796326794896558e+00,-1.570796326794896558e+00,-3.432017295538223323e+00
4.209999999999999964e+00,0.000000000000000000e+00,1.570796326794896558e+00,-1.570796326794896558e+00,-3.440270210348939983e+00
4.219999999999999751e+00,0.000000000000000000e+00,1.570796326794896558e+00,-1.570796326794896558e+00,-3.448523125159657088e+00
4.230000000000000426e+00,0.000000000000000000e+00,1.570796326794896558e+00,-1.570796326794896558e+00,-3.456776039970374192e+00
4.240000000000000213e+00,0.000000000000000000e+00,1.570796326794896558e+00,-1.570796326794896558e+00,-3.465028954781090853e+00
4.250000000000000000e+00,0.000000000000000000e+00,1.570796326794896558e+00,-1.570796326794896558e+00,-3.473281869591807514e+00
4.259999999999999787e+00,0.000000000000000000e+00,1.570796326794896558e+00,-1.570796326794896558e+00,-3.481534784402524618e+00
4.270000000000000462e+00,0.000000000000000000e+00,1.570796326794896558e+00,-1.570796326794896558e+00,-3.489787699213241723e+00
4.280000000000000249e+00,0.000000000000000000e+00,1.570796326794896558e+00,-1.570796326794896558e+00,-3.498040614023958383e+00
4.290000000000000036e+00,0.000000000000000000e+00,1.570796326794896558e+00,-1.570796326794896558e+00,-3.506293528834675044e+00
4.299999999999999822e+00,0.000000000000000000e+00,1.570796326794896558e+00,-1.570796326794896558e+00,-3.514546443645392149e+00
4.310000000000000497e+00,0.000000000000000000e+00,1.570796326794896558e+00,-1.570796326794896558e+00,-3.522799358456109253e+00
4.320000000000000284e+00,0.000000000000000000e+00,1.570796326794896558e+00,-1.570796326794896558e+00,-3.531052273266825914e+00
4.330000000000000071e+00,0.000000000000000000e+00,1.570796326794896558e+00,-1.570796326794896558e+00,-3.539305188077542574e+00
4.339999999999999858e+00,0.000000000000000000e+00,1.570796326794896558e+00,-1.570796326794896558e+00,-3.547558102888259679e+00
4.350000000000000533e+00,0.000000000000000000e+00,1.570796326794896558e+00,-1.570796326794896558e+00,-3.555811017698976784e+00
4.360000000000000320e+00,0.000000000000000000e+00,1.570796326794896558e+00,-1.570796326794896558e+00,-3.564063932509693444e+00
4.370000000000000107e+00,0.000000000000000000e+00,1.570796326794896558e+00,-1.570796326794896558e+00,-3.572316847320410105e+00
4.379999999999999893e+00,0.000000000000000000e+00,1.570796326794896558e+00,-1.570796326794896558e+00,-3.580569762131127209e+00
4.389999999999999680e+00,0.000000000000000000e+00,1.570796326794896558e+00,-1.570796326794896558e+00,-3.588822676941844314e+00
4.400000000000000355e+00,0.000000000000000000e+00,1.570796326794896558e+00,-1.570796326794896558e+00,-3.597075591752560975e+00
4.410000000000000142e+00,0.000000000000000000e+00,1.570796326794896558e+00,-1.570796326794896558e+00,-3.605328506563277635e+00
4.419999999999999929e+00,0.000000000000000000e+00,1.570796326794896558e+00,-1.570796326794896558e+00,-3.613581421373994740e+00
4.429999999999999716e+00,0.000000000000000000e+00,1.570796326794896558e+00,-1.570796326794896558e+00,-3.621834336184711844e+00
4.440000000000000391e+00,0.000000000000000000e+00,1.570796326794896558e+00,-1.570796326794896558e+00,-3.630087250995428505e+00
4.450000000000000178e+00,0.000000000000000000e+00,1.570796326794896558e+00,-1.570796326794896558e+00,-3.638340165806145166e+00
4.459999999999999964e+00,0.000000000000000000e+00,1.570796326794896558e+00,-1.570796326794896558e+00,-3.646593080616862270e+00
4.469999999999999751e+00,0.000000000000000000e+00,1.570796326794896558e+00,-1.570796326794896558e+00,-3.654845995427579375e+00
4.480000000000000426e+00,0.000000000000000000e+00,1.570796326794896558e+00,-1.570796326794896558e+00,-3.663098910238296035e+00
4.490000000000000213e+00,0.000000000000000000e+00,1.570796326794896558e+00,-1.570796326794896558e+00,-3.671351825049012696e+00
4.500000000000000000e+00,0.000000000000000000e+00,1.570796326794896558e+00,-1.570796326794896558e+00,-3.679604739859729801e+00
4.509999999999999787e+00,0.000000000000000000e+00,1.570796326794896558e+00,-1.570796326794896558e+00,-3.687857654670446905e+00
4.520000000000000462e+00,0.000000000000000000e+00,1.570796326794896558e+00,-1.570796326794896558e+00,-3.696110569481163566e+00
4.530000000000000249e+00,0.000000000000000000e+00,1.570796326794896558e+00,-1.570796326794896558e+00,-3.704363484291880226e+00
4.540000000000000036e+00,0.000000000000000000e+00,1.570796326794896558e+00,-1.570796326794896558e+00,-3.712616399102597331e+00
4.549999999999999822e+00,0.000000000000000000e+00,1.570796326794896558e+00,-1.570796326794896558e+00,-3.720869313913314436e+00
4.560000000000000497e+00,0.000000000000000000e+00,1.570796326794896558e+00,-1.570796326794896558e+00,-3.729122228724031096e+00
4.570000000000000284e+00,0.000000000000000000e+00,1.570796326794896558e+00,-1.570796326794896558e+00,-3.737375143534748201e+00
4.580000000000000071e+00,0.000000000000000000e+00,1.570796326794896558e+00,-1.570796326794896558e+00,-3.745628058345465305e+00
4.589999999999999858e+00,0.000000000000000000e+00,1.570796326794896558e+00,-1.570796326794896558e+00,-3.753880973156181966e+00
4.600000000000000533e+00,0.000000000000000000e+00,1.570796326794896558e+00,-1.570796326794896558e+00,-3.762133887966898627e+00
4.610000000000000320e+00,0.000000000000000000e+00,1.570796326794896558e+00,-1.570796326794896558e+00,-3.770386802777615731e+00
4.620000000000000107e+00,0.000000000000000000e+00,1.570796326794896558e+00,-1.570796326794896558e+00,-3.778639717588332836e+00
4.629999999999999893e+00,0.000000000000000000e+00,1.570796326794896558e+00,-1.570796326794896558e+00,-3.786892632399049496e+00
4.639999999999999680e+00,0.000000000000000000e+00,1.570796326794896558e+00,-1.570796326794896558e+00,-3.795145547209766157e+00
4.650000000000000355e+00,0.000000000000000000e+00,1.570796326794896558e+00,-1.570796326794896558e+00,-3.803398462020483262e+00
4.660000000000000142e+00,0.000000000000000000e+00,1.570796326794896558e+00,-1.570796326794896558e+00,-3.811651376831200366e+00
4.669999999999999929e+00,0.000000000000000000e+00,1.570796326794896558e+00,-1.570796326794896558e+00,-3.819904291641917027e+00
4.679999999999999716e+00,0.000000000000000000e+00,1.570796326794896558e+00,-1.570796326794896558e+00,-3.828157206452633687e+00
4.690000000000000391e+00,0.000000000000000000e+00,1.570796326794896558e+00,-1.570796326794896558e+00,-3.836410121263350792e+00
4.700000000000000178e+00,0.000000000000000000e+00,1.570796326794896558e+00,-1.570796326794896558e+00,-3.844663036074067897e+00
4.709999999999999964e+00,0.000000000000000000e+00,1.570796326794896558e+00,-1.570796326794896558e+00,-3.852915950884784557e+00
4.719999999999999751e+00,0.000000000000000000e+00,1.570796326794896558e+00,-1.570796326794896558e+00,-3.861168865695501218e+00
4.730000000000000426e+00,0.000000000000000000e+00,1.570796326794896558e+00,-1.570796326794896558e+00,-3.869421780506218322e+00
4.740000000000000213e+00,0.000000000000000000e+00,1.570796326794896558e+00,-1.570796326794896558e+00,-3.877674695316935427e+00
4.750000000000000000e+00,0.000000000000000000e+00,1.570796326794896558e+00,-1.570796326794896558e+00,-3.885927610127652088e+00
4.759999999999999787e+00,0.000000000000000000e+00,1.570796326794896558e+00,-1.570796326794896558e+00,-3.894180524938368748e+00
4.770000000000000462e+00,0.000000000000000000e+00,1.570796326794896558e+00,-1.570796326794896558e+00,-3.902433439749085853e+00
4.780000000000000249e+00,0.000000000000000000e+00,1.570796326794896558e+00,-1.570796326794896558e+00,-3.910686354559802957e+00
4.790000000000000036e+00,0.000000000000000000e+00,1.570796326794896558e+00,-1.570796326794896558e+00,-3.918939269370519618e+00
4.799999999999999822e+00,0.000000000000000000e+00,1.570796326794896558e+00,-1.570796326794896558e+00,-3.927192184181236279e+00
4.810000000000000497e+00,0.000000000000000000e+00,1.570796326794896558e+00,-1.570796326794896558e+00,-3.935445098991953383e+00
4.820000000000000284e+00,0.000000000000000000e+00,1.570796326794896558e+00,-1.570796326794896558e+00,-3.943698013802670488e+00
4.830000000000000071e+00,0.000000000000000000e+00,1.570796326794896558e+00,-1.570796326794896558e+00,-3.951950928613387148e+00
4.839999999999999858e+00,0.000000000000000000e+00,1.570796326794896558e+00,-1.570796326794896558e+00,-3.960203843424103809e+00
4.850000000000000533e+00,0.000000000000000000e+00,1.570796326794896558e+00,-1.570796326794896558e+00,-3.968456758234820914e+00
4.860000000000000320e+00,0.000000000000000000e+00,1.570796326794896558e+00,-1.570796326794896558e+00,-3.976709673045538018e+00
4.870000000000000107e+00,0.000000000000000000e+00,1.570796326794896558e+00,-1.570796326794896558e+00,-3.984962587856254679e+00
4.879999999999999893e+00,0.000000000000000000e+00,1.570796326794896558e+00,-1.570796326794896558e+00,-3.993215502666971339e+00
4.889999999999999680e+00,0.000000000000000000e+00,1.570796326794896558e+00,-1.570796326794896558e+00,-4.001468417477688888e+00
4.900000000000000355e+00,0.000000000000000000e+00,1.570796326794896558e+00,-1.570796326794896558e+00,-4.009721332288405549e+00
4.910000000000000142e+00,0.000000000000000000e+00,1.570796326794896558e+00,-1.570796326794896558e+00,-4.017974247099122209e+00
4.919999999999999929e+00,0.000000000000000000e+00,1.570796326794896558e+00,-1.570796326794896558e+00,-4.026227161909838870e+00
4.929999999999999716e+00,0.000000000000000000e+00,1.570796326794896558e+00,-1.570796326794896558e+00,-4.034480076720555530e+00
4.940000000000000391e+00,0.000000000000000000e+00,1.570796326794896558e+00,-1.570796326794896558e+00,-4.042732991531273079e+00
4.950000000000000178e+00,0.000000000000000000e+00,1.570796326794896558e+00,-1.570796326794896558e+00,-4.050985906341989740e+00
4.959999999999999964e+00,0.000000000000000000e+00,1.570796326794896558e+00,-1.570796326794896558e+00,-4.059238821152706400e+00
4.969999999999999751e+00,0.000000000000000000e+00,1.570796326794896558e+00,-1.570796326794896558e+00,-4.067491735963423949e+00
4.980000000000000426e+00,0.000000000000000000e+00,1.570796326794896558e+00,-1.570796326794896558e+00,-4.075744650774140609e+00
4.990000000000000213e+00,0.000000000000000000e+00,1.570796326794896558e+00,-1.570796326794896558e+00,-4.083997565584857270e+00
5.000000000000000000e+00,0.000000000000000000e+00,1.570796326794896558e+00,-1.570796326794896558e+00,-4.092250480395573931e+00
5.009999999999999787e+00,0.000000000000000000e+00,1.570796326794896558e+00,-1.570796326794896558e+00,-4.100503395206290591e+00
5.020000000000000462e+00,0.000000000000000000e+00,1.570796326794896558e+00,-1.570796326794896558e+00,-4.108756310017008140e+00
5.030000000000000249e+00,0.000000000000000000e+00,1.570796326794896558e+00,-1.570796326794896558e+00,-4.117009224827724800e+00
5.040000000000000036e+00,0.000000000000000000e+00,1.570796326794896558e+00,-1.570796326794896558e+00,-4.125262139638442349e+00
5.049999999999999822e+00,0.000000000000000000e+00,1.570796326794896558e+00,-1.570796326794896558e+00,-4.133515054449159010e+00
5.060000000000000497e+00,0.000000000000000000e+00,1.570796326794896558e+00,-1.570796326794896558e+00,-4.141767969259875670e+00
5.070000000000000284e+00,0.000000000000000000e+00,1.570796326794896558e+00,-1.570796326794896558e+00,-4.150020884070592331e+00
5.080000000000000071e+00,0.000000000000000000e+00,1.570796326794896558e+00,-1.570796326794896558e+00,-4.158273798881308991e+00
5.089999999999999858e+00,0.000000000000000000e+00,1.570796326794896558e+00,-1.570796326794896558e+00,-4.166526713692025652e+00
5.100000000000000533e+00,0.000000000000000000e+00,1.570796326794896558e+00,-1.570796326794896558e+00,-4.174779628502743201e+00
5.110000000000000320e+00,0.000000000000000000e+00,1.570796326794896558e+00,-1.570796326794896558e+00,-4.183032543313459861e+00
5.120000000000000107e+00,0.000000000000000000e+00,1.570796326794896558e+00,-1.570796326794896558e+00,-4.191285458124177410e+00
5.129999999999999893e+00,0.000000000000000000e+00,1.570796326794896558e+00,-1.570796326794896558e+00,-4.199538372934894070e+00
5.139999999999999680e+00,0.000000000000000000e+00,1.570796326794896558e+00,-1.570796326794896558e+00,-4.207791287745610731e+00
5.150000000000000355e+00,0.000000000000000000e+00,1.570796326794896558e+00,-1.570796326794896558e+00,-4.216044202556327392e+00
5.160000000000000142e+00,0.000000000000000000e+00,1.570796326794896558e+00,-1.570796326794896558e+00,-4.224297117367044052e+00
5.169999999999999929e+00,0.000000000000000000e+00,1.570796326794896558e+00,-1.570796326794896558e+00,-4.232550032177760713e+00
5.179999999999999716e+00,0.000000000000000000e+00,1.570796326794896558e+00,-1.570796326794896558e+00,-4.240802946988478261e+00
5.190000000000000391e+00,0.000000000000000000e+00,1.570796326794896558e+00,-1.570796326794896558e+00,-4.249055861799194922e+00
5.200000000000000178e+00,0.000000000000000000e+00,1.570796326794896558e+00,-1.570796326794896558e+00,-4.257308776609912471e+00
5.209999999999999964e+00,0.000000000000000000e+00,1.570796326794896558e+00,-1.570796326794896558e+00,-4.265561691420629131e+00
5.219999999999999751e+00,0.000000000000000000e+00,1.570796326794896558e+00,-1.570796326794896558e+00,-4.273814606231345792e+00
5.230000000000000426e+00,0.000000000000000000e+00,1.570796326794896558e+00,-1.570796326794896558e+00,-4.282067521042062452e+00
5.240000000000000213e+00,0.000000000000000000e+00,1.570796326794896558e+00,-1.570796326794896558e+00,-4.290320435852779113e+00
5.250000000000000000e+00,0.000000000000000000e+00,1.570796326794896558e+00,-1.570796326794896558e+00,-4.298573350663495773e+00
5.259999999999999787e+00,0.000000000000000000e+00,1.570796326794896558e+00,-1.570796326794896558e+00,-4.306826265474213322e+00
5.270000000000000462e+00,0.000000000000000000e+00,1.570796326794896558e+00,-1.570796326794896558e+00,-4.315079180284929983e+00
5.280000000000000249e+00,0.000000000000000000e+00,1.570796326794896558e+00,-1.570796326794896558e+00,-4.323332095095647531e+00
5.290000000000000036e+00,0.000000000000000000e+00,1.570796326794896558e+00,-1.570796326794896558e+00,-4.331585009906364192e+00
5.299999999999999822e+00,0.000000000000000000e+00,1.570796326794896558e+00,-1.570796326794896558e+00,-4.339837924717080853e+00
5.310000000000000497e+00,0.000000000000000000e+00,1.570796326794896558e+00,-1.570796326794896558e+00,-4.348090839527797513e+00
5.320000000000000284e+00,0.000000000000000000e+00,1.570796326794896558e+00,-1.570796326794896558e+00,-4.356343754338514174e+00
5.330000000000000071e+00,0.000000000000000000e+00,1.570796326794896558e+00,-1.570796326794896558e+00,-4.364596669149230834e+00
5.339999999999999858e+00,0.000000000000000000e+00,1.570796326794896558e+00,-1.570796326794896558e+00,-4.372849583959948383e+00
5.350000000000000533e+00,0.000000000000000000e+00,1.570796326794896558e+00,-1.570796326794896558e+00,-4.381102498770665044e+00
5.360000000000000320e+00,0.000000000000000000e+00,1.570796326794896558e+00,-1.570796326794896558e+00,-4.389355413581382592e+00
5.370000000000000107e+00,0.000000000000000000e+00,1.570796326794896558e+00,-1.570796326794896558e+00,-4.397608328392099253e+00
5.379999999999999893e+00,0.000000000000000000e+00,1.570796326794896558e+00,-1.570796326794896558e+00,-4.405861243202815913e+00
5.389999999999999680e+00,0.000000000000000000e+00,1.570796326794896558e+00,-1.570796326794896558e+00,-4.414114158013532574e+00
5.400000000000000355e+00,0.000000000000000000e+00,1.570796326794896558e+00,-1.570796326794896558e+00,-4.422367072824249234e+00
5.410000000000000142e+00,0.000000000000000000e+00,1.570796326794896558e+00,-1.570796326794896558e+00,-4.430619987634965895e+00
5.419999999999999929e+00,0.000000000000000000e+00,1.570796326794896558e+00,-1.570796326794896558e+00,-4.438872902445683444e+00
5.429999999999999716e+00,0.000000000000000000e+00,1.570796326794896558e+00,-1.570796326794896558e+00,-4.447125817256400104e+00
5.440000000000000391e+00,0.000000000000000000e+00,1.570796326794896558e+00,-1.570796326794896558e+00,-4.455378732067117653e+00
5.450000000000000178e+00,0.000000000000000000e+00,1.570796326794896558e+00,-1.570796326794896558e+00,-4.463631646877834314e+00
5.459999999999999964e+00,0.000000000000000000e+00,1.570796326794896558e+00,-1.570796326794896558e+00,-4.471884561688550974e+00
5.469999999999999751e+00,0.000000000000000000e+00,1.570796326794896558e+00,-1.570796326794896558e+00,-4.480137476499267635e+00
5.480000000000000426e+00,0.000000000000000000e+00,1.570796326794896558e+00,-1.570796326794896558e+00,-4.488390391309984295e+00
5.490000000000000213e+00,0.000000000000000000e+00,1.570796326794896558e+00,-1.570796326794896558e+00,-4.496643306120700956e+00
5.500000000000000000e+00,0.000000000000000000e+00,1.570796326794896558e+00,-1.570796326794896558e+00,-4.504896220931418505e+00
5.509999999999999787e+00,0.000000000000000000e+00,1.570796326794896558e+00,-1.570796326794896558e+00,-4.513149135742135165e+00
5.520000000000000462e+00,0.000000000000000000e+00,1.570796326794896558e+00,-1.570796326794896558e+00,-4.521402050552852714e+00
5.530000000000000249e+00,0.000000000000000000e+00,1.570796326794896558e+00,-1.570796326794896558e+00,-4.529654965363569374e+00
5.540000000000000036e+00,0.000000000000000000e+00,1.570796326794896558e+00,-1.570796326794896558e+00,-4.537907880174286035e+00
5.549999999999999822e+00,0.000000000000000000e+00,1.570796326794896558e+00,-1.570796326794896558e+00,-4.546160794985002696e+00
5.560000000000000497e+00,0.000000000000000000e+00,1.570796326794896558e+00,-1.570796326794896558e+00,-4.554413709795719356e+00
5.570000000000000284e+00,0.000000000000000000e+00,1.570796326794896558e+00,-1.570796326794896558e+00,-4.562666624606436017e+00
5.580000000000000071e+00,0.000000000000000000e+00,1.570796326794896558e+00,-1.570796326794896558e+00,-4.570919539417153565e+00
5.589999999999999858e+00,0.000000000000000000e+00,1.570796326794896558e+00,-1.570796326794896558e+00,-4.579172454227871114e+00
5.600000000000000533e+00,0.000000000000000000e+00,1.570796326794896558e+00,-1.570796326794896558e+00,-4.587425369038587775e+00
5.610000000000000320e+00,0.000000000000000000e+00,1.570796326794896558e+00,-1.570796326794896558e+00,-4.595678283849304435e+00
5.620000000000000107e+00,0.000000000000000000e+00,1.570796326794896558e+00,-1.570796326794896558e+00,-4.603931198660021096e+00
5.629999999999999893e+00,0.000000000000000000e+00,1.570796326794896558e+00,-1.570796326794896558e+00,-4.612184113470737756e+00
5.639999999999999680e+00,0.000000000000000000e+00,1.570796326794896558e+00,-1.570796326794896558e+00,-4.620437028281454417e+00
5.650000000000000355e+00,0.000000000000000000e+00,1.570796326794896558e+00,-1.570796326794896558e+00,-4.628689943092171966e+00
5.660000000000000142e+00,0.000000000000000000e+00,1.570796326794896558e+00,-1.570796326794896558e+00,-4.636942857902888626e+00
5.669999999999999929e+00,0.000000000000000000e+00,1.570796326794896558e+00,-1.570796326794896558e+00,-4.645195772713606175e+00
5.679999999999999716e+00,0.000000000000000000e+00,1.570796326794896558e+00,-1.570796326794896558e+00,-4.653448687524322835e+00
5.690000000000000391e+00,0.000000000000000000e+00,1.570796326794896558e+00,-1.570796326794896558e+00,-4.661701602335039496e+00
5.700000000000000178e+00,0.000000000000000000e+00,1.570796326794896558e+00,-1.570796326794896558e+00,-4.669954517145756157e+00
5.709999999999999964e+00,0.000000000000000000e+00,1.570796326794896558e+00,-1.570796326794896558e+00,-4.678207431956472817e+00
5.719999999999999751e+00,0.000000000000000000e+00,1.570796326794896558e+00,-1.570796326794896558e+00,-4.686460346767189478e+00
5.730000000000000426e+00,0.000000000000000000e+00,1.570796326794896558e+00,-1.570796326794896558e+00,-4.694713261577907026e+00
5.740000000000000213e+00,0.000000000000000000e+00,1.570796326794896558e+00,-1.570796326794896558e+00,-4.702966176388623687e+00
5.750000000000000000e+00,0.000000000000000000e+00,1.570796326794896558e+00,-1.570796326794896558e+00,-4.711219091199341236e+00
5.759999999999999787e+00,0.000000000000000000e+00,1.570796326794896558e+00,-1.570796326794896558e+00,-4.719472006010057896e+00
5.770000000000000462e+00,0.000000000000000000e+00,1.570796326794896558e+00,-1.570796326794896558e+00,-4.727724920820774557e+00
5.780000000000000249e+00,0.000000000000000000e+00,1.570796326794896558e+00,-1.570796326794896558e+00,-4.735977835631491217e+00
5.790000000000000036e+00,0.000000000000000000e+00,1.570796326794896558e+00,-1.570796326794896558e+00,-4.744230750442207878e+00
5.799999999999999822e+00,0.000000000000000000e+00,1.570796326794896558e+00,-1.570796326794896558e+00,-4.752483665252924538e+00
5.810000000000000497e+00,0.000000000000000000e+00,1.570796326794896558e+00,-1.570796326794896558e+00,-4.760736580063642087e+00
5.820000000000000284e+00,0.000000000000000000e+00,1.570796326794896558e+00,-1.570796326794896558e+00,-4.768989494874358748e+00
5.830000000000000071e+00,0.000000000000000000e+00,1.570796326794896558e+00,-1.570796326794896558e+00,-4.777242409685076296e+00
5.839999999999999858e+00,0.000000000000000000e+00,1.570796326794896558e+00,-1.570796326794896558e+00,-4.785495324495792957e+00
5.850000000000000533e+00,0.000000000000000000e+00,1.570796326794896558e+00,-1.570796326794896558e+00,-4.793748239306509618e+00
5.860000000000000320e+00,0.000000000000000000e+00,1.570796326794896558e+00,-1.570796326794896558e+00,-4.802001154117226278e+00
5.870000000000000107e+00,0.000000000000000000e+00,1.570796326794896558e+00,-1.570796326794896558e+00,-4.810254068927942939e+00
5.879999999999999893e+00,0.000000000000000000e+00,1.570796326794896558e+00,-1.570796326794896558e+00,-4.818506983738659599e+00
5.889999999999999680e+00,0.000000000000000000e+00,1.570796326794896558e+00,-1.570796326794896558e+00,-4.826759898549377148e+00
5.900000000000000355e+00,0.000000000000000000e+00,1.570796326794896558e+00,-1.570796326794896558e+00,-4.835012813360093809e+00
5.910000000000000142e+00,0.000000000000000000e+00,1.570796326794896558e+00,-1.570796326794896558e+00,-4.843265728170811357e+00
5.919999999999999929e+00,0.000000000000000000e+00,1.570796326794896558e+00,-1.570796326794896558e+00,-4.851518642981528018e+00
5.929999999999999716e+00,0.000000000000000000e+00,1.570796326794896558e+00,-1.570796326794896558e+00,-4.859771557792244678e+00
5.940000000000000391e+00,0.000000000000000000e+00,1.570796326794896558e+00,-1.570796326794896558e+00,-4.868024472602961339e+00
5.950000000000000178e+00,0.000000000000000000e+00,1.570796326794896558e+00,-1.570796326794896558e+00,-4.876277387413677999e+00
5.959999999999999964e+00,0.000000000000000000e+00,1.570796326794896558e+00,-1.570796326794896558e+00,-4.884530302224394660e+00
5.969999999999999751e+00,0.000000000000000000e+00,1.570796326794896558e+00,-1.570796326794896558e+00,-4.892783217035112209e+00
5.980000000000000426e+00,0.000000000000000000e+00,1.570796326794896558e+00,-1.570796326794896558e+00,-4.901036131845828869e+00
5.990000000000000213e+00,0.000000000000000000e+00,1.570796326794896558e+00,-1.570796326794896558e+00,-4.909289046656546418e+00
6.000000000000000000e+00,0.000000000000000000e+00,1.570796326794896558e+00,-1.570796326794896558e+00,-4.917541961467263079e+00
6.009999999999999787e+00,0.000000000000000000e+00,1.570796326794896558e+00,-1.570796326794896558e+00,-4.925794876277979739e+00
6.020000000000000462e+00,0.000000000000000000e+00,1.570796326794896558e+00,-1.570796326794896558e+00,-4.934047791088696400e+00
6.030000000000000249e+00,0.000000000000000000e+00,1.570796326794896558e+00,-1.570796326794896558e+00,-4.942300705899413060e+00
6.040000000000000036e+00,0.000000000000000000e+00,1.570796326794896558e+00,-1.570796326794896558e+00,-4.950553620710129721e+00
6.049999999999999822e+00,0.000000000000000000e+00,1.570796326794896558e+00,-1.570796326794896558e+00,-4.958806535520847270e+00
6.060000000000000497e+00,0.000000000000000000e+00,1.570796326794896558e+00,-1.570796326794896558e+00,-4.967059450331563930e+00
6.070000000000000284e+00,0.000000000000000000e+00,1.570796326794896558e+00,-1.570796326794896558e+00,-4.975312365142281479e+00
6.080000000000000071e+00,0.000000000000000000e+00,1.570796326794896558e+00,-1.570796326794896558e+00,-4.983565279952998139e+00
6.089999999999999858e+00,0.000000000000000000e+00,1.570796326794896558e+00,-1.570796326794896558e+00,-4.991818194763714800e+00
6.100000000000000533e+00,0.000000000000000000e+00,1.570796326794896558e+00,-1.570796326794896558e+00,-5.000071109574431460e+00
6.110000000000000320e+00,0.000000000000000000e+00,1.570796326794896558e+00,-1.570796326794896558e+00,-5.008324024385148121e+00
6.120000000000000107e+00,0.000000000000000000e+00,1.570796326794896558e+00,-1.570796326794896558e+00,-5.016576939195864782e+00
6.129999999999999893e+00,0.000000000000000000e+00,1.570796326794896558e+00,-1.570796326794896558e+00,-5.024829854006582330e+00
6.140000000000000568e+00,0.000000000000000000e+00,1.570796326794896558e+00,-1.570796326794896558e+00,-5.033082768817298991e+00
6.150000000000000355e+00,0.000000000000000000e+00,1.570796326794896558e+00,-1.570796326794896558e+00,-5.041335683628016540e+00
6.160000000000000142e+00,0.000000000000000000e+00,1.570796326794896558e+00,-1.570796326794896558e+00,-5.049588598438733200e+00
6.169999999999999929e+00,0.000000000000000000e+00,1.570796326794896558e+00,-1.570796326794896558e+00,-5.057841513249449861e+00
6.179999999999999716e+00,0.000000000000000000e+00,1.570796326794896558e+00,-1.570796326794896558e+00,-5.066094428060166521e+00
6.190000000000000391e+00,0.000000000000000000e+00,1.570796326794896558e+00,-1.570796326794896558e+00,-5.074347342870883182e+00
6.200000000000000178e+00,0.000000000000000000e+00,1.570796326794896558e+00,-1.570796326794896558e+00,-5.082600257681599842e+00
6.209999999999999964e+00,0.000000000000000000e+00,1.570796326794896558e+00,-1.570796326794896558e+00,-5.090853172492317391e+00
6.219999999999999751e+00,0.000000000000000000e+00,1.570796326794896558e+00,-1.570796326794896558e+00,-5.099106087303034052e+00
6.230000000000000426e+00,0.000000000000000000e+00,1.570796326794896558e+00,-1.570796326794896558e+00,-5.107359002113751600e+00
6.240000000000000213e+00,0.000000000000000000e+00,1.570796326794896558e+00,-1.570796326794896558e+00,-5.115611916924468261e+00
6.250000000000000000e+00,0.000000000000000000e+00,1.570796326794896558e+00,-1.570796326794896558e+00,-5.123864831735184922e+00
6.259999999999999787e+00,0.000000000000000000e+00,1.570796326794896558e+00,-1.570796326794896558e+00,-5.132117746545901582e+00
6.270000000000000462e+00,0.000000000000000000e+00,1.570796326794896558e+00,-1.570796326794896558e+00,-5.140370661356618243e+00
6.280000000000000249e+00,0.000000000000000000e+00,1.570796326794896558e+00,-1.570796326794896558e+00,-5.148623576167335791e+00
6.290000000000000036e+00,0.000000000000000000e+00,1.570796326794896558e+00,-1.570796326794896558e+00,-5.156876490978052452e+00
6.299999999999999822e+00,0.000000000000000000e+00,1.570796326794896558e+00,-1.570796326794896558e+00,-5.165129405788770001e+00
6.310000000000000497e+00,0.000000000000000000e+00,1.570796326794896558e+00,-1.570796326794896558e+00,-5.173382320599486661e+00
6.320000000000000284e+00,0.000000000000000000e+00,1.570796326794896558e+00,-1.570796326794896558e+00,-5.181635235410203322e+00
6.330000000000000071e+00,0.000000000000000000e+00,1.570796326794896558e+00,-1.570796326794896558e+00,-5.189888150220919982e+00
6.339999999999999858e+00,0.000000000000000000e+00,1.570796326794896558e+00,-1.570796326794896558e+00,-5.198141065031636643e+00
6.350000000000000533e+00,0.000000000000000000e+00,1.570796326794896558e+00,-1.570796326794896558e+00,-5.206393979842353303e+00
6.360000000000000320e+00,0.000000000000000000e+00,1.570796326794896558e+00,-1.570796326794896558e+00,-5.214646894653070852e+00
6.370000000000000107e+00,0.000000000000000000e+00,1.570796326794896558e+00,-1.570796326794896558e+00,-5.222899809463787513e+00
6.379999999999999893e+00,0.000000000000000000e+00,1.570796326794896558e+00,-1.570796326794896558e+00,-5.231152724274505061e+00
6.390000000000000568e+00,0.000000000000000000e+00,1.570796326794896558e+00,-1.570796326794896558e+00,-5.239405639085221722e+00
6.400000000000000355e+00,0.000000000000000000e+00,1.570796326794896558e+00,-1.570796326794896558e+00,-5.247658553895938383e+00
6.410000000000000142e+00,0.000000000000000000e+00,1.570796326794896558e+00,-1.570796326794896558e+00,-5.255911468706655043e+00
6.419999999999999929e+00,0.000000000000000000e+00,1.570796326794896558e+00,-1.570796326794896558e+00,-5.264164383517371704e+00
6.429999999999999716e+00,0.000000000000000000e+00,1.570796326794896558e+00,-1.570796326794896558e+00,-5.272417298328088364e+00
6.440000000000000391e+00,0.000000000000000000e+00,1.570796326794896558e+00,-1.570796326794896558e+00,-5.280670213138805913e+00
6.450000000000000178e+00,0.000000000000000000e+00,1.570796326794896558e+00,-1.570796326794896558e+00,-5.288923127949522573e+00
6.459999999999999964e+00,0.000000000000000000e+00,1.570796326794896558e+00,-1.570796326794896558e+00,-5.297176042760240122e+00
6.469999999999999751e+00,0.000000000000000000e+00,1.570796326794896558e+00,-1.570796326794896558e+00,-5.305428957570956783e+00
6.480000000000000426e+00,0.000000000000000000e+00,1.570796326794896558e+00,-1.570796326794896558e+00,-5.313681872381673443e+00
6.490000000000000213e+00,0.000000000000000000e+00,1.570796326794896558e+00,-1.570796326794896558e+00,-5.321934787192390104e+00
6.500000000000000000e+00,0.000000000000000000e+00,1.570796326794896558e+00,-1.570796326794896558e+00,-5.330187702003106764e+00
6.509999999999999787e+00,0.000000000000000000e+00,1.570796326794896558e+00,-1.570796326794896558e+00,-5.338440616813823425e+00
6.520000000000000462e+00,0.000000000000000000e+00,1.570796326794896558e+00,-1.570796326794896558e+00,-5.346693531624540974e+00
6.530000000000000249e+00,0.000000000000000000e+00,1.570796326794896558e+00,-1.570796326794896558e+00,-5.354946446435257634e+00
6.540000000000000036e+00,0.000000000000000000e+00,1.570796326794896558e+00,-1.570796326794896558e+00,-5.363199361245975183e+00
6.549999999999999822e+00,0.000000000000000000e+00,1.570796326794896558e+00,-1.570796326794896558e+00,-5.371452276056691844e+00
6.560000000000000497e+00,0.000000000000000000e+00,1.570796326794896558e+00,-1.570796326794896558e+00,-5.379705190867408504e+00
6.570000000000000284e+00,0.000000000000000000e+00,1.570796326794896558e+00,-1.570796326794896558e+00,-5.387958105678125165e+00
6.580000000000000071e+00,0.000000000000000000e+00,1.570796326794896558e+00,-1.570796326794896558e+00,-5.396211020488841825e+00
6.589999999999999858e+00,0.000000000000000000e+00,1.570796326794896558e+00,-1.570796326794896558e+00,-5.404463935299558486e+00
6.600000000000000533e+00,0.000000000000000000e+00,1.570796326794896558e+00,-1.570796326794896558e+00,-5.412716850110276035e+00
6.610000000000000320e+00,0.000000000000000000e+00,1.570796326794896558e+00,-1.570796326794896558e+00,-5.420969764920992695e+00
6.620000000000000107e+00,0.000000000000000000e+00,1.570796326794896558e+00,-1.570796326794896558e+00,-5.429222679731710244e+00
6.629999999999999893e+00,0.000000000000000000e+00,1.570796326794896558e+00,-1.570796326794896558e+00,-5.437475594542426904e+00
6.640000000000000568e+00,0.000000000000000000e+00,1.570796326794896558e+00,-1.570796326794896558e+00,-5.445728509353143565e+00
6.650000000000000355e+00,0.000000000000000000e+00,1.570796326794896558e+00,-1.570796326794896558e+00,-5.453981424163860225e+00
6.660000000000000142e+00,0.000000000000000000e+00,1.570796326794896558e+00,-1.570796326794896558e+00,-5.462234338974576886e+00
6.669999999999999929e+00,0.000000000000000000e+00,1.570796326794896558e+00,-1.570796326794896558e+00,-5.470487253785293547e+00
6.679999999999999716e+00,0.000000000000000000e+00,1.570796326794896558e+00,-1.570796326794896558e+00,-5.478740168596011095e+00
6.690000000000000391e+00,0.000000000000000000e+00,1.570796326794896558e+00,-1.570796326794896558e+00,-5.486993083406727756e+00
6.700000000000000178e+00,0.000000000000000000e+00,1.570796326794896558e+00,-1.570796326794896558e+00,-5.495245998217445305e+00
6.709999999999999964e+00,0.000000000000000000e+00,1.570796326794896558e+00,-1.570796326794896558e+00,-5.503498913028161965e+00
6.719999999999999751e+00,0.000000000000000000e+00,1.570796326794896558e+00,-1.570796326794896558e+00,-5.511751827838878626e+00
6.730000000000000426e+00,0.000000000000000000e+00,1.570796326794896558e+00,-1.570796326794896558e+00,-5.520004742649595286e+00
6.740000000000000213e+00,0.000000000000000000e+00,1.570796326794896558e+00,-1.570796326794896558e+00,-5.528257657460311947e+00
6.750000000000000000e+00,0.000000000000000000e+00,1.570796326794896558e+00,-1.570796326794896558e+00,-5.536510572271028607e+00
6.759999999999999787e+00,0.000000000000000000e+00,1.570796326794896558e+00,-1.570796326794896558e+00,-5.544763487081746156e+00
6.770000000000000462e+00,0.000000000000000000e+00,1.570796326794896558e+00,-1.570796326794896558e+00,-5.553016401892462817e+00
6.780000000000000249e+00,0.000000000000000000e+00,1.570796326794896558e+00,-1.570796326794896558e+00,-5.561269316703180365e+00
6.790000000000000036e+00,0.000000000000000000e+00,1.570796326794896558e+00,-1.570796326794896558e+00,-5.569522231513897026e+00
6.799999999999999822e+00,0.000000000000000000e+00,1.570796326794896558e+00,-1.570796326794896558e+00,-5.577775146324613686e+00
6.810000000000000497e+00,0.000000000000000000e+00,1.570796326794896558e+00,-1.570796326794896558e+00,-5.586028061135330347e+00
6.820000000000000284e+00,0.000000000000000000e+00,1.570796326794896558e+00,-1.570796326794896558e+00,-5.594280975946047008e+00
6.830000000000000071e+00,0.000000000000000000e+00,1.570796326794896558e+00,-1.570796326794896558e+00,-5.602533890756763668e+00
6.839999999999999858e+00,0.000000000000000000e+00,1.570796326794896558e+00,-1.570796326794896558e+00,-5.610786805567481217e+00
6.850000000000000533e+00,0.000000000000000000e+00,1.570796326794896558e+00,-1.570796326794896558e+00,-5.619039720378197877e+00
6.860000000000000320e+00,0.000000000000000000e+00,1.570796326794896558e+00,-1.570796326794896558e+00,-5.627292635188915426e+00
6.870000000000000107e+00,0.000000000000000000e+00,1.570796326794896558e+00,-1.570796326794896558e+00,-5.635545549999632087e+00
6.879999999999999893e+00,0.000000000000000000e+00,1.570796326794896558e+00,-1.570796326794896558e+00,-5.643798464810348747e+00
6.890000000000000568e+00,0.000000000000000000e+00,1.570796326794896558e+00,-1.570796326794896558e+00,-5.652051379621065408e+00
6.900000000000000355e+00,0.000000000000000000e+00,1.570796326794896558e+00,-1.570796326794896558e+00,-5.660304294431782068e+00
6.910000000000000142e+00,0.000000000000000000e+00,1.570796326794896558e+00,-1.570796326794896558e+00,-5.668557209242498729e+00
6.919999999999999929e+00,0.000000000000000000e+00,1.570796326794896558e+00,-1.570796326794896558e+00,-5.676810124053216278e+00
6.929999999999999716e+00,0.000000000000000000e+00,1.570796326794896558e+00,-1.570796326794896558e+00,-5.685063038863932938e+00
6.940000000000000391e+00,0.000000000000000000e+00,1.570796326794896558e+00,-1.570796326794896558e+00,-5.693315953674650487e+00
6.950000000000000178e+00,0.000000000000000000e+00,1.570796326794896558e+00,-1.570796326794896558e+00,-5.701568868485367148e+00
6.959999999999999964e+00,0.000000000000000000e+00,1.570796326794896558e+00,-1.570796326794896558e+00,-5.709821783296083808e+00
6.969999999999999751e+00,0.000000000000000000e+00,1.570796326794896558e+00,-1.570796326794896558e+00,-5.718074698106800469e+00
6.980000000000000426e+00,0.000000000000000000e+00,1.570796326794896558e+00,-1.570796326794896558e+00,-5.726327612917517129e+00
6.990000000000000213e+00,0.000000000000000000e+00,1.570796326794896558e+00,-1.570796326794896558e+00,-5.734580527728234678e+00
7.000000000000000000e+00,0.000000000000000000e+00,1.570796326794896558e+00,-1.570796326794896558e+00,-5.742833442538951338e+00
7.009999999999999787e+00,0.000000000000000000e+00,1.570796326794896558e+00,-1.570796326794896558e+00,-5.751086357349668887e+00
7.020000000000000462e+00,0.000000000000000000e+00,1.570796326794896558e+00,-1.570796326794896558e+00,-5.759339272160385548e+00
7.030000000000000249e+00,0.000000000000000000e+00,1.570796326794896558e+00,-1.570796326794896558e+00,-5.767592186971102208e+00
7.040000000000000036e+00,0.000000000000000000e+00,1.570796326794896558e+00,-1.570796326794896558e+00,-5.775845101781818869e+00
7.049999999999999822e+00,0.000000000000000000e+00,1.570796326794896558e+00,-1.570796326794896558e+00,-5.784098016592535529e+00
7.060000000000000497e+00,0.000000000000000000e+00,1.570796326794896558e+00,-1.570796326794896558e+00,-5.792350931403252190e+00
7.070000000000000284e+00,0.000000000000000000e+00,1.570796326794896558e+00,-1.570796326794896558e+00,-5.800603846213969739e+00
7.080000000000000071e+00,0.000000000000000000e+00,1.570796326794896558e+00,-1.570796326794896558e+00,-5.808856761024686399e+00
7.089999999999999858e+00,0.000000000000000000e+00,1.570796326794896558e+00,-1.570796326794896558e+00,-5.817109675835403948e+00
7.100000000000000533e+00,0.000000000000000000e+00,1.570796326794896558e+00,-1.570796326794896558e+00,-5.825362590646120609e+00
7.110000000000000320e+00,0.000000000000000000e+00,1.570796326794896558e+00,-1.570796326794896558e+00,-5.833615505456837269e+00
7.120000000000000107e+00,0.000000000000000000e+00,1.570796326794896558e+00,-1.570796326794896558e+00,-5.841868420267553930e+00
7.129999999999999893e+00,0.000000000000000000e+00,1.570796326794896558e+00,-1.570796326794896558e+00,-5.850121335078270590e+00
7.140000000000000568e+00,0.000000000000000000e+00,1.570796326794896558e+00,-1.570796326794896558e+00,-5.858374249888987251e+00
7.150000000000000355e+00,0.000000000000000000e+00,1.570796326794896558e+00,-1.570796326794896558e+00,-5.866627164699704799e+00
7.160000000000000142e+00,0.000000000000000000e+00,1.570796326794896558e+00,-1.570796326794896558e+00,-5.874880079510421460e+00
7.169999999999999929e+00,0.000000000000000000e+00,1.570796326794896558e+00,-1.570796326794896558e+00,-5.883132994321139009e+00
7.179999999999999716e+00,0.000000000000000000e+00,1.570796326794896558e+00,-1.570796326794896558e+00,-5.891385909131855669e+00
7.190000000000000391e+00,0.000000000000000000e+00,1.570796326794896558e+00,-1.570796326794896558e+00,-5.899638823942572330e+00
7.200000000000000178e+00,0.000000000000000000e+00,1.570796326794896558e+00,-1.570796326794896558e+00,-5.907891738753288990e+00
7.209999999999999964e+00,0.000000000000000000e+00,1.570796326794896558e+00,-1.570796326794896558e+00,-5.916144653564005651e+00
7.219999999999999751e+00,0.000000000000000000e+00,1.570796326794896558e+00,-1.570796326794896558e+00,-5.924397568374722312e+00
7.230000000000000426e+00,0.000000000000000000e+00,1.570796326794896558e+00,-1.570796326794896558e+00,-5.932650483185439860e+00
7.240000000000000213e+00,0.000000000000000000e+00,1.570796326794896558e+00,-1.570796326794896558e+00,-5.940903397996156521e+00
7.250000000000000000e+00,0.000000000000000000e+00,1.570796326794896558e+00,-1.570796326794896558e+00,-5.949156312806874070e+00
7.259999999999999787e+00,0.000000000000000000e+00,1.570796326794896558e+00,-1.570796326794896558e+00,-5.957409227617590730e+00
7.270000000000000462e+00,0.000000000000000000e+00,1.570796326794896558e+00,-1.570796326794896558e+00,-5.965662142428307391e+00
7.280000000000000249e+00,0.000000000000000000e+00,1.570796326794896558e+00,-1.570796326794896558e+00,-5.973915057239024051e+00
7.290000000000000036e+00,0.000000000000000000e+00,1.570796326794896558e+00,-1.570796326794896558e+00,-5.982167972049740712e+00
7.299999999999999822e+00,0.000000000000000000e+00,1.570796326794896558e+00,-1.570796326794896558e+00,-5.990420886860457372e+00
7.310000000000000497e+00,0.000000000000000000e+00,1.570796326794896558e+00,-1.570796326794896558e+00,-5.998673801671174921e+00
7.320000000000000284e+00,0.000000000000000000e+00,1.570796326794896558e+00,-1.570796326794896558e+00,-6.006926716481891582e+00
7.330000000000000071e+00,0.000000000000000000e+00,1.570796326794896558e+00,-1.570796326794896558e+00,-6.015179631292609130e+00
7.339999999999999858e+00,0.000000000000000000e+00,1.570796326794896558e+00,-1.570796326794896558e+00,-6.023432546103325791e+00
7.350000000000000533e+00,0.000000000000000000e+00,1.570796326794896558e+00,-1.570796326794896558e+00,-6.031685460914042451e+00
7.360000000000000320e+00,0.000000000000000000e+00,1.570796326794896558e+00,-1.570796326794896558e+00,-6.039938375724759112e+00
7.370000000000000107e+00,0.000000000000000000e+00,1.570796326794896558e+00,-1.570796326794896558e+00,-6.048191290535475773e+00
7.379999999999999893e+00,0.000000000000000000e+00,1.570796326794896558e+00,-1.570796326794896558e+00,-6.056444205346192433e+00
7.390000000000000568e+00,0.000000000000000000e+00,1.570796326794896558e+00,-1.570796326794896558e+00,-6.064697120156909094e+00
7.400000000000000355e+00,0.000000000000000000e+00,1.570796326794896558e+00,-1.570796326794896558e+00,-6.072950034967627531e+00
7.410000000000000142e+00,0.000000000000000000e+00,1.570796326794896558e+00,-1.570796326794896558e+00,-6.081202949778344191e+00
7.419999999999999929e+00,0.000000000000000000e+00,1.570796326794896558e+00,-1.570796326794896558e+00,-6.089455864589060852e+00
7.429999999999999716e+00,0.000000000000000000e+00,1.570796326794896558e+00,-1.570796326794896558e+00,-6.097708779399777512e+00
7.440000000000000391e+00,0.000000000000000000e+00,1.570796326794896558e+00,-1.570796326794896558e+00,-6.105961694210494173e+00
7.450000000000000178e+00,0.000000000000000000e+00,1.570796326794896558e+00,-1.570796326794896558e+00,-6.114214609021210833e+00
7.459999999999999964e+00,0.000000000000000000e+00,1.570796326794896558e+00,-1.570796326794896558e+00,-6.122467523831927494e+00
7.469999999999999751e+00,0.000000000000000000e+00,1.570796326794896558e+00,-1.570796326794896558e+00,-6.130720438642644154e+00
7.480000000000000426e+00,0.000000000000000000e+00,1.570796326794896558e+00,-1.570796326794896558e+00,-6.138973353453362591e+00
7.490000000000000213e+00,0.000000000000000000e+00,1.570796326794896558e+00,-1.570796326794896558e+00,-6.147226268264079252e+00
7.500000000000000000e+00,0.000000000000000000e+00,1.570796326794896558e+00,-1.570796326794896558e+00,-6.155479183074795912e+00
7.509999999999999787e+00,0.000000000000000000e+00,1.570796326794896558e+00,-1.570796326794896558e+00,-6.163732097885512573e+00
7.520000000000000462e+00,0.000000000000000000e+00,1.570796326794896558e+00,-1.570796326794896558e+00,-6.171985012696229234e+00
7.530000000000000249e+00,0.000000000000000000e+00,1.570796326794896558e+00,-1.570796326794896558e+00,-6.180237927506945894e+00
7.540000000000000036e+00,0.000000000000000000e+00,1.570796326794896558e+00,-1.570796326794896558e+00,-6.188490842317662555e+00
7.549999999999999822e+00,0.000000000000000000e+00,1.570796326794896558e+00,-1.570796326794896558e+00,-6.196743757128379215e+00
7.560000000000000497e+00,0.000000000000000000e+00,1.570796326794896558e+00,-1.570796326794896558e+00,-6.204996671939097652e+00
7.570000000000000284e+00,0.000000000000000000e+00,1.570796326794896558e+00,-1.570796326794896558e+00,-6.213249586749814313e+00
7.580000000000000071e+00,0.000000000000000000e+00,1.570796326794896558e+00,-1.570796326794896558e+00,-6.221502501560530973e+00
7.589999999999999858e+00,0.000000000000000000e+00,1.570796326794896558e+00,-1.570796326794896558e+00,-6.229755416371247634e+00
7.600000000000000533e+00,0.000000000000000000e+00,1.570796326794896558e+00,-1.570796326794896558e+00,-6.238008331181964294e+00
7.610000000000000320e+00,0.000000000000000000e+00,1.570796326794896558e+00,-1.570796326794896558e+00,-6.246261245992680955e+00
7.620000000000000107e+00,0.000000000000000000e+00,1.570796326794896558e+00,-1.570796326794896558e+00,-6.254514160803397615e+00
7.629999999999999893e+00,0.000000000000000000e+00,1.570796326794896558e+00,-1.570796326794896558e+00,-6.262767075614116052e+00
7.640000000000000568e+00,0.000000000000000000e+00,1.570796326794896558e+00,-1.570796326794896558e+00,-6.271019990424832713e+00
7.650000000000000355e+00,0.000000000000000000e+00,1.570796326794896558e+00,-1.570796326794896558e+00,-6.279272905235549374e+00
7.660000000000000142e+00,0.000000000000000000e+00,1.570796326794896558e+00,-1.570796326794896558e+00,-6.287525820046267810e+00
7.669999999999999929e+00,0.000000000000000000e+00,1.570796326794896558e+00,-1.570796326794896558e+00,-6.295778734856984471e+00
7.679999999999999716e+00,0.000000000000000000e+00,1.570796326794896558e+00,-1.570796326794896558e+00,-6.304031649667701132e+00
7.690000000000000391e+00,0.000000000000000000e+00,1.570796326794896558e+00,-1.570796326794896558e+00,-6.312284564478419568e+00
7.700000000000000178e+00,0.000000000000000000e+00,1.570796326794896558e+00,-1.570796326794896558e+00,-6.320537479289136229e+00
7.709999999999999964e+00,0.000000000000000000e+00,1.570796326794896558e+00,-1.570796326794896558e+00,-6.328790394099854666e+00
7.719999999999999751e+00,0.000000000000000000e+00,1.570796326794896558e+00,-1.570796326794896558e+00,-6.337043308910571326e+00
7.730000000000000426e+00,0.000000000000000000e+00,1.570796326794896558e+00,-1.570796326794896558e+00,-6.345296223721287987e+00
7.740000000000000213e+00,0.000000000000000000e+00,1.570796326794896558e+00,-1.570796326794896558e+00,-6.353549138532006424e+00
7.750000000000000000e+00,0.000000000000000000e+00,1.570796326794896558e+00,-1.570796326794896558e+00,-6.361802053342723084e+00
7.759999999999999787e+00,0.000000000000000000e+00,1.570796326794896558e+00,-1.570796326794896558e+00,-6.370054968153441521e+00
7.770000000000000462e+00,0.000000000000000000e+00,1.570796326794896558e+00,-1.570796326794896558e+00,-6.378307882964158182e+00
7.780000000000000249e+00,0.000000000000000000e+00,1.570796326794896558e+00,-1.570796326794896558e+00,-6.386560797774874843e+00
7.790000000000000036e+00,0.000000000000000000e+00,1.570796326794896558e+00,-1.570796326794896558e+00,-6.394813712585593279e+00
7.799999999999999822e+00,0.000000000000000000e+00,1.570796326794896558e+00,-1.570796326794896558e+00,-6.403066627396309940e+00
7.810000000000000497e+00,0.000000000000000000e+00,1.570796326794896558e+00,-1.570796326794896558e+00,-6.411319542207028377e+00
7.820000000000000284e+00,0.000000000000000000e+00,1.570796326794896558e+00,-1.570796326794896558e+00,-6.419572457017745037e+00
7.830000000000000071e+00,0.000000000000000000e+00,1.570796326794896558e+00,-1.570796326794896558e+00,-6.427825371828461698e+00
7.839999999999999858e+00,0.000000000000000000e+00,1.570796326794896558e+00,-1.570796326794896558e+00,-6.436078286639180135e+00
7.850000000000000533e+00,0.000000000000000000e+00,1.570796326794896558e+00,-1.570796326794896558e+00,-6.444331201449896795e+00
7.860000000000000320e+00,0.000000000000000000e+00,1.570796326794896558e+00,-1.570796326794896558e+00,-6.452584116260613456e+00
7.870000000000000107e+00,0.000000000000000000e+00,1.570796326794896558e+00,-1.570796326794896558e+00,-6.460837031071331893e+00
7.879999999999999893e+00,0.000000000000000000e+00,1.570796326794896558e+00,-1.570796326794896558e+00,-6.469089945882048553e+00
7.890000000000000568e+00,0.000000000000000000e+00,1.570796326794896558e+00,-1.570796326794896558e+00,-6.477342860692766990e+00
7.900000000000000355e+00,0.000000000000000000e+00,1.570796326794896558e+00,-1.570796326794896558e+00,-6.485595775503483651e+00
7.910000000000000142e+00,0.000000000000000000e+00,1.570796326794896558e+00,-1.570796326794896558e+00,-6.493848690314200311e+00
7.919999999999999929e+00,0.000000000000000000e+00,1.570796326794896558e+00,-1.570796326794896558e+00,-6.502101605124918748e+00
7.930000000000000604e+00,0.000000000000000000e+00,1.570796326794896558e+00,-1.570796326794896558e+00,-6.510354519935635409e+00
7.940000000000000391e+00,0.000000000000000000e+00,1.570796326794896558e+00,-1.570796326794896558e+00,-6.518607434746353846e+00
7.950000000000000178e+00,0.000000000000000000e+00,1.570796326794896558e+00,-1.570796326794896558e+00,-6.526860349557070506e+00
7.959999999999999964e+00,0.000000000000000000e+00,1.570796326794896558e+00,-1.570796326794896558e+00,-6.535113264367787167e+00
7.969999999999999751e+00,0.000000000000000000e+00,1.570796326794896558e+00,-1.570796326794896558e+00,-6.543366179178505604e+00
7.980000000000000426e+00,0.000000000000000000e+00,1.570796326794896558e+00,-1.570796326794896558e+00,-6.551619093989222264e+00
7.990000000000000213e+00,0.000000000000000000e+00,1.570796326794896558e+00,-1.570796326794896558e+00,-6.559872008799940701e+00
8.000000000000000000e+00,0.000000000000000000e+00,1.570796326794896558e+00,-1.570796326794896558e+00,-6.568124923610657362e+00
8.009999999999999787e+00,0.000000000000000000e+00,1.570796326794896558e+00,-1.570796326794896558e+00,-6.576377838421374022e+00
8.019999999999999574e+00,0.000000000000000000e+00,1.570796326794896558e+00,-1.570796326794896558e+00,-6.584630753232092459e+00
8.029999999999999361e+00,0.000000000000000000e+00,1.570796326794896558e+00,-1.570796326794896558e+00,-6.592883668042809120e+00
8.040000000000000924e+00,0.000000000000000000e+00,1.570796326794896558e+00,-1.570796326794896558e+00,-6.601136582853525780e+00
8.050000000000000711e+00,0.000000000000000000e+00,1.570796326794896558e+00,-1.570796326794896558e+00,-6.609389497664244217e+00
8.060000000000000497e+00,0.000000000000000000e+00,1.570796326794896558e+00,-1.570796326794896558e+00,-6.617642412474960878e+00
8.070000000000000284e+00,0.000000000000000000e+00,1.570796326794896558e+00,-1.570796326794896558e+00,-6.625895327285679315e+00
8.080000000000000071e+00,0.000000000000000000e+00,1.570796326794896558e+00,-1.570796326794896558e+00,-6.634148242096395975e+00
8.089999999999999858e+00,0.000000000000000000e+00,1.570796326794896558e+00,-1.570796326794896558e+00,-6.642401156907112636e+00
8.099999999999999645e+00,0.000000000000000000e+00,1.570796326794896558e+00,-1.570796326794896558e+00,-6.650654071717831073e+00
8.109999999999999432e+00,0.000000000000000000e+00,1.570796326794896558e+00,-1.570796326794896558e+00,-6.658906986528547733e+00
8.120000000000000995e+00,0.000000000000000000e+00,1.570796326794896558e+00,-1.570796326794896558e+00,-6.667159901339266170e+00
8.130000000000000782e+00,0.000000000000000000e+00,1.570796326794896558e+00,-1.570796326794896558e+00,-6.675412816149982831e+00
8.140000000000000568e+00,0.000000000000000000e+00,1.570796326794896558e+00,-1.570796326794896558e+00,-6.683665730960699491e+00
8.150000000000000355e+00,0.000000000000000000e+00,1.570796326794896558e+00,-1.570796326794896558e+00,-6.691918645771417928e+00
8.160000000000000142e+00,0.000000000000000000e+00,1.570796326794896558e+00,-1.570796326794896558e+00,-6.700171560582134589e+00
8.169999999999999929e+00,0.000000000000000000e+00,1.570796326794896558e+00,-1.570796326794896558e+00,-6.708424475392853026e+00
8.179999999999999716e+00,0.000000000000000000e+00,1.570796326794896558e+00,-1.570796326794896558e+00,-6.716677390203569686e+00
8.189999999999999503e+00,0.000000000000000000e+00,1.570796326794896558e+00,-1.570796326794896558e+00,-6.724930305014286347e+00
8.199999999999999289e+00,0.000000000000000000e+00,1.570796326794896558e+00,-1.570796326794896558e+00,-6.733183219825004784e+00
8.210000000000000853e+00,0.000000000000000000e+00,1.570796326794896558e+00,-1.570796326794896558e+00,-6.741436134635721444e+00
8.220000000000000639e+00,0.000000000000000000e+00,1.570796326794896558e+00,-1.570796326794896558e+00,-6.749689049446438105e+00
8.230000000000000426e+00,0.000000000000000000e+00,1.570796326794896558e+00,-1.570796326794896558e+00,-6.757941964257156542e+00
8.240000000000000213e+00,0.000000000000000000e+00,1.570796326794896558e+00,-1.570796326794896558e+00,-6.766194879067873202e+00
8.250000000000000000e+00,0.000000000000000000e+00,1.570796326794896558e+00,-1.570796326794896558e+00,-6.774447793878591639e+00
8.259999999999999787e+00,0.000000000000000000e+00,1.570796326794896558e+00,-1.570796326794896558e+00,-6.782700708689308300e+00
8.269999999999999574e+00,0.000000000000000000e+00,1.570796326794896558e+00,-1.570796326794896558e+00,-6.790953623500024960e+00
8.279999999999999361e+00,0.000000000000000000e+00,1.570796326794896558e+00,-1.570796326794896558e+00,-6.799206538310743397e+00
8.290000000000000924e+00,0.000000000000000000e+00,1.570796326794896558e+00,-1.570796326794896558e+00,-6.807459453121460058e+00
8.300000000000000711e+00,0.000000000000000000e+00,1.570796326794896558e+00,-1.570796326794896558e+00,-6.815712367932178495e+00
8.310000000000000497e+00,0.000000000000000000e+00,1.570796326794896558e+00,-1.570796326794896558e+00,-6.823965282742895155e+00
8.320000000000000284e+00,0.000000000000000000e+00,1.570796326794896558e+00,-1.570796326794896558e+00,-6.832218197553611816e+00
8.330000000000000071e+00,0.000000000000000000e+00,1.570796326794896558e+00,-1.570796326794896558e+00,-6.840471112364330253e+00
8.339999999999999858e+00,0.000000000000000000e+00,1.570796326794896558e+00,-1.570796326794896558e+00,-6.848724027175046913e+00
8.349999999999999645e+00,0.000000000000000000e+00,1.570796326794896558e+00,-1.570796326794896558e+00,-6.856976941985765350e+00
8.359999999999999432e+00,0.000000000000000000e+00,1.570796326794896558e+00,-1.570796326794896558e+00,-6.865229856796482011e+00
8.370000000000000995e+00,0.000000000000000000e+00,1.570796326794896558e+00,-1.570796326794896558e+00,-6.873482771607198671e+00
8.380000000000000782e+00,0.000000000000000000e+00,1.570796326794896558e+00,-1.570796326794896558e+00,-6.881735686417917108e+00
8.390000000000000568e+00,0.000000000000000000e+00,1.570796326794896558e+00,-1.570796326794896558e+00,-6.889988601228633769e+00
8.400000000000000355e+00,0.000000000000000000e+00,1.570796326794896558e+00,-1.570796326794896558e+00,-6.898241516039350429e+00
8.410000000000000142e+00,0.000000000000000000e+00,1.570796326794896558e+00,-1.570796326794896558e+00,-6.906494430850068866e+00
8.419999999999999929e+00,0.000000000000000000e+00,1.570796326794896558e+00,-1.570796326794896558e+00,-6.914747345660785527e+00
8.429999999999999716e+00,0.000000000000000000e+00,1.570796326794896558e+00,-1.570796326794896558e+00,-6.923000260471503964e+00
8.439999999999999503e+00,0.000000000000000000e+00,1.570796326794896558e+00,-1.570796326794896558e+00,-6.931253175282220624e+00
8.449999999999999289e+00,0.000000000000000000e+00,1.570796326794896558e+00,-1.570796326794896558e+00,-6.939506090092937285e+00
8.460000000000000853e+00,0.000000000000000000e+00,1.570796326794896558e+00,-1.570796326794896558e+00,-6.947759004903655722e+00
8.470000000000000639e+00,0.000000000000000000e+00,1.570796326794896558e+00,-1.570796326794896558e+00,-6.956011919714372382e+00
8.480000000000000426e+00,0.000000000000000000e+00,1.570796326794896558e+00,-1.570796326794896558e+00,-6.964264834525090819e+00
8.490000000000000213e+00,0.000000000000000000e+00,1.570796326794896558e+00,-1.570796326794896558e+00,-6.972517749335807480e+00
8.500000000000000000e+00,0.000000000000000000e+00,1.570796326794896558e+00,-1.570796326794896558e+00,-6.980770664146524140e+00
8.509999999999999787e+00,0.000000000000000000e+00,1.570796326794896558e+00,-1.570796326794896558e+00,-6.989023578957242577e+00
8.519999999999999574e+00,0.000000000000000000e+00,1.570796326794896558e+00,-1.570796326794896558e+00,-6.997276493767959238e+00
8.529999999999999361e+00,0.000000000000000000e+00,1.570796326794896558e+00,-1.570796326794896558e+00,-7.005529408578677675e+00
8.540000000000000924e+00,0.000000000000000000e+00,1.570796326794896558e+00,-1.570796326794896558e+00,-7.013782323389394335e+00
8.550000000000000711e+00,0.000000000000000000e+00,1.570796326794896558e+00,-1.570796326794896558e+00,-7.022035238200110996e+00
8.560000000000000497e+00,0.000000000000000000e+00,1.570796326794896558e+00,-1.570796326794896558e+00,-7.030288153010829433e+00
8.570000000000000284e+00,0.000000000000000000e+00,1.570796326794896558e+00,-1.570796326794896558e+00,-7.038541067821546093e+00
8.580000000000000071e+00,0.000000000000000000e+00,1.570796326794896558e+00,-1.570796326794896558e+00,-7.046793982632264530e+00
8.589999999999999858e+00,0.000000000000000000e+00,1.570796326794896558e+00,-1.570796326794896558e+00,-7.055046897442981191e+00
8.599999999999999645e+00,0.000000000000000000e+00,1.570796326794896558e+00,-1.570796326794896558e+00,-7.063299812253697851e+00
8.609999999999999432e+00,0.000000000000000000e+00,1.570796326794896558e+00,-1.570796326794896558e+00,-7.071552727064416288e+00
8.620000000000000995e+00,0.000000000000000000e+00,1.570796326794896558e+00,-1.570796326794896558e+00,-7.079805641875132949e+00
8.630000000000000782e+00,0.000000000000000000e+00,1.570796326794896558e+00,-1.570796326794896558e+00,-7.088058556685849609e+00
8.640000000000000568e+00,0.000000000000000000e+00,1.570796326794896558e+00,-1.570796326794896558e+00,-7.096311471496568046e+00
8.650000000000000355e+00,0.000000000000000000e+00,1.570796326794896558e+00,-1.570796326794896558e+00,-7.104564386307284707e+00
8.660000000000000142e+00,0.000000000000000000e+00,1.570796326794896558e+00,-1.570796326794896558e+00,-7.112817301118003144e+00
8.669999999999999929e+00,0.000000000000000000e+00,1.570796326794896558e+00,-1.570796326794896558e+00,-7.121070215928719804e+00
8.679999999999999716e+00,0.000000000000000000e+00,1.570796326794896558e+00,-1.570796326794896558e+00,-7.129323130739436465e+00
8.689999999999999503e+00,0.000000000000000000e+00,1.570796326794896558e+00,-1.570796326794896558e+00,-7.137576045550154902e+00
8.700000000000001066e+00,0.000000000000000000e+00,1.570796326794896558e+00,-1.570796326794896558e+00,-7.145828960360871562e+00
8.710000000000000853e+00,0.000000000000000000e+00,1.570796326794896558e+00,-1.570796326794896558e+00,-7.154081875171589999e+00
8.720000000000000639e+00,0.000000000000000000e+00,1.570796326794896558e+00,-1.570796326794896558e+00,-7.162334789982306660e+00
8.730000000000000426e+00,0.000000000000000000e+00,1.570796326794896558e+00,-1.570796326794896558e+00,-7.170587704793023320e+00
8.740000000000000213e+00,0.000000000000000000e+00,1.570796326794896558e+00,-1.570796326794896558e+00,-7.178840619603741757e+00
8.750000000000000000e+00,0.000000000000000000e+00,1.570796326794896558e+00,-1.570796326794896558e+00,-7.187093534414458418e+00
8.759999999999999787e+00,0.000000000000000000e+00,1.570796326794896558e+00,-1.570796326794896558e+00,-7.195346449225176855e+00
8.769999999999999574e+00,0.000000000000000000e+00,1.570796326794896558e+00,-1.570796326794896558e+00,-7.203599364035893515e+00
8.779999999999999361e+00,0.000000000000000000e+00,1.570796326794896558e+00,-1.570796326794896558e+00,-7.211852278846610176e+00
8.790000000000000924e+00,0.000000000000000000e+00,1.570796326794896558e+00,-1.570796326794896558e+00,-7.220105193657328613e+00
8.800000000000000711e+00,0.000000000000000000e+00,1.570796326794896558e+00,-1.570796326794896558e+00,-7.228358108468045273e+00
8.810000000000000497e+00,0.000000000000000000e+00,1.570796326794896558e+00,-1.570796326794896558e+00,-7.236611023278761934e+00
8.820000000000000284e+00,0.000000000000000000e+00,1.570796326794896558e+00,-1.570796326794896558e+00,-7.244863938089480371e+00
8.830000000000000071e+00,0.000000000000000000e+00,1.570796326794896558e+00,-1.570796326794896558e+00,-7.253116852900197031e+00
8.839999999999999858e+00,0.000000000000000000e+00,1.570796326794896558e+00,-1.570796326794896558e+00,-7.261369767710915468e+00
8.849999999999999645e+00,0.000000000000000000e+00,1.570796326794896558e+00,-1.570796326794896558e+00,-7.269622682521632129e+00
8.859999999999999432e+00,0.000000000000000000e+00,1.570796326794896558e+00,-1.570796326794896558e+00,-7.277875597332348789e+00
8.870000000000000995e+00,0.000000000000000000e+00,1.570796326794896558e+00,-1.570796326794896558e+00,-7.286128512143067226e+00
8.880000000000000782e+00,0.000000000000000000e+00,1.570796326794896558e+00,-1.570796326794896558e+00,-7.294381426953783887e+00
8.890000000000000568e+00,0.000000000000000000e+00,1.570796326794896558e+00,-1.570796326794896558e+00,-7.302634341764502324e+00
8.900000000000000355e+00,0.000000000000000000e+00,1.570796326794896558e+00,-1.570796326794896558e+00,-7.310887256575218984e+00
8.910000000000000142e+00,0.000000000000000000e+00,1.570796326794896558e+00,-1.570796326794896558e+00,-7.319140171385935645e+00
8.919999999999999929e+00,0.000000000000000000e+00,1.570796326794896558e+00,-1.570796326794896558e+00,-7.327393086196654082e+00
8.929999999999999716e+00,0.000000000000000000e+00,1.570796326794896558e+00,-1.570796326794896558e+00,-7.335646001007370742e+00
8.939999999999999503e+00,0.000000000000000000e+00,1.570796326794896558e+00,-1.570796326794896558e+00,-7.343898915818089179e+00
8.950000000000001066e+00,0.000000000000000000e+00,1.570796326794896558e+00,-1.570796326794896558e+00,-7.352151830628805840e+00
8.960000000000000853e+00,0.000000000000000000e+00,1.570796326794896558e+00,-1.570796326794896558e+00,-7.360404745439522500e+00
8.970000000000000639e+00,0.000000000000000000e+00,1.570796326794896558e+00,-1.570796326794896558e+00,-7.368657660250240937e+00
8.980000000000000426e+00,0.000000000000000000e+00,1.570796326794896558e+00,-1.570796326794896558e+00,-7.376910575060957598e+00
8.990000000000000213e+00,0.000000000000000000e+00,1.570796326794896558e+00,-1.570796326794896558e+00,-7.385163489871674258e+00
9.000000000000000000e+00,0.000000000000000000e+00,1.570796326794896558e+00,-1.570796326794896558e+00,-7.393416404682392695e+00
9.009999999999999787e+00,0.000000000000000000e+00,1.570796326794896558e+00,-1.570796326794896558e+00,-7.401669319493109356e+00
9.019999999999999574e+00,0.000000000000000000e+00,1.570796326794896558e+00,-1.570796326794896558e+00,-7.409922234303827793e+00
9.029999999999999361e+00,0.000000000000000000e+00,1.570796326794896558e+00,-1.570796326794896558e+00,-7.418175149114544453e+00
9.040000000000000924e+00,0.000000000000000000e+00,1.570796326794896558e+00,-1.570796326794896558e+00,-7.426428063925261114e+00
9.050000000000000711e+00,0.000000000000000000e+00,1.570796326794896558e+00,-1.570796326794896558e+00,-7.434680978735979551e+00
9.060000000000000497e+00,0.000000000000000000e+00,1.570796326794896558e+00,-1.570796326794896558e+00,-7.442933893546696211e+00
9.070000000000000284e+00,0.000000000000000000e+00,1.570796326794896558e+00,-1.570796326794896558e+00,-7.451186808357414648e+00
9.080000000000000071e+00,0.000000000000000000e+00,1.570796326794896558e+00,-1.570796326794896558e+00,-7.459439723168131309e+00
9.089999999999999858e+00,0.000000000000000000e+00,1.570796326794896558e+00,-1.570796326794896558e+00,-7.467692637978847969e+00
9.099999999999999645e+00,0.000000000000000000e+00,1.570796326794896558e+00,-1.570796326794896558e+00,-7.475945552789566406e+00
9.109999999999999432e+00,0.000000000000000000e+00,1.570796326794896558e+00,-1.570796326794896558e+00,-7.484198467600283067e+00
9.120000000000000995e+00,0.000000000000000000e+00,1.570796326794896558e+00,-1.570796326794896558e+00,-7.492451382411001504e+00
9.130000000000000782e+00,0.000000000000000000e+00,1.570796326794896558e+00,-1.570796326794896558e+00,-7.500704297221718164e+00
9.140000000000000568e+00,0.000000000000000000e+00,1.570796326794896558e+00,-1.570796326794896558e+00,-7.508957212032434825e+00
9.150000000000000355e+00,0.000000000000000000e+00,1.570796326794896558e+00,-1.570796326794896558e+00,-7.517210126843153262e+00
9.160000000000000142e+00,0.000000000000000000e+00,1.570796326794896558e+00,-1.570796326794896558e+00,-7.525463041653869922e+00
9.169999999999999929e+00,0.000000000000000000e+00,1.570796326794896558e+00,-1.570796326794896558e+00,-7.533715956464586583e+00
9.179999999999999716e+00,0.000000000000000000e+00,1.570796326794896558e+00,-1.570796326794896558e+00,-7.541968871275305020e+00
9.189999999999999503e+00,0.000000000000000000e+00,1.570796326794896558e+00,-1.570796326794896558e+00,-7.550221786086021680e+00
9.200000000000001066e+00,0.000000000000000000e+00,1.570796326794896558e+00,-1.570796326794896558e+00,-7.558474700896740117e+00
9.210000000000000853e+00,0.000000000000000000e+00,1.570796326794896558e+00,-1.570796326794896558e+00,-7.566727615707456778e+00
9.220000000000000639e+00,0.000000000000000000e+00,1.570796326794896558e+00,-1.570796326794896558e+00,-7.574980530518173438e+00
9.230000000000000426e+00,0.000000000000000000e+00,1.570796326794896558e+00,-1.570796326794896558e+00,-7.583233445328891875e+00
9.240000000000000213e+00,0.000000000000000000e+00,1.570796326794896558e+00,-1.570796326794896558e+00,-7.591486360139608536e+00
9.250000000000000000e+00,0.000000000000000000e+00,1.570796326794896558e+00,-1.570796326794896558e+00,-7.599739274950326973e+00
9.259999999999999787e+00,0.000000000000000000e+00,1.570796326794896558e+00,-1.570796326794896558e+00,-7.607992189761043633e+00
9.269999999999999574e+00,0.000000000000000000e+00,1.570796326794896558e+00,-1.570796326794896558e+00,-7.616245104571760294e+00
9.279999999999999361e+00,0.000000000000000000e+00,1.570796326794896558e+00,-1.570796326794896558e+00,-7.624498019382478731e+00
9.290000000000000924e+00,0.000000000000000000e+00,1.570796326794896558e+00,-1.570796326794896558e+00,-7.632750934193195391e+00
9.300000000000000711e+00,0.000000000000000000e+00,1.570796326794896558e+00,-1.570796326794896558e+00,-7.641003849003913828e+00
9.310000000000000497e+00,0.000000000000000000e+00,1.570796326794896558e+00,-1.570796326794896558e+00,-7.649256763814630489e+00
9.320000000000000284e+00,0.000000000000000000e+00,1.570796326794896558e+00,-1.570796326794896558e+00,-7.657509678625347149e+00
9.330000000000000071e+00,0.000000000000000000e+00,1.570796326794896558e+00,-1.570796326794896558e+00,-7.665762593436065586e+00
9.339999999999999858e+00,0.000000000000000000e+00,1.570796326794896558e+00,-1.570796326794896558e+00,-7.674015508246782247e+00
9.349999999999999645e+00,0.000000000000000000e+00,1.570796326794896558e+00,-1.570796326794896558e+00,-7.682268423057500684e+00
9.359999999999999432e+00,0.000000000000000000e+00,1.570796326794896558e+00,-1.570796326794896558e+00,-7.690521337868217344e+00
9.370000000000000995e+00,0.000000000000000000e+00,1.570796326794896558e+00,-1.570796326794896558e+00,-7.698774252678934005e+00
9.380000000000000782e+00,0.000000000000000000e+00,1.570796326794896558e+00,-1.570796326794896558e+00,-7.707027167489652442e+00
9.390000000000000568e+00,0.000000000000000000e+00,1.570796326794896558e+00,-1.570796326794896558e+00,-7.715280082300369102e+00
9.400000000000000355e+00,0.000000000000000000e+00,1.570796326794896558e+00,-1.570796326794896558e+00,-7.723532997111085763e+00
9.410000000000000142e+00,0.000000000000000000e+00,1.570796326794896558e+00,-1.570796326794896558e+00,-7.731785911921804200e+00
9.419999999999999929e+00,0.000000000000000000e+00,1.570796326794896558e+00,-1.570796326794896558e+00,-7.740038826732520860e+00
9.429999999999999716e+00,0.000000000000000000e+00,1.570796326794896558e+00,-1.570796326794896558e+00,-7.748291741543239297e+00
9.439999999999999503e+00,0.000000000000000000e+00,1.570796326794896558e+00,-1.570796326794896558e+00,-7.756544656353955958e+00
9.450000000000001066e+00,0.000000000000000000e+00,1.570796326794896558e+00,-1.570796326794896558e+00,-7.764797571164672618e+00
9.460000000000000853e+00,0.000000000000000000e+00,1.570796326794896558e+00,-1.570796326794896558e+00,-7.773050485975391055e+00
9.470000000000000639e+00,0.000000000000000000e+00,1.570796326794896558e+00,-1.570796326794896558e+00,-7.781303400786107716e+00
9.480000000000000426e+00,0.000000000000000000e+00,1.570796326794896558e+00,-1.570796326794896558e+00,-7.789556315596826153e+00
9.490000000000000213e+00,0.000000000000000000e+00,1.570796326794896558e+00,-1.570796326794896558e+00,-7.797809230407542813e+00
9.500000000000000000e+00,0.000000000000000000e+00,1.570796326794896558e+00,-1.570796326794896558e+00,-7.806062145218259474e+00
9.509999999999999787e+00,0.000000000000000000e+00,1.570796326794896558e+00,-1.570796326794896558e+00,-7.814315060028977911e+00
9.519999999999999574e+00,0.000000000000000000e+00,1.570796326794896558e+00,-1.570796326794896558e+00,-7.822567974839694571e+00
9.529999999999999361e+00,0.000000000000000000e+00,1.570796326794896558e+00,-1.570796326794896558e+00,-7.830820889650413008e+00
9.540000000000000924e+00,0.000000000000000000e+00,1.570796326794896558e+00,-1.570796326794896558e+00,-7.839073804461129669e+00
9.550000000000000711e+00,0.000000000000000000e+00,1.570796326794896558e+00,-1.570796326794896558e+00,-7.847326719271846329e+00
9.560000000000000497e+00,0.000000000000000000e+00,1.570796326794896558e+00,-1.570796326794896558e+00,-7.855579634082564766e+00
9.570000000000000284e+00,0.000000000000000000e+00,1.570796326794896558e+00,-1.570796326794896558e+00,-7.863832548893281427e+00
9.580000000000000071e+00,0.000000000000000000e+00,1.570796326794896558e+00,-1.570796326794896558e+00,-7.872085463703998087e+00
9.589999999999999858e+00,0.000000000000000000e+00,1.570796326794896558e+00,-1.570796326794896558e+00,-7.880338378514716524e+00
9.599999999999999645e+00,0.000000000000000000e+00,1.570796326794896558e+00,-1.570796326794896558e+00,-7.888591293325433185e+00
9.609999999999999432e+00,0.000000000000000000e+00,1.570796326794896558e+00,-1.570796326794896558e+00,-7.896844208136151622e+00
9.620000000000000995e+00,0.000000000000000000e+00,1.570796326794896558e+00,-1.570796326794896558e+00,-7.905097122946868282e+00
9.630000000000000782e+00,0.000000000000000000e+00,1.570796326794896558e+00,-1.570796326794896558e+00,-7.913350037757584943e+00
9.640000000000000568e+00,0.000000000000000000e+00,1.570796326794896558e+00,-1.570796326794896558e+00,-7.921602952568303380e+00
9.650000000000000355e+00,0.000000000000000000e+00,1.570796326794896558e+00,-1.570796326794896558e+00,-7.929855867379020040e+00
9.660000000000000142e+00,0.000000000000000000e+00,1.570796326794896558e+00,-1.570796326794896558e+00,-7.938108782189738477e+00
9.669999999999999929e+00,0.000000000000000000e+00,1.570796326794896558e+00,-1.570796326794896558e+00,-7.946361697000455138e+00
9.679999999999999716e+00,0.000000000000000000e+00,1.570796326794896558e+00,-1.570796326794896558e+00,-7.954614611811171798e+00
9.689999999999999503e+00,0.000000000000000000e+00,1.570796326794896558e+00,-1.570796326794896558e+00,-7.962867526621890235e+00
9.700000000000001066e+00,0.000000000000000000e+00,1.570796326794896558e+00,-1.570796326794896558e+00,-7.971120441432606896e+00
9.710000000000000853e+00,0.000000000000000000e+00,1.570796326794896558e+00,-1.570796326794896558e+00,-7.979373356243325333e+00
9.720000000000000639e+00,0.000000000000000000e+00,1.570796326794896558e+00,-1.570796326794896558e+00,-7.987626271054041993e+00
9.730000000000000426e+00,0.000000000000000000e+00,1.570796326794896558e+00,-1.570796326794896558e+00,-7.995879185864758654e+00
9.740000000000000213e+00,0.000000000000000000e+00,1.570796326794896558e+00,-1.570796326794896558e+00,-8.004132100675477091e+00
9.750000000000000000e+00,0.000000000000000000e+00,1.570796326794896558e+00,-1.570796326794896558e+00,-8.012385015486193751e+00
9.759999999999999787e+00,0.000000000000000000e+00,1.570796326794896558e+00,-1.570796326794896558e+00,-8.020637930296910412e+00
9.769999999999999574e+00,0.000000000000000000e+00,1.570796326794896558e+00,-1.570796326794896558e+00,-8.028890845107628849e+00
9.779999999999999361e+00,0.000000000000000000e+00,1.570796326794896558e+00,-1.570796326794896558e+00,-8.037143759918345509e+00
9.790000000000000924e+00,0.000000000000000000e+00,1.570796326794896558e+00,-1.570796326794896558e+00,-8.045396674729063946e+00
9.800000000000000711e+00,0.000000000000000000e+00,1.570796326794896558e+00,-1.570796326794896558e+00,-8.053649589539780607e+00
9.810000000000000497e+00,0.000000000000000000e+00,1.570796326794896558e+00,-1.570796326794896558e+00,-8.061902504350497267e+00
9.820000000000000284e+00,0.000000000000000000e+00,1.570796326794896558e+00,-1.570796326794896558e+00,-8.070155419161215704e+00
9.830000000000000071e+00,0.000000000000000000e+00,1.570796326794896558e+00,-1.570796326794896558e+00,-8.078408333971932365e+00
9.839999999999999858e+00,0.000000000000000000e+00,1.570796326794896558e+00,-1.570796326794896558e+00,-8.086661248782650802e+00
9.849999999999999645e+00,0.000000000000000000e+00,1.570796326794896558e+00,-1.570796326794896558e+00,-8.094914163593367462e+00
9.859999999999999432e+00,0.000000000000000000e+00,1.570796326794896558e+00,-1.570796326794896558e+00,-8.103167078404084123e+00
9.870000000000000995e+00,0.000000000000000000e+00,1.570796326794896558e+00,-1.570796326794896558e+00,-8.111419993214802560e+00
9.880000000000000782e+00,0.000000000000000000e+00,1.570796326794896558e+00,-1.570796326794896558e+00,-8.119672908025519220e+00
9.890000000000000568e+00,0.000000000000000000e+00,1.570796326794896558e+00,-1.570796326794896558e+00,-8.127925822836237657e+00
9.900000000000000355e+00,0.000000000000000000e+00,1.570796326794896558e+00,-1.570796326794896558e+00,-8.136178737646954318e+00
9.910000000000000142e+00,0.000000000000000000e+00,1.570796326794896558e+00,-1.570796326794896558e+00,-8.144431652457670978e+00
9.919999999999999929e+00,0.000000000000000000e+00,1.570796326794896558e+00,-1.570796326794896558e+00,-8.152684567268389415e+00
9.929999999999999716e+00,0.000000000000000000e+00,1.570796326794896558e+00,-1.570796326794896558e+00,-8.160937482079106076e+00
9.939999999999999503e+00,0.000000000000000000e+00,1.570796326794896558e+00,-1.570796326794896558e+00,-8.169190396889822736e+00
9.950000000000001066e+00,0.000000000000000000e+00,1.570796326794896558e+00,-1.570796326794896558e+00,-8.177443311700541173e+00
9.960000000000000853e+00,0.000000000000000000e+00,1.570796326794896558e+00,-1.570796326794896558e+00,-8.185696226511257834e+00
9.970000000000000639e+00,0.000000000000000000e+00,1.570796326794896558e+00,-1.570796326794896558e+00,-8.193949141321976271e+00
9.980000000000000426e+00,0.000000000000000000e+00,1.570796326794896558e+00,-1.570796326794896558e+00,-8.202202056132692931e+00
9.990000000000000213e+00,0.000000000000000000e+00,1.570796326794896558e+00,-1.570796326794896558e+00,-8.210454970943409592e+00
