t, theta_ref, theta, error, pid_out
0.000000000000000000e+00,0.000000000000000000e+00,3.490658503988659095e-02,-3.490658503988659095e-02,-3.936530304968927779e-02
1.000000000000000021e-02,0.000000000000000000e+00,3.491172224577639843e-02,-3.491172224577639843e-02,-4.163752553860125549e-02
2.000000000000000042e-02,0.000000000000000000e+00,3.492510668920709160e-02,-3.492510668920709160e-02,-4.489929924470961731e-02
2.999999999999999889e-02,0.000000000000000000e+00,3.494662725594493285e-02,-3.494662725594493285e-02,-4.813547787835503744e-02
4.000000000000000083e-02,0.000000000000000000e+00,3.497626121009141109e-02,-3.497626121009141109e-02,-5.137403994556013348e-02
5.000000000000000278e-02,0.000000000000000000e+00,3.501398891389816137e-02,-3.501398891389816137e-02,-5.461609018492429024e-02
5.999999999999999778e-02,0.000000000000000000e+00,3.505979380123361300e-02,-3.505979380123361300e-02,-5.786272807256938322e-02
7.000000000000000666e-02,0.000000000000000000e+00,3.511366249507468645e-02,-3.511366249507468645e-02,-6.111509340243351934e-02
8.000000000000000167e-02,0.000000000000000000e+00,3.517558491475843846e-02,-3.517558491475843846e-02,-6.437436323912160141e-02
8.999999999999999667e-02,0.000000000000000000e+00,3.524555437434248595e-02,-3.524555437434248595e-02,-6.764174928781452323e-02
1.000000000000000056e-01,0.000000000000000000e+00,3.532356767435890221e-02,-3.532356767435890221e-02,-7.091849597859456455e-02
1.100000000000000006e-01,0.000000000000000000e+00,3.540962518941477566e-02,-3.540962518941477566e-02,-7.420587932093414274e-02
1.199999999999999956e-01,0.000000000000000000e+00,3.550373095388267147e-02,-3.550373095388267147e-02,-7.750520646463311680e-02
1.300000000000000044e-01,0.000000000000000000e+00,3.560589274737212956e-02,-3.560589274737212956e-02,-8.081781579507495150e-02
1.400000000000000133e-01,0.000000000000000000e+00,3.571612218081111206e-02,-3.571612218081111206e-02,-8.414507729199531549e-02
1.499999999999999944e-01,0.000000000000000000e+00,3.583443014419572525e-02,-3.583443014419572525e-02,-8.748692565364359075e-02
1.600000000000000033e-01,0.000000000000000000e+00,3.596064326424107394e-02,-3.596064326424107394e-02,-9.078524291036982330e-02
1.700000000000000122e-01,0.000000000000000000e+00,3.609475956699020188e-02,-3.609475956699020188e-02,-9.409419153277845393e-02
1.799999999999999933e-01,0.000000000000000000e+00,3.623677890075110986e-02,-3.623677890075110986e-02,-9.741449222897038962e-02
1.900000000000000022e-01,0.000000000000000000e+00,3.638670299410913522e-02,-3.638670299410913522e-02,-1.007468861078221756e-01
2.000000000000000111e-01,0.000000000000000000e+00,3.654453545341437848e-02,-3.654453545341437848e-02,-1.040921156360255506e-01
2.099999999999999922e-01,0.000000000000000000e+00,3.671028176267199239e-02,-3.671028176267199239e-02,-1.074509254300739652e-01
2.200000000000000011e-01,0.000000000000000000e+00,3.688394928590658928e-02,-3.688394928590658928e-02,-1.108240630734939614e-01
2.300000000000000100e-01,0.000000000000000000e+00,3.706554727202371335e-02,-3.706554727202371335e-02,-1.142122799441682712e-01
2.399999999999999911e-01,0.000000000000000000e+00,3.725508686208889308e-02,-3.725508686208889308e-02,-1.176163320194251460e-01
2.500000000000000000e-01,0.000000000000000000e+00,3.745258109880682945e-02,-3.745258109880682945e-02,-1.210369806152143124e-01
2.600000000000000089e-01,0.000000000000000000e+00,3.765804493780445378e-02,-3.765804493780445378e-02,-1.244749930026059215e-01
2.700000000000000178e-01,0.000000000000000000e+00,3.787149526010300665e-02,-3.787149526010300665e-02,-1.279311428320645261e-01
2.800000000000000266e-01,0.000000000000000000e+00,3.809295088491317788e-02,-3.809295088491317788e-02,-1.314062102854033909e-01
2.899999999999999800e-01,0.000000000000000000e+00,3.832243258162768007e-02,-3.832243258162768007e-02,-1.349009818723191645e-01
2.999999999999999889e-01,0.000000000000000000e+00,3.855996307965205844e-02,-3.855996307965205844e-02,-1.384162497963472016e-01
3.099999999999999978e-01,0.000000000000000000e+00,3.880556707456139787e-02,-3.880556707456139787e-02,-1.419528108402285937e-01
3.200000000000000067e-01,0.000000000000000000e+00,3.905927122905854948e-02,-3.905927122905854948e-02,-1.455114647651066795e-01
3.300000000000000155e-01,0.000000000000000000e+00,3.932110416739949266e-02,-3.932110416739949266e-02,-1.490930122818308057e-01
3.400000000000000244e-01,0.000000000000000000e+00,3.959109646237821134e-02,-3.959109646237821134e-02,-1.526982527277207236e-01
3.500000000000000333e-01,0.000000000000000000e+00,3.986928061462243628e-02,-3.986928061462243628e-02,-1.563279816560539381e-01
3.599999999999999867e-01,0.000000000000000000e+00,4.015569102477262869e-02,-4.015569102477262869e-02,-1.599829885975333488e-01
3.699999999999999956e-01,0.000000000000000000e+00,4.045036395997666373e-02,-4.045036395997666373e-02,-1.636640552662806392e-01
3.800000000000000044e-01,0.000000000000000000e+00,4.075333751686940897e-02,-4.075333751686940897e-02,-1.673719544448861729e-01
3.900000000000000133e-01,0.000000000000000000e+00,4.106465158366874590e-02,-4.106465158366874590e-02,-1.711074496971328740e-01
4.000000000000000222e-01,0.000000000000000000e+00,4.138434780411050923e-02,-4.138434780411050923e-02,-1.748712959401035050e-01
4.100000000000000311e-01,0.000000000000000000e+00,4.171246954565541176e-02,-4.171246954565541176e-02,-1.786642407872411908e-01
4.199999999999999845e-01,0.000000000000000000e+00,4.204906187380885729e-02,-4.204906187380885729e-02,-1.824870264778909457e-01
4.299999999999999933e-01,0.000000000000000000e+00,4.239417153363777419e-02,-4.239417153363777419e-02,-1.863403921561559429e-01
4.400000000000000022e-01,0.000000000000000000e+00,4.274784693879791347e-02,-4.274784693879791347e-02,-1.902250762566654874e-01
4.500000000000000111e-01,0.000000000000000000e+00,4.311013816772566593e-02,-4.311013816772566593e-02,-1.941418187891910951e-01
4.600000000000000200e-01,0.000000000000000000e+00,4.348109696617231262e-02,-4.348109696617231262e-02,-1.980913633712567679e-01
4.700000000000000289e-01,0.000000000000000000e+00,4.386077675498784717e-02,-4.386077675498784717e-02,-2.020744589222907561e-01
4.799999999999999822e-01,0.000000000000000000e+00,4.424923264197219708e-02,-4.424923264197219708e-02,-2.060918609899363152e-01
4.899999999999999911e-01,0.000000000000000000e+00,4.464652143666178463e-02,-4.464652143666178463e-02,-2.101443327231129754e-01
5.000000000000000000e-01,0.000000000000000000e+00,4.505270166705715312e-02,-4.505270166705715312e-02,-2.142326455341867497e-01
5.100000000000000089e-01,0.000000000000000000e+00,4.546783359747794129e-02,-4.546783359747794129e-02,-2.183575795062712710e-01
5.200000000000000178e-01,0.000000000000000000e+00,4.589197924692133695e-02,-4.589197924692133695e-02,-2.225199236048098494e-01
5.300000000000000266e-01,0.000000000000000000e+00,4.632520240747598633e-02,-4.632520240747598633e-02,-2.267204757483616551e-01
5.400000000000000355e-01,0.000000000000000000e+00,4.676756866249429795e-02,-4.676756866249429795e-02,-2.309600427858355676e-01
5.500000000000000444e-01,0.000000000000000000e+00,4.721914540434712232e-02,-4.721914540434712232e-02,-2.352394404181160081e-01
5.600000000000000533e-01,0.000000000000000000e+00,4.768000185167690919e-02,-4.768000185167690919e-02,-2.395594930930112221e-01
5.700000000000000622e-01,0.000000000000000000e+00,4.815020906613193263e-02,-4.815020906613193263e-02,-2.439210338944494683e-01
5.799999999999999600e-01,0.000000000000000000e+00,4.862983996860958252e-02,-4.862983996860958252e-02,-2.483249044402560390e-01
5.899999999999999689e-01,0.000000000000000000e+00,4.911896935506540607e-02,-4.911896935506540607e-02,-2.527719547976059467e-01
5.999999999999999778e-01,0.000000000000000000e+00,4.961767391196128529e-02,-4.961767391196128529e-02,-2.572630434214913109e-01
6.099999999999999867e-01,0.000000000000000000e+00,5.012603223143339420e-02,-5.012603223143339420e-02,-2.617990371185748844e-01
6.199999999999999956e-01,0.000000000000000000e+00,5.064412482626274442e-02,-5.064412482626274442e-02,-2.663808110372001270e-01
6.300000000000000044e-01,0.000000000000000000e+00,5.117203414472835249e-02,-5.117203414472835249e-02,-2.710092486827696545e-01
6.400000000000000133e-01,0.000000000000000000e+00,5.170984458541887097e-02,-5.170984458541887097e-02,-2.756852419572547452e-01
6.500000000000000222e-01,0.000000000000000000e+00,5.225764251207247468e-02,-5.225764251207247468e-02,-2.804096912210071180e-01
6.600000000000000311e-01,0.000000000000000000e+00,5.281551626850884695e-02,-5.281551626850884695e-02,-2.851835053750706450e-01
6.700000000000000400e-01,0.000000000000000000e+00,5.338355619371071975e-02,-5.338355619371071975e-02,-2.900076019620456691e-01
6.800000000000000488e-01,0.000000000000000000e+00,5.396185463710682223e-02,-5.396185463710682223e-02,-2.948829072838035636e-01
6.900000000000000577e-01,0.000000000000000000e+00,5.455050597410276980e-02,-5.455050597410276980e-02,-2.998103565344280019e-01
7.000000000000000666e-01,0.000000000000000000e+00,5.514960662190190877e-02,-5.514960662190190877e-02,-3.047908939470137524e-01
7.099999999999999645e-01,0.000000000000000000e+00,5.575925505565450246e-02,-5.575925505565450246e-02,-3.098254729532264884e-01
7.199999999999999734e-01,0.000000000000000000e+00,5.637955182497000894e-02,-5.637955182497000894e-02,-3.149150563545231596e-01
7.299999999999999822e-01,0.000000000000000000e+00,5.701059957082544455e-02,-5.701059957082544455e-02,-3.200606165045242202e-01
7.399999999999999911e-01,0.000000000000000000e+00,5.765250304290047562e-02,-5.765250304290047562e-02,-3.252631355018372750e-01
7.500000000000000000e-01,0.000000000000000000e+00,5.830536911736911715e-02,-5.830536911736911715e-02,-3.305236053931346341e-01
7.600000000000000089e-01,0.000000000000000000e+00,5.896930681517748019e-02,-5.896930681517748019e-02,-3.358430283863866883e-01
7.700000000000000178e-01,0.000000000000000000e+00,5.964442732083702348e-02,-5.964442732083702348e-02,-3.412224170742997886e-01
7.800000000000000266e-01,0.000000000000000000e+00,6.033084400176393775e-02,-6.033084400176393775e-02,-3.466627946683707440e-01
7.900000000000000355e-01,0.000000000000000000e+00,6.102867242819672022e-02,-6.102867242819672022e-02,-3.521651952440558730e-01
8.000000000000000444e-01,0.000000000000000000e+00,6.173803039372634943e-02,-6.173803039372634943e-02,-3.577306639978440339e-01
8.100000000000000533e-01,0.000000000000000000e+00,6.245903793647686331e-02,-6.245903793647686331e-02,-3.633602575173591198e-01
8.200000000000000622e-01,0.000000000000000000e+00,6.319181736097825852e-02,-6.319181736097825852e-02,-3.690550440658456610e-01
8.300000000000000711e-01,0.000000000000000000e+00,6.393649326077886774e-02,-6.393649326077886774e-02,-3.748161038827568792e-01
8.399999999999999689e-01,0.000000000000000000e+00,6.469319254185162960e-02,-6.469319254185162960e-02,-3.806445295028063058e-01
8.499999999999999778e-01,0.000000000000000000e+00,6.546204444685611856e-02,-6.546204444685611856e-02,-3.865414260959166293e-01
8.599999999999999867e-01,0.000000000000000000e+00,6.624318058032982459e-02,-6.624318058032982459e-02,-3.925079118318273164e-01
8.699999999999999956e-01,0.000000000000000000e+00,6.703673493489456514e-02,-6.703673493489456514e-02,-3.985451182733814046e-01
8.800000000000000044e-01,0.000000000000000000e+00,6.784284391858026730e-02,-6.784284391858026730e-02,-4.046541908037791790e-01
8.900000000000000133e-01,0.000000000000000000e+00,6.866164638338946580e-02,-6.866164638338946580e-02,-4.108362890946113399e-01
9.000000000000000222e-01,0.000000000000000000e+00,6.949328365525166140e-02,-6.949328365525166140e-02,-4.170925876229941709e-01
9.100000000000000311e-01,0.000000000000000000e+00,7.033789956555010214e-02,-7.033789956555010214e-02,-4.234242762485686540e-01
9.200000000000000400e-01,0.000000000000000000e+00,7.119564048444693150e-02,-7.119564048444693150e-02,-4.298325608643222551e-01
9.300000000000000488e-01,0.000000000000000000e+00,7.206665535628875574e-02,-7.206665535628875574e-02,-4.363186641392647336e-01
9.400000000000000577e-01,0.000000000000000000e+00,7.295109573744845699e-02,-7.295109573744845699e-02,-4.428838263766514682e-01
9.500000000000000666e-01,0.000000000000000000e+00,7.384911583705855431e-02,-7.384911583705855431e-02,-4.495293065196611093e-01
9.599999999999999645e-01,0.000000000000000000e+00,7.476087256122493363e-02,-7.476087256122493363e-02,-4.562563833473265440e-01
9.699999999999999734e-01,0.000000000000000000e+00,7.568652556149421673e-02,-7.568652556149421673e-02,-4.630663569197862595e-01
9.799999999999999822e-01,0.000000000000000000e+00,7.662623728860579186e-02,-7.662623728860579186e-02,-4.699605503553296870e-01
9.899999999999999911e-01,0.000000000000000000e+00,7.758013067178202993e-02,-7.758013067178202993e-02,-4.769269074520194884e-01
1.000000000000000000e+00,0.000000000000000000e+00,7.854811596342543834e-02,-7.854811596342543834e-02,-4.838985629488389284e-01
1.010000000000000009e+00,0.000000000000000000e+00,7.953036612441211073e-02,-7.953036612441211073e-02,-4.909587682604228953e-01
1.020000000000000018e+00,0.000000000000000000e+00,8.052705941575828696e-02,-8.052705941575828696e-02,-4.981096593676176409e-01
1.030000000000000027e+00,0.000000000000000000e+00,8.153837964374570368e-02,-8.153837964374570368e-02,-5.053534590644688240e-01
1.040000000000000036e+00,0.000000000000000000e+00,8.256451692247666896e-02,-8.256451692247666896e-02,-5.126926409937911933e-01
1.050000000000000044e+00,0.000000000000000000e+00,8.360566870927195471e-02,-8.360566870927195471e-02,-5.201300169207471180e-01
1.060000000000000053e+00,0.000000000000000000e+00,8.466204126230050808e-02,-8.466204126230050808e-02,-5.276688715831197030e-01
1.070000000000000062e+00,0.000000000000000000e+00,8.573385178748130220e-02,-8.573385178748130220e-02,-5.353131825061629989e-01
1.080000000000000071e+00,0.000000000000000000e+00,8.682133178676906815e-02,-8.682133178676906815e-02,-5.430680026088638979e-01
1.090000000000000080e+00,0.000000000000000000e+00,8.792467795557790122e-02,-8.792467795557790122e-02,-5.509228747198352538e-01
1.100000000000000089e+00,0.000000000000000000e+00,8.904369203872652960e-02,-8.904369203872652960e-02,-5.587533971847469250e-01
1.110000000000000098e+00,0.000000000000000000e+00,9.017853570417501408e-02,-9.017853570417501408e-02,-5.666734760143715688e-01
1.120000000000000107e+00,0.000000000000000000e+00,9.132968653065806630e-02,-9.132968653065806630e-02,-5.747835055760832645e-01
1.130000000000000115e+00,0.000000000000000000e+00,9.249793109299030147e-02,-9.249793109299030147e-02,-5.831820583296027927e-01
1.140000000000000124e+00,0.000000000000000000e+00,9.368346641976299516e-02,-9.368346641976299516e-02,-5.916838725487847395e-01
1.150000000000000133e+00,0.000000000000000000e+00,9.488632265273119759e-02,-9.488632265273119759e-02,-6.002367069756622264e-01
1.159999999999999920e+00,0.000000000000000000e+00,9.610649032423938809e-02,-9.610649032423938809e-02,-6.088283889011685268e-01
1.169999999999999929e+00,0.000000000000000000e+00,9.734423408167368341e-02,-9.734423408167368341e-02,-6.175459277339814257e-01
1.179999999999999938e+00,0.000000000000000000e+00,9.859981238745955945e-02,-9.859981238745955945e-02,-6.263879916760095590e-01
1.189999999999999947e+00,0.000000000000000000e+00,9.987348020235237156e-02,-9.987348020235237156e-02,-6.353540954376007965e-01
1.199999999999999956e+00,0.000000000000000000e+00,1.011654908133406694e-01,-1.011654908133406694e-01,-6.444443326507902636e-01
1.209999999999999964e+00,0.000000000000000000e+00,1.024760969982665970e-01,-1.024760969982665970e-01,-6.536591681118893993e-01
1.219999999999999973e+00,0.000000000000000000e+00,1.038055517928402338e-01,-1.038055517928402338e-01,-6.629993133278004880e-01
1.229999999999999982e+00,0.000000000000000000e+00,1.051541090038565773e-01,-1.051541090038565773e-01,-6.724656471129847324e-01
1.239999999999999991e+00,0.000000000000000000e+00,1.065220235510634661e-01,-1.065220235510634661e-01,-6.820591619870564060e-01
1.250000000000000000e+00,0.000000000000000000e+00,1.079095516871612509e-01,-1.079095516871612509e-01,-6.917809260356174716e-01
1.260000000000000009e+00,0.000000000000000000e+00,1.093169511267221561e-01,-1.093169511267221561e-01,-7.016320543755634187e-01
1.270000000000000018e+00,0.000000000000000000e+00,1.107442890218345577e-01,-1.107442890218345577e-01,-7.115529337468986526e-01
1.280000000000000027e+00,0.000000000000000000e+00,1.121916905140362269e-01,-1.121916905140362269e-01,-7.215623509739022001e-01
1.290000000000000036e+00,0.000000000000000000e+00,1.136594087751805343e-01,-1.136594087751805343e-01,-7.317013136130195994e-01
1.300000000000000044e+00,0.000000000000000000e+00,1.151477006457743840e-01,-1.151477006457743840e-01,-7.419716443245497617e-01
1.310000000000000053e+00,0.000000000000000000e+00,1.166568265729484716e-01,-1.166568265729484716e-01,-7.523751550503163799e-01
1.320000000000000062e+00,0.000000000000000000e+00,1.181870506757854156e-01,-1.181870506757854156e-01,-7.629136872922432921e-01
1.330000000000000071e+00,0.000000000000000000e+00,1.197386408112297573e-01,-1.197386408112297573e-01,-7.735891124381656381e-01
1.340000000000000080e+00,0.000000000000000000e+00,1.213118686408947988e-01,-1.213118686408947988e-01,-7.844033321891412669e-01
1.350000000000000089e+00,0.000000000000000000e+00,1.229070096991127792e-01,-1.229070096991127792e-01,-7.953582790986051254e-01
1.360000000000000098e+00,0.000000000000000000e+00,1.245243434624858508e-01,-1.245243434624858508e-01,-8.064559171956202643e-01
1.370000000000000107e+00,0.000000000000000000e+00,1.261641534211124516e-01,-1.261641534211124516e-01,-8.176982426663339520e-01
1.380000000000000115e+00,0.000000000000000000e+00,1.278267271515836079e-01,-1.278267271515836079e-01,-8.290872845685433035e-01
1.390000000000000124e+00,0.000000000000000000e+00,1.295123563917627840e-01,-1.295123563917627840e-01,-8.406251055539182282e-01
1.400000000000000133e+00,0.000000000000000000e+00,1.312213371172848420e-01,-1.312213371172848420e-01,-8.523138025732419631e-01
1.409999999999999920e+00,0.000000000000000000e+00,1.329539696196329612e-01,-1.329539696196329612e-01,-8.641555075403648534e-01
1.419999999999999929e+00,0.000000000000000000e+00,1.347105585855896681e-01,-1.347105585855896681e-01,-8.761523879349106814e-01
1.429999999999999938e+00,0.000000000000000000e+00,1.364914131778119932e-01,-1.364914131778119932e-01,-8.883066473289402687e-01
1.439999999999999947e+00,0.000000000000000000e+00,1.382968471162720203e-01,-1.382968471162720203e-01,-9.006205258345421072e-01
1.449999999999999956e+00,0.000000000000000000e+00,1.401271787603426411e-01,-1.401271787603426411e-01,-9.130963004842675979e-01
1.459999999999999964e+00,0.000000000000000000e+00,1.419827311914226009e-01,-1.419827311914226009e-01,-9.257362855803163981e-01
1.469999999999999973e+00,0.000000000000000000e+00,1.438638322962015881e-01,-1.438638322962015881e-01,-9.385428330777295658e-01
1.479999999999999982e+00,0.000000000000000000e+00,1.457708148509981316e-01,-1.457708148509981316e-01,-9.515183331067267325e-01
1.489999999999999991e+00,0.000000000000000000e+00,1.477040166080891004e-01,-1.477040166080891004e-01,-9.646652147884187123e-01
1.500000000000000000e+00,0.000000000000000000e+00,1.496637803856270543e-01,-1.496637803856270543e-01,-9.779859475592416196e-01
1.510000000000000009e+00,0.000000000000000000e+00,1.516504541636608805e-01,-1.516504541636608805e-01,-9.914830432967028928e-01
1.520000000000000018e+00,0.000000000000000000e+00,1.536643911900140436e-01,-1.536643911900140436e-01,-1.005159059641235864e+00
1.530000000000000027e+00,0.000000000000000000e+00,1.557059501014561309e-01,-1.557059501014561309e-01,-1.019016605050371949e+00
1.540000000000000036e+00,0.000000000000000000e+00,1.577754950679589319e-01,-1.577754950679589319e-01,-1.033058346336671374e+00
1.550000000000000044e+00,0.000000000000000000e+00,1.598733959712565766e-01,-1.598733959712565766e-01,-1.047287019782955131e+00
1.560000000000000053e+00,0.000000000000000000e+00,1.619995668388416465e-01,-1.619995668388416465e-01,-1.061559387652049491e+00
1.570000000000000062e+00,0.000000000000000000e+00,1.641541387531579299e-01,-1.641541387531579299e-01,-1.075944528952520685e+00
1.580000000000000071e+00,0.000000000000000000e+00,1.663374842726247083e-01,-1.663374842726247083e-01,-1.090519493956266350e+00
1.590000000000000080e+00,0.000000000000000000e+00,1.685499994827920345e-01,-1.685499994827920345e-01,-1.105292677781473998e+00
1.600000000000000089e+00,0.000000000000000000e+00,1.707921108755865169e-01,-1.707921108755865169e-01,-1.120274685240536972e+00
1.610000000000000098e+00,0.000000000000000000e+00,1.730642840521255943e-01,-1.730642840521255943e-01,-1.135478915932921939e+00
1.620000000000000107e+00,0.000000000000000000e+00,1.753670384585795383e-01,-1.753670384585795383e-01,-1.150923482959448130e+00
1.630000000000000115e+00,0.000000000000000000e+00,1.777009756178275224e-01,-1.777009756178275224e-01,-1.166635499083096272e+00
1.640000000000000124e+00,0.000000000000000000e+00,1.800653306569637291e-01,-1.800653306569637291e-01,-1.182184047780686642e+00
1.650000000000000133e+00,0.000000000000000000e+00,1.824620816559234526e-01,-1.824620816559234526e-01,-1.198436390915119665e+00
1.660000000000000142e+00,0.000000000000000000e+00,1.848919579484144260e-01,-1.848919579484144260e-01,-1.215000397876656812e+00
1.669999999999999929e+00,0.000000000000000000e+00,1.873547223814969465e-01,-1.873547223814969465e-01,-1.231571818362448223e+00
1.679999999999999938e+00,0.000000000000000000e+00,1.898509742937033729e-01,-1.898509742937033729e-01,-1.248415566252084385e+00
1.689999999999999947e+00,0.000000000000000000e+00,1.923812741097059575e-01,-1.923812741097059575e-01,-1.265520630563523152e+00
1.699999999999999956e+00,0.000000000000000000e+00,1.949461592867109960e-01,-1.949461592867109960e-01,-1.282881010461119464e+00
1.709999999999999964e+00,0.000000000000000000e+00,1.975461536420734798e-01,-1.975461536420734798e-01,-1.300493639379098898e+00
1.719999999999999973e+00,0.000000000000000000e+00,2.001817729753750663e-01,-2.001817729753750663e-01,-1.318357223274608803e+00
1.729999999999999982e+00,0.000000000000000000e+00,2.028535287129449027e-01,-2.028535287129449027e-01,-1.336471621343625626e+00
1.739999999999999991e+00,0.000000000000000000e+00,2.055618724681091969e-01,-2.055618724681091969e-01,-1.354819162463677173e+00
1.750000000000000000e+00,0.000000000000000000e+00,2.083064974017406479e-01,-2.083064974017406479e-01,-1.373161145867216160e+00
1.760000000000000009e+00,0.000000000000000000e+00,2.110878665317592329e-01,-2.110878665317592329e-01,-1.391741394173494406e+00
1.770000000000000018e+00,0.000000000000000000e+00,2.139064491547794100e-01,-2.139064491547794100e-01,-1.410563096884568601e+00
1.780000000000000027e+00,0.000000000000000000e+00,2.167627195014884267e-01,-2.167627195014884267e-01,-1.429629034000597265e+00
1.790000000000000036e+00,0.000000000000000000e+00,2.196571568509545769e-01,-2.196571568509545769e-01,-1.448942036035537839e+00
1.800000000000000044e+00,0.000000000000000000e+00,2.225902456302717158e-01,-2.225902456302717158e-01,-1.468504979601731097e+00
1.810000000000000053e+00,0.000000000000000000e+00,2.255624755009433824e-01,-2.255624755009433824e-01,-1.488320783423663363e+00
1.820000000000000062e+00,0.000000000000000000e+00,2.285743414350061564e-01,-2.285743414350061564e-01,-1.508392405287116933e+00
1.830000000000000071e+00,0.000000000000000000e+00,2.316263437830311245e-01,-2.316263437830311245e-01,-1.528722839654659493e+00
1.840000000000000080e+00,0.000000000000000000e+00,2.347189883355521589e-01,-2.347189883355521589e-01,-1.549315115763070461e+00
1.850000000000000089e+00,0.000000000000000000e+00,2.378527863790592112e-01,-2.378527863790592112e-01,-1.570172296074492380e+00
1.860000000000000098e+00,0.000000000000000000e+00,2.410282547474048576e-01,-2.410282547474048576e-01,-1.591297474990778005e+00
1.870000000000000107e+00,0.000000000000000000e+00,2.442459158692631416e-01,-2.442459158692631416e-01,-1.612693777765738856e+00
1.880000000000000115e+00,0.000000000000000000e+00,2.475062978121244095e-01,-2.475062978121244095e-01,-1.634364359566810476e+00
1.890000000000000124e+00,0.000000000000000000e+00,2.508099343231974809e-01,-2.508099343231974809e-01,-1.656312404651075987e+00
1.900000000000000133e+00,0.000000000000000000e+00,2.541573648675030661e-01,-2.541573648675030661e-01,-1.678541125628359332e+00
1.910000000000000142e+00,0.000000000000000000e+00,2.575491346633757561e-01,-2.575491346633757561e-01,-1.701053762790595059e+00
1.919999999999999929e+00,0.000000000000000000e+00,2.609857947155411195e-01,-2.609857947155411195e-01,-1.723853583491604891e+00
1.929999999999999938e+00,0.000000000000000000e+00,2.644679018458964137e-01,-2.644679018458964137e-01,-1.746943881565400591e+00
1.939999999999999947e+00,0.000000000000000000e+00,2.679960187220870038e-01,-2.679960187220870038e-01,-1.770327976771595146e+00
1.949999999999999956e+00,0.000000000000000000e+00,2.715707138839502655e-01,-2.715707138839502655e-01,-1.794009214261558460e+00
1.959999999999999964e+00,0.000000000000000000e+00,2.751925617678754321e-01,-2.751925617678754321e-01,-1.817990964057988545e+00
1.969999999999999973e+00,0.000000000000000000e+00,2.788621427291120836e-01,-2.788621427291120836e-01,-1.842276620542924404e+00
1.979999999999999982e+00,0.000000000000000000e+00,2.825800430620459269e-01,-2.825800430620459269e-01,-1.866869601949757929e+00
1.989999999999999991e+00,0.000000000000000000e+00,2.863468550184509742e-01,-2.863468550184509742e-01,-1.891773349856210151e+00
2.000000000000000000e+00,0.000000000000000000e+00,2.901631768237155073e-01,-2.901631768237155073e-01,-1.916991328674538142e+00
2.010000000000000231e+00,0.000000000000000000e+00,2.940296126910336705e-01,-2.940296126910336705e-01,-1.942527025137177565e+00
2.020000000000000018e+00,0.000000000000000000e+00,2.979467728335477017e-01,-2.979467728335477017e-01,-1.968383947775611542e+00
2.030000000000000249e+00,0.000000000000000000e+00,3.019152734744192101e-01,-3.019152734744192101e-01,-1.994565626390326196e+00
2.040000000000000036e+00,0.000000000000000000e+00,3.059357368548058509e-01,-3.059357368548058509e-01,-2.021075611511137904e+00
2.049999999999999822e+00,0.000000000000000000e+00,3.100087912397134771e-01,-3.100087912397134771e-01,-2.047917473845839886e+00
2.060000000000000053e+00,0.000000000000000000e+00,3.141350709216933490e-01,-3.141350709216933490e-01,-2.075094803716944547e+00
2.069999999999999840e+00,0.000000000000000000e+00,3.183152162223500947e-01,-3.183152162223500947e-01,-2.102611210485209270e+00
2.080000000000000071e+00,0.000000000000000000e+00,3.225498734916235621e-01,-3.225498734916235621e-01,-2.130470321959066382e+00
2.089999999999999858e+00,0.000000000000000000e+00,3.268396951048092025e-01,-3.268396951048092025e-01,-2.158675783790343417e+00
2.100000000000000089e+00,0.000000000000000000e+00,3.311853394572762954e-01,-3.311853394572762954e-01,-2.187231258854508198e+00
2.109999999999999876e+00,0.000000000000000000e+00,3.355874709568467673e-01,-3.355874709568467673e-01,-2.216140426616441061e+00
2.120000000000000107e+00,0.000000000000000000e+00,3.400467600137946356e-01,-3.400467600137946356e-01,-2.245406982480781188e+00
2.129999999999999893e+00,0.000000000000000000e+00,3.445638830284262766e-01,-3.445638830284262766e-01,-2.275034637126823078e+00
2.140000000000000124e+00,0.000000000000000000e+00,3.491395223762035482e-01,-3.491395223762035482e-01,-2.305027115828434781e+00
2.149999999999999911e+00,0.000000000000000000e+00,3.537743663903716307e-01,-3.537743663903716307e-01,-2.335388157758879757e+00
2.160000000000000142e+00,0.000000000000000000e+00,3.584691093420542818e-01,-3.584691093420542818e-01,-2.366121515280691590e+00
2.169999999999999929e+00,0.000000000000000000e+00,3.632244514177818129e-01,-3.632244514177818129e-01,-2.397230953221360039e+00
2.180000000000000160e+00,0.000000000000000000e+00,3.680410986944185336e-01,-3.680410986944185336e-01,-2.428720248135180171e+00
2.189999999999999947e+00,0.000000000000000000e+00,3.729197631114586908e-01,-3.729197631114586908e-01,-2.460593187551913807e+00
2.200000000000000178e+00,0.000000000000000000e+00,3.778611624406635894e-01,-3.778611624406635894e-01,-2.492853569213326459e+00
2.209999999999999964e+00,0.000000000000000000e+00,3.828660202530156931e-01,-3.828660202530156931e-01,-2.525505200298509223e+00
2.220000000000000195e+00,0.000000000000000000e+00,3.879350658829685550e-01,-3.879350658829685550e-01,-2.558551896638872059e+00
2.229999999999999982e+00,0.000000000000000000e+00,3.930690343899791994e-01,-3.930690343899791994e-01,-2.591997481925195412e+00
2.240000000000000213e+00,0.000000000000000000e+00,3.982686665173109652e-01,-3.982686665173109652e-01,-2.625845786907106572e+00
2.250000000000000000e+00,0.000000000000000000e+00,4.035347086481034795e-01,-4.035347086481034795e-01,-2.660100648587667038e+00
2.260000000000000231e+00,0.000000000000000000e+00,4.088679127587133699e-01,-4.088679127587133699e-01,-2.694765909415196781e+00
2.270000000000000018e+00,0.000000000000000000e+00,4.142690363693352640e-01,-4.142690363693352640e-01,-2.729845416474182773e+00
2.280000000000000249e+00,0.000000000000000000e+00,4.197388424919233363e-01,-4.197388424919233363e-01,-2.765343020678606933e+00
2.290000000000000036e+00,0.000000000000000000e+00,4.252780995754411042e-01,-4.252780995754411042e-01,-2.801262575970028479e+00
2.300000000000000266e+00,0.000000000000000000e+00,4.308875814484792177e-01,-4.308875814484792177e-01,-2.837607938524206563e+00
2.310000000000000053e+00,0.000000000000000000e+00,4.365680672592914813e-01,-4.365680672592914813e-01,-2.874382965969584092e+00
2.319999999999999840e+00,0.000000000000000000e+00,4.423203414133123346e-01,-4.423203414133123346e-01,-2.911591516621742315e+00
2.330000000000000071e+00,0.000000000000000000e+00,4.481451935082318982e-01,-4.481451935082318982e-01,-2.949237448737926037e+00
2.339999999999999858e+00,0.000000000000000000e+00,4.540434182667192897e-01,-4.540434182667192897e-01,-2.987324619796305925e+00
2.350000000000000089e+00,0.000000000000000000e+00,4.600158154669008459e-01,-4.600158154669008459e-01,-3.025856885805059626e+00
2.359999999999999876e+00,0.000000000000000000e+00,4.660631898707149334e-01,-4.660631898707149334e-01,-3.064838100646127828e+00
2.370000000000000107e+00,0.000000000000000000e+00,4.721863511502848998e-01,-4.721863511502848998e-01,-3.104272115460007697e+00
2.379999999999999893e+00,0.000000000000000000e+00,4.783861138124661516e-01,-4.783861138124661516e-01,-3.144162778076291964e+00
2.390000000000000124e+00,0.000000000000000000e+00,4.846632971217461061e-01,-4.846632971217461061e-01,-3.184513932497277544e+00
2.399999999999999911e+00,0.000000000000000000e+00,4.910187250216933030e-01,-4.910187250216933030e-01,-3.225329418440375129e+00
2.410000000000000142e+00,0.000000000000000000e+00,4.974532260551725038e-01,-4.974532260551725038e-01,-3.266613070945999286e+00
2.419999999999999929e+00,0.000000000000000000e+00,5.039676332835644201e-01,-5.039676332835644201e-01,-3.308368720058072032e+00
2.430000000000000160e+00,0.000000000000000000e+00,5.105627842052495868e-01,-5.105627842052495868e-01,-3.350600190583984617e+00
2.439999999999999947e+00,0.000000000000000000e+00,5.172395206736374318e-01,-5.172395206736374318e-01,-3.393311301941111857e+00
2.450000000000000178e+00,0.000000000000000000e+00,5.239986888150435229e-01,-5.239986888150435229e-01,-3.436505868097118555e+00
2.459999999999999964e+00,0.000000000000000000e+00,5.308411389467411201e-01,-5.308411389467411201e-01,-3.480187697611728748e+00
2.470000000000000195e+00,0.000000000000000000e+00,5.377677254955351982e-01,-5.377677254955351982e-01,-3.524360593787283058e+00
2.479999999999999982e+00,0.000000000000000000e+00,5.447793069172266467e-01,-5.447793069172266467e-01,-3.569028354934683289e+00
2.490000000000000213e+00,0.000000000000000000e+00,5.518767456173617747e-01,-5.518767456173617747e-01,-3.614194774763817009e+00
2.500000000000000000e+00,0.000000000000000000e+00,5.590609078736790138e-01,-5.590609078736790138e-01,-3.659863642904240599e+00
2.510000000000000231e+00,0.000000000000000000e+00,5.663326637606890257e-01,-5.663326637606890257e-01,-3.706038745564299575e+00
2.520000000000000018e+00,0.000000000000000000e+00,5.736928870768462918e-01,-5.736928870768462918e-01,-3.752723866336149072e+00
2.530000000000000249e+00,0.000000000000000000e+00,5.811424552747896932e-01,-5.811424552747896932e-01,-3.799922787153365178e+00
2.540000000000000036e+00,0.000000000000000000e+00,5.886822493951514579e-01,-5.886822493951514579e-01,-3.847639289408678831e+00
2.550000000000000266e+00,0.000000000000000000e+00,5.963131540044546153e-01,-5.963131540044546153e-01,-3.895877155239012790e+00
2.560000000000000053e+00,0.000000000000000000e+00,6.040360571376387488e-01,-6.040360571376387488e-01,-3.944640168984712147e+00
2.569999999999999840e+00,0.000000000000000000e+00,6.118518502457730435e-01,-6.118518502457730435e-01,-3.993932118829727873e+00
2.580000000000000071e+00,0.000000000000000000e+00,6.197614281495360533e-01,-6.197614281495360533e-01,-4.043756798629946303e+00
2.589999999999999858e+00,0.000000000000000000e+00,6.277656889990594902e-01,-6.277656889990594902e-01,-4.094118009936078550e+00
2.600000000000000089e+00,0.000000000000000000e+00,6.358655342407528721e-01,-6.358655342407528721e-01,-4.145019564218078933e+00
2.609999999999999876e+00,0.000000000000000000e+00,6.440618685917443020e-01,-6.440618685917443020e-01,-4.196465285297751535e+00
2.620000000000000107e+00,0.000000000000000000e+00,6.523556000225870788e-01,-6.523556000225870788e-01,-4.248459011994955681e+00
2.629999999999999893e+00,0.000000000000000000e+00,6.607476397489060460e-01,-6.607476397489060460e-01,-4.301004600995971927e+00
2.640000000000000124e+00,0.000000000000000000e+00,6.692389022326672432e-01,-6.692389022326672432e-01,-4.354105929947987619e+00
2.649999999999999911e+00,0.000000000000000000e+00,6.778303051937745183e-01,-6.778303051937745183e-01,-4.407766900787020603e+00
2.660000000000000142e+00,0.000000000000000000e+00,6.865227696327146356e-01,-6.865227696327146356e-01,-4.461991443305915794e+00
2.669999999999999929e+00,0.000000000000000000e+00,6.953172198649842928e-01,-6.953172198649842928e-01,-4.516783518967189437e+00
2.680000000000000160e+00,0.000000000000000000e+00,7.042145835680477806e-01,-7.042145835680477806e-01,-4.572147124966616794e+00
2.689999999999999947e+00,0.000000000000000000e+00,7.132157918415928943e-01,-7.132157918415928943e-01,-4.628086298554602074e+00
2.700000000000000178e+00,0.000000000000000000e+00,7.223217792818612537e-01,-7.223217792818612537e-01,-4.684605121619151546e+00
2.709999999999999964e+00,0.000000000000000000e+00,7.315334840708447306e-01,-7.315334840708447306e-01,-4.741707725536508100e+00
2.720000000000000195e+00,0.000000000000000000e+00,7.408518480811527862e-01,-7.408518480811527862e-01,-4.799398296294743460e+00
2.729999999999999982e+00,0.000000000000000000e+00,7.502778169973652878e-01,-7.502778169973652878e-01,-4.857681079894613951e+00
2.740000000000000213e+00,0.000000000000000000e+00,7.598123404546978099e-01,-7.598123404546978099e-01,-4.916560388032824136e+00
2.750000000000000000e+00,0.000000000000000000e+00,7.694563721958153080e-01,-7.694563721958153080e-01,-4.976040604071769735e+00
2.760000000000000231e+00,0.000000000000000000e+00,7.792108702466391534e-01,-7.792108702466391534e-01,-5.036126189299912070e+00
2.770000000000000018e+00,0.000000000000000000e+00,7.890767971120011826e-01,-7.890767971120011826e-01,-5.096821689486834117e+00
2.780000000000000249e+00,0.000000000000000000e+00,7.990551199920046255e-01,-7.990551199920046255e-01,-5.158131741736266207e+00
2.790000000000000036e+00,0.000000000000000000e+00,8.091468110199566688e-01,-8.091468110199566688e-01,-5.220061081639997269e+00
2.800000000000000266e+00,0.000000000000000000e+00,8.193528475227447316e-01,-8.193528475227447316e-01,-5.282614550736340675e+00
2.810000000000000053e+00,0.000000000000000000e+00,8.296742123045287576e-01,-8.296742123045287576e-01,-5.345797104274647715e+00
2.819999999999999840e+00,0.000000000000000000e+00,8.401118939546279307e-01,-8.401118939546279307e-01,-5.409613819289199377e+00
2.830000000000000071e+00,0.000000000000000000e+00,8.506668871804768939e-01,-8.506668871804768939e-01,-5.474069902982872549e+00
2.839999999999999858e+00,0.000000000000000000e+00,8.613401931665299882e-01,-8.613401931665299882e-01,-5.539170701423117293e+00
2.850000000000000089e+00,0.000000000000000000e+00,8.721328199599900355e-01,-8.721328199599900355e-01,-5.604921708551083626e+00
2.859999999999999876e+00,0.000000000000000000e+00,8.830457828842341872e-01,-8.830457828842341872e-01,-5.671328575504118064e+00
2.870000000000000107e+00,0.000000000000000000e+00,8.940801049808065892e-01,-8.940801049808065892e-01,-5.738397120252260564e+00
2.879999999999999893e+00,0.000000000000000000e+00,9.052368174808445023e-01,-9.052368174808445023e-01,-5.806133337549258755e+00
2.890000000000000124e+00,0.000000000000000000e+00,9.165169603067919724e-01,-9.165169603067919724e-01,-5.874543409195648991e+00
2.899999999999999911e+00,0.000000000000000000e+00,9.279215826052573668e-01,-9.279215826052573668e-01,-5.943633714616154862e+00
2.910000000000000142e+00,0.000000000000000000e+00,9.394517433118531047e-01,-9.394517433118531047e-01,-6.013410841747229618e+00
2.919999999999999929e+00,0.000000000000000000e+00,9.511085117488513596e-01,-9.511085117488513596e-01,-6.083881598234864185e+00
2.930000000000000160e+00,0.000000000000000000e+00,9.628929682564768555e-01,-9.628929682564768555e-01,-6.155053022940188967e+00
2.939999999999999947e+00,0.000000000000000000e+00,9.748062048586445538e-01,-9.748062048586445538e-01,-6.226932397750220005e+00
2.950000000000000178e+00,0.000000000000000000e+00,9.868493259639388171e-01,-9.868493259639388171e-01,-6.299527259691748426e+00
2.959999999999999964e+00,0.000000000000000000e+00,9.990234491026116492e-01,-9.990234491026116492e-01,-6.372845413343902088e+00
2.970000000000000195e+00,0.000000000000000000e+00,1.011329705700364290e+00,-1.011329705700364290e+00,-6.446894943546750412e+00
2.979999999999999982e+00,0.000000000000000000e+00,1.023769241889658677e+00,-1.023769241889658677e+00,-6.521684228401838368e+00
2.990000000000000213e+00,0.000000000000000000e+00,1.036343219359280310e+00,-1.036343219359280310e+00,-6.597221952558302682e+00
3.000000000000000000e+00,0.000000000000000000e+00,1.049052816242862729e+00,-1.049052816242862729e+00,-6.673517120782523904e+00
3.010000000000000231e+00,0.000000000000000000e+00,1.061899228047047394e+00,-1.061899228047047394e+00,-6.750579071801295683e+00
3.020000000000000018e+00,0.000000000000000000e+00,1.074883668619939892e+00,-1.074883668619939892e+00,-6.828417492415951529e+00
3.030000000000000249e+00,0.000000000000000000e+00,1.088007371160487180e+00,-1.088007371160487180e+00,-6.907042431877485456e+00
3.040000000000000036e+00,0.000000000000000000e+00,1.101271589269370965e+00,-1.101271589269370965e+00,-6.986464316514759076e+00
3.050000000000000266e+00,0.000000000000000000e+00,1.114677598041982520e+00,-1.114677598041982520e+00,-7.066693964607821954e+00
3.060000000000000053e+00,0.000000000000000000e+00,1.128226695204000540e+00,-1.128226695204000540e+00,-7.147742601493927594e+00
3.070000000000000284e+00,0.000000000000000000e+00,1.141920202290056308e+00,-1.141920202290056308e+00,-7.229621874895830302e+00
3.080000000000000071e+00,0.000000000000000000e+00,1.155759465865920932e+00,-1.155759465865920932e+00,-7.312343870458037465e+00
3.089999999999999858e+00,0.000000000000000000e+00,1.169745858794598581e+00,-1.169745858794598581e+00,-7.395921127476246859e+00
3.100000000000000089e+00,0.000000000000000000e+00,1.183880781546647887e+00,-1.183880781546647887e+00,-7.480366654801671622e+00
3.109999999999999876e+00,0.000000000000000000e+00,1.198165663554987992e+00,-1.198165663554987992e+00,-7.565693946900664102e+00
3.120000000000000107e+00,0.000000000000000000e+00,1.212601964614373307e+00,-1.212601964614373307e+00,-7.651917000047863127e+00
3.129999999999999893e+00,0.000000000000000000e+00,1.227191176325630240e+00,-1.227191176325630240e+00,-7.739050328625149966e+00
3.140000000000000124e+00,0.000000000000000000e+00,1.241934823584651681e+00,-1.241934823584651681e+00,-7.827108981496551543e+00
3.149999999999999911e+00,0.000000000000000000e+00,1.256834466116039550e+00,-1.256834466116039550e+00,-7.916108558426529385e+00
3.160000000000000142e+00,0.000000000000000000e+00,1.271891700051151819e+00,-1.271891700051151819e+00,-8.006065226500025389e+00
3.169999999999999929e+00,0.000000000000000000e+00,1.287108159550174102e+00,-1.287108159550174102e+00,-8.096995736501686025e+00
3.180000000000000160e+00,0.000000000000000000e+00,1.302485518467661141e+00,-1.302485518467661141e+00,-8.188917439199389747e+00
3.189999999999999947e+00,0.000000000000000000e+00,1.318025492060814985e+00,-1.318025492060814985e+00,-8.281848301475779550e+00
3.200000000000000178e+00,0.000000000000000000e+00,1.333729838739548867e+00,-1.333729838739548867e+00,-8.375806922238881569e+00
3.209999999999999964e+00,0.000000000000000000e+00,1.349600361857133501e+00,-1.349600361857133501e+00,-8.470812548031730671e+00
3.220000000000000195e+00,0.000000000000000000e+00,1.365638911539960088e+00,-1.365638911539960088e+00,-8.566885088257388148e+00
3.229999999999999982e+00,0.000000000000000000e+00,1.381847386554617474e+00,-1.381847386554617474e+00,-8.664045129911876586e+00
3.240000000000000213e+00,0.000000000000000000e+00,1.398227736210129635e+00,-1.398227736210129635e+00,-8.762313951712592086e+00
3.250000000000000000e+00,0.000000000000000000e+00,1.414781962292782858e+00,-1.414781962292782858e+00,-8.861713537488606462e+00
3.260000000000000231e+00,0.000000000000000000e+00,1.431512121030505513e+00,-1.431512121030505513e+00,-8.962266588682993529e+00
3.270000000000000018e+00,0.000000000000000000e+00,1.448420325083223270e+00,-1.448420325083223270e+00,-9.063996535793512166e+00
3.280000000000000249e+00,0.000000000000000000e+00,1.465508745555011538e+00,-1.465508745555011538e+00,-9.166927548557994854e+00
3.290000000000000036e+00,0.000000000000000000e+00,1.482779614023179704e+00,-1.482779614023179704e+00,-9.271084544662739901e+00
3.300000000000000266e+00,0.000000000000000000e+00,1.500235224578638782e+00,-1.500235224578638782e+00,-9.376493196721140677e+00
3.310000000000000053e+00,0.000000000000000000e+00,1.517877935871025041e+00,-1.517877935871025041e+00,-9.483179937238331192e+00
3.320000000000000284e+00,0.000000000000000000e+00,1.535710173151058289e+00,-1.535710173151058289e+00,-9.591171961240224419e+00
3.330000000000000071e+00,0.000000000000000000e+00,1.553734430301479064e+00,-1.553734430301479064e+00,-9.700497226199615852e+00
3.339999999999999858e+00,0.000000000000000000e+00,1.570796326794896558e+00,-1.570796326794896558e+00,-9.445257782714614692e+00
3.350000000000000089e+00,0.000000000000000000e+00,1.570796326794896558e+00,-1.570796326794896558e+00,-4.097175786099191086e+00
3.359999999999999876e+00,0.000000000000000000e+00,1.570796326794896558e+00,-1.570796326794896558e+00,-4.126308386020081542e+00
3.370000000000000107e+00,0.000000000000000000e+00,1.570796326794896558e+00,-1.570796326794896558e+00,-4.155440985940971999e+00
3.379999999999999893e+00,0.000000000000000000e+00,1.570796326794896558e+00,-1.570796326794896558e+00,-4.184573585861862455e+00
3.390000000000000124e+00,0.000000000000000000e+00,1.570796326794896558e+00,-1.570796326794896558e+00,-4.213706185782752911e+00
3.399999999999999911e+00,0.000000000000000000e+00,1.570796326794896558e+00,-1.570796326794896558e+00,-4.242838785703643367e+00
3.410000000000000142e+00,0.000000000000000000e+00,1.570796326794896558e+00,-1.570796326794896558e+00,-4.271971385624534712e+00
3.419999999999999929e+00,0.000000000000000000e+00,1.570796326794896558e+00,-1.570796326794896558e+00,-4.301103985545425168e+00
3.430000000000000160e+00,0.000000000000000000e+00,1.570796326794896558e+00,-1.570796326794896558e+00,-4.330236585466315624e+00
3.439999999999999947e+00,0.000000000000000000e+00,1.570796326794896558e+00,-1.570796326794896558e+00,-4.359369185387206080e+00
3.450000000000000178e+00,0.000000000000000000e+00,1.570796326794896558e+00,-1.570796326794896558e+00,-4.388501785308096537e+00
3.459999999999999964e+00,0.000000000000000000e+00,1.570796326794896558e+00,-1.570796326794896558e+00,-4.417634385228986993e+00
3.470000000000000195e+00,0.000000000000000000e+00,1.570796326794896558e+00,-1.570796326794896558e+00,-4.446766985149877449e+00
3.479999999999999982e+00,0.000000000000000000e+00,1.570796326794896558e+00,-1.570796326794896558e+00,-4.475899585070767905e+00
3.490000000000000213e+00,0.000000000000000000e+00,1.570796326794896558e+00,-1.570796326794896558e+00,-4.505032184991658362e+00
3.500000000000000000e+00,0.000000000000000000e+00,1.570796326794896558e+00,-1.570796326794896558e+00,-4.534164784912548818e+00
3.510000000000000231e+00,0.000000000000000000e+00,1.570796326794896558e+00,-1.570796326794896558e+00,-4.563297384833440162e+00
3.520000000000000018e+00,0.000000000000000000e+00,1.570796326794896558e+00,-1.570796326794896558e+00,-4.592429984754330619e+00
3.530000000000000249e+00,0.000000000000000000e+00,1.570796326794896558e+00,-1.570796326794896558e+00,-4.621562584675221075e+00
3.540000000000000036e+00,0.000000000000000000e+00,1.570796326794896558e+00,-1.570796326794896558e+00,-4.650695184596111531e+00
3.550000000000000266e+00,0.000000000000000000e+00,1.570796326794896558e+00,-1.570796326794896558e+00,-4.679827784517001987e+00
3.560000000000000053e+00,0.000000000000000000e+00,1.570796326794896558e+00,-1.570796326794896558e+00,-4.708960384437892444e+00
3.570000000000000284e+00,0.000000000000000000e+00,1.570796326794896558e+00,-1.570796326794896558e+00,-4.738092984358782900e+00
3.580000000000000071e+00,0.000000000000000000e+00,1.570796326794896558e+00,-1.570796326794896558e+00,-4.767225584279673356e+00
3.589999999999999858e+00,0.000000000000000000e+00,1.570796326794896558e+00,-1.570796326794896558e+00,-4.796358184200563812e+00
3.600000000000000089e+00,0.000000000000000000e+00,1.570796326794896558e+00,-1.570796326794896558e+00,-4.825490784121455157e+00
3.609999999999999876e+00,0.000000000000000000e+00,1.570796326794896558e+00,-1.570796326794896558e+00,-4.854623384042345613e+00
3.620000000000000107e+00,0.000000000000000000e+00,1.570796326794896558e+00,-1.570796326794896558e+00,-4.883755983963236069e+00
3.629999999999999893e+00,0.000000000000000000e+00,1.570796326794896558e+00,-1.570796326794896558e+00,-4.912888583884126525e+00
3.640000000000000124e+00,0.000000000000000000e+00,1.570796326794896558e+00,-1.570796326794896558e+00,-4.942021183805016982e+00
3.649999999999999911e+00,0.000000000000000000e+00,1.570796326794896558e+00,-1.570796326794896558e+00,-4.971153783725907438e+00
3.660000000000000142e+00,0.000000000000000000e+00,1.570796326794896558e+00,-1.570796326794896558e+00,-5.000286383646797894e+00
3.669999999999999929e+00,0.000000000000000000e+00,1.570796326794896558e+00,-1.570796326794896558e+00,-5.029418983567688350e+00
3.680000000000000160e+00,0.000000000000000000e+00,1.570796326794896558e+00,-1.570796326794896558e+00,-5.058551583488578807e+00
3.689999999999999947e+00,0.000000000000000000e+00,1.570796326794896558e+00,-1.570796326794896558e+00,-5.087684183409469263e+00
3.700000000000000178e+00,0.000000000000000000e+00,1.570796326794896558e+00,-1.570796326794896558e+00,-5.116816783330360607e+00
3.709999999999999964e+00,0.000000000000000000e+00,1.570796326794896558e+00,-1.570796326794896558e+00,-5.145949383251251064e+00
3.720000000000000195e+00,0.000000000000000000e+00,1.570796326794896558e+00,-1.570796326794896558e+00,-5.175081983172141520e+00
3.729999999999999982e+00,0.000000000000000000e+00,1.570796326794896558e+00,-1.570796326794896558e+00,-5.204214583093031976e+00
3.740000000000000213e+00,0.000000000000000000e+00,1.570796326794896558e+00,-1.570796326794896558e+00,-5.233347183013922432e+00
3.750000000000000000e+00,0.000000000000000000e+00,1.570796326794896558e+00,-1.570796326794896558e+00,-5.262479782934812889e+00
3.760000000000000231e+00,0.000000000000000000e+00,1.570796326794896558e+00,-1.570796326794896558e+00,-5.291612382855703345e+00
3.770000000000000018e+00,0.000000000000000000e+00,1.570796326794896558e+00,-1.570796326794896558e+00,-5.320744982776593801e+00
3.780000000000000249e+00,0.000000000000000000e+00,1.570796326794896558e+00,-1.570796326794896558e+00,-5.349877582697484257e+00
3.790000000000000036e+00,0.000000000000000000e+00,1.570796326794896558e+00,-1.570796326794896558e+00,-5.379010182618375602e+00
3.800000000000000266e+00,0.000000000000000000e+00,1.570796326794896558e+00,-1.570796326794896558e+00,-5.408142782539266058e+00
3.810000000000000053e+00,0.000000000000000000e+00,1.570796326794896558e+00,-1.570796326794896558e+00,-5.437275382460156514e+00
3.820000000000000284e+00,0.000000000000000000e+00,1.570796326794896558e+00,-1.570796326794896558e+00,-5.466407982381046970e+00
3.830000000000000071e+00,0.000000000000000000e+00,1.570796326794896558e+00,-1.570796326794896558e+00,-5.495540582301937427e+00
3.839999999999999858e+00,0.000000000000000000e+00,1.570796326794896558e+00,-1.570796326794896558e+00,-5.524673182222827883e+00
3.850000000000000089e+00,0.000000000000000000e+00,1.570796326794896558e+00,-1.570796326794896558e+00,-5.553805782143719227e+00
3.859999999999999876e+00,0.000000000000000000e+00,1.570796326794896558e+00,-1.570796326794896558e+00,-5.582938382064609684e+00
3.870000000000000107e+00,0.000000000000000000e+00,1.570796326794896558e+00,-1.570796326794896558e+00,-5.612070981985500140e+00
3.879999999999999893e+00,0.000000000000000000e+00,1.570796326794896558e+00,-1.570796326794896558e+00,-5.641203581906390596e+00
3.890000000000000124e+00,0.000000000000000000e+00,1.570796326794896558e+00,-1.570796326794896558e+00,-5.670336181827281052e+00
3.899999999999999911e+00,0.000000000000000000e+00,1.570796326794896558e+00,-1.570796326794896558e+00,-5.699468781748171509e+00
3.910000000000000142e+00,0.000000000000000000e+00,1.570796326794896558e+00,-1.570796326794896558e+00,-5.728601381669061965e+00
3.919999999999999929e+00,0.000000000000000000e+00,1.570796326794896558e+00,-1.570796326794896558e+00,-5.757733981589953309e+00
3.930000000000000160e+00,0.000000000000000000e+00,1.570796326794896558e+00,-1.570796326794896558e+00,-5.786866581510843766e+00
3.939999999999999947e+00,0.000000000000000000e+00,1.570796326794896558e+00,-1.570796326794896558e+00,-5.815999181431734222e+00
3.950000000000000178e+00,0.000000000000000000e+00,1.570796326794896558e+00,-1.570796326794896558e+00,-5.845131781352624678e+00
3.959999999999999964e+00,0.000000000000000000e+00,1.570796326794896558e+00,-1.570796326794896558e+00,-5.874264381273515134e+00
3.970000000000000195e+00,0.000000000000000000e+00,1.570796326794896558e+00,-1.570796326794896558e+00,-5.903396981194405591e+00
3.979999999999999982e+00,0.000000000000000000e+00,1.570796326794896558e+00,-1.570796326794896558e+00,-5.932529581115296047e+00
3.990000000000000213e+00,0.000000000000000000e+00,1.570796326794896558e+00,-1.570796326794896558e+00,-5.961662181036186503e+00
4.000000000000000000e+00,0.000000000000000000e+00,1.570796326794896558e+00,-1.570796326794896558e+00,-5.990794780957076959e+00
4.009999999999999787e+00,0.000000000000000000e+00,1.570796326794896558e+00,-1.570796326794896558e+00,-6.019927380877968304e+00
4.020000000000000462e+00,0.000000000000000000e+00,1.570796326794896558e+00,-1.570796326794896558e+00,-6.049059980798858760e+00
4.030000000000000249e+00,0.000000000000000000e+00,1.570796326794896558e+00,-1.570796326794896558e+00,-6.078192580719749216e+00
4.040000000000000036e+00,0.000000000000000000e+00,1.570796326794896558e+00,-1.570796326794896558e+00,-6.107325180640639672e+00
4.049999999999999822e+00,0.000000000000000000e+00,1.570796326794896558e+00,-1.570796326794896558e+00,-6.136457780561530129e+00
4.060000000000000497e+00,0.000000000000000000e+00,1.570796326794896558e+00,-1.570796326794896558e+00,-6.165590380482420585e+00
4.070000000000000284e+00,0.000000000000000000e+00,1.570796326794896558e+00,-1.570796326794896558e+00,-6.194722980403311041e+00
4.080000000000000071e+00,0.000000000000000000e+00,1.570796326794896558e+00,-1.570796326794896558e+00,-6.223855580324201497e+00
4.089999999999999858e+00,0.000000000000000000e+00,1.570796326794896558e+00,-1.570796326794896558e+00,-6.252988180245091954e+00
4.099999999999999645e+00,0.000000000000000000e+00,1.570796326794896558e+00,-1.570796326794896558e+00,-6.282120780165982410e+00
4.110000000000000320e+00,0.000000000000000000e+00,1.570796326794896558e+00,-1.570796326794896558e+00,-6.311253380086873754e+00
4.120000000000000107e+00,0.000000000000000000e+00,1.570796326794896558e+00,-1.570796326794896558e+00,-6.340385980007764211e+00
4.129999999999999893e+00,0.000000000000000000e+00,1.570796326794896558e+00,-1.570796326794896558e+00,-6.369518579928654667e+00
4.139999999999999680e+00,0.000000000000000000e+00,1.570796326794896558e+00,-1.570796326794896558e+00,-6.398651179849545123e+00
4.150000000000000355e+00,0.000000000000000000e+00,1.570796326794896558e+00,-1.570796326794896558e+00,-6.427783779770435579e+00
4.160000000000000142e+00,0.000000000000000000e+00,1.570796326794896558e+00,-1.570796326794896558e+00,-6.456916379691326036e+00
4.169999999999999929e+00,0.000000000000000000e+00,1.570796326794896558e+00,-1.570796326794896558e+00,-6.486048979612216492e+00
4.179999999999999716e+00,0.000000000000000000e+00,1.570796326794896558e+00,-1.570796326794896558e+00,-6.515181579533106948e+00
4.190000000000000391e+00,0.000000000000000000e+00,1.570796326794896558e+00,-1.570796326794896558e+00,-6.544314179453997404e+00
4.200000000000000178e+00,0.000000000000000000e+00,1.570796326794896558e+00,-1.570796326794896558e+00,-6.573446779374888749e+00
4.209999999999999964e+00,0.000000000000000000e+00,1.570796326794896558e+00,-1.570796326794896558e+00,-6.602579379295779205e+00
4.219999999999999751e+00,0.000000000000000000e+00,1.570796326794896558e+00,-1.570796326794896558e+00,-6.631711979216669661e+00
4.230000000000000426e+00,0.000000000000000000e+00,1.570796326794896558e+00,-1.570796326794896558e+00,-6.660844579137560117e+00
4.240000000000000213e+00,0.000000000000000000e+00,1.570796326794896558e+00,-1.570796326794896558e+00,-6.689977179058450574e+00
4.250000000000000000e+00,0.000000000000000000e+00,1.570796326794896558e+00,-1.570796326794896558e+00,-6.719109778979341030e+00
4.259999999999999787e+00,0.000000000000000000e+00,1.570796326794896558e+00,-1.570796326794896558e+00,-6.748242378900231486e+00
4.270000000000000462e+00,0.000000000000000000e+00,1.570796326794896558e+00,-1.570796326794896558e+00,-6.777374978821121942e+00
4.280000000000000249e+00,0.000000000000000000e+00,1.570796326794896558e+00,-1.570796326794896558e+00,-6.806507578742012399e+00
4.290000000000000036e+00,0.000000000000000000e+00,1.570796326794896558e+00,-1.570796326794896558e+00,-6.835640178662902855e+00
4.299999999999999822e+00,0.000000000000000000e+00,1.570796326794896558e+00,-1.570796326794896558e+00,-6.864772778583794199e+00
4.310000000000000497e+00,0.000000000000000000e+00,1.570796326794896558e+00,-1.570796326794896558e+00,-6.893905378504684656e+00
4.320000000000000284e+00,0.000000000000000000e+00,1.570796326794896558e+00,-1.570796326794896558e+00,-6.923037978425575112e+00
4.330000000000000071e+00,0.000000000000000000e+00,1.570796326794896558e+00,-1.570796326794896558e+00,-6.952170578346465568e+00
4.339999999999999858e+00,0.000000000000000000e+00,1.570796326794896558e+00,-1.570796326794896558e+00,-6.981303178267356024e+00
4.350000000000000533e+00,0.000000000000000000e+00,1.570796326794896558e+00,-1.570796326794896558e+00,-7.010435778188246481e+00
4.360000000000000320e+00,0.000000000000000000e+00,1.570796326794896558e+00,-1.570796326794896558e+00,-7.039568378109136937e+00
4.370000000000000107e+00,0.000000000000000000e+00,1.570796326794896558e+00,-1.570796326794896558e+00,-7.068700978030027393e+00
4.379999999999999893e+00,0.000000000000000000e+00,1.570796326794896558e+00,-1.570796326794896558e+00,-7.097833577950917849e+00
4.389999999999999680e+00,0.000000000000000000e+00,1.570796326794896558e+00,-1.570796326794896558e+00,-7.126966177871809194e+00
4.400000000000000355e+00,0.000000000000000000e+00,1.570796326794896558e+00,-1.570796326794896558e+00,-7.156098777792699650e+00
4.410000000000000142e+00,0.000000000000000000e+00,1.570796326794896558e+00,-1.570796326794896558e+00,-7.185231377713590106e+00
4.419999999999999929e+00,0.000000000000000000e+00,1.570796326794896558e+00,-1.570796326794896558e+00,-7.214363977634480563e+00
4.429999999999999716e+00,0.000000000000000000e+00,1.570796326794896558e+00,-1.570796326794896558e+00,-7.243496577555371019e+00
4.440000000000000391e+00,0.000000000000000000e+00,1.570796326794896558e+00,-1.570796326794896558e+00,-7.272629177476261475e+00
4.450000000000000178e+00,0.000000000000000000e+00,1.570796326794896558e+00,-1.570796326794896558e+00,-7.301761777397151931e+00
4.459999999999999964e+00,0.000000000000000000e+00,1.570796326794896558e+00,-1.570796326794896558e+00,-7.330894377318042388e+00
4.469999999999999751e+00,0.000000000000000000e+00,1.570796326794896558e+00,-1.570796326794896558e+00,-7.360026977238932844e+00
4.480000000000000426e+00,0.000000000000000000e+00,1.570796326794896558e+00,-1.570796326794896558e+00,-7.389159577159823300e+00
4.490000000000000213e+00,0.000000000000000000e+00,1.570796326794896558e+00,-1.570796326794896558e+00,-7.418292177080714644e+00
4.500000000000000000e+00,0.000000000000000000e+00,1.570796326794896558e+00,-1.570796326794896558e+00,-7.447424777001605101e+00
4.509999999999999787e+00,0.000000000000000000e+00,1.570796326794896558e+00,-1.570796326794896558e+00,-7.476557376922495557e+00
4.520000000000000462e+00,0.000000000000000000e+00,1.570796326794896558e+00,-1.570796326794896558e+00,-7.505689976843386013e+00
4.530000000000000249e+00,0.000000000000000000e+00,1.570796326794896558e+00,-1.570796326794896558e+00,-7.534822576764276469e+00
4.540000000000000036e+00,0.000000000000000000e+00,1.570796326794896558e+00,-1.570796326794896558e+00,-7.563955176685166926e+00
4.549999999999999822e+00,0.000000000000000000e+00,1.570796326794896558e+00,-1.570796326794896558e+00,-7.593087776606057382e+00
4.560000000000000497e+00,0.000000000000000000e+00,1.570796326794896558e+00,-1.570796326794896558e+00,-7.622220376526947838e+00
4.570000000000000284e+00,0.000000000000000000e+00,1.570796326794896558e+00,-1.570796326794896558e+00,-7.651352976447838294e+00
4.580000000000000071e+00,0.000000000000000000e+00,1.570796326794896558e+00,-1.570796326794896558e+00,-7.680485576368729639e+00
4.589999999999999858e+00,0.000000000000000000e+00,1.570796326794896558e+00,-1.570796326794896558e+00,-7.709618176289620095e+00
4.600000000000000533e+00,0.000000000000000000e+00,1.570796326794896558e+00,-1.570796326794896558e+00,-7.738750776210510551e+00
4.610000000000000320e+00,0.000000000000000000e+00,1.570796326794896558e+00,-1.570796326794896558e+00,-7.767883376131401008e+00
4.620000000000000107e+00,0.000000000000000000e+00,1.570796326794896558e+00,-1.570796326794896558e+00,-7.797015976052291464e+00
4.629999999999999893e+00,0.000000000000000000e+00,1.570796326794896558e+00,-1.570796326794896558e+00,-7.826148575973181920e+00
4.639999999999999680e+00,0.000000000000000000e+00,1.570796326794896558e+00,-1.570796326794896558e+00,-7.855281175894072376e+00
4.650000000000000355e+00,0.000000000000000000e+00,1.570796326794896558e+00,-1.570796326794896558e+00,-7.884413775814962833e+00
4.660000000000000142e+00,0.000000000000000000e+00,1.570796326794896558e+00,-1.570796326794896558e+00,-7.913546375735853289e+00
4.669999999999999929e+00,0.000000000000000000e+00,1.570796326794896558e+00,-1.570796326794896558e+00,-7.942678975656743745e+00
4.679999999999999716e+00,0.000000000000000000e+00,1.570796326794896558e+00,-1.570796326794896558e+00,-7.971811575577635089e+00
4.690000000000000391e+00,0.000000000000000000e+00,1.570796326794896558e+00,-1.570796326794896558e+00,-8.000944175498524658e+00
4.700000000000000178e+00,0.000000000000000000e+00,1.570796326794896558e+00,-1.570796326794896558e+00,-8.030076775419415114e+00
4.709999999999999964e+00,0.000000000000000000e+00,1.570796326794896558e+00,-1.570796326794896558e+00,-8.059209375340305570e+00
4.719999999999999751e+00,0.000000000000000000e+00,1.570796326794896558e+00,-1.570796326794896558e+00,-8.088341975261196026e+00
4.730000000000000426e+00,0.000000000000000000e+00,1.570796326794896558e+00,-1.570796326794896558e+00,-8.117474575182086483e+00
4.740000000000000213e+00,0.000000000000000000e+00,1.570796326794896558e+00,-1.570796326794896558e+00,-8.146607175102976939e+00
4.750000000000000000e+00,0.000000000000000000e+00,1.570796326794896558e+00,-1.570796326794896558e+00,-8.175739775023867395e+00
4.759999999999999787e+00,0.000000000000000000e+00,1.570796326794896558e+00,-1.570796326794896558e+00,-8.204872374944757851e+00
4.770000000000000462e+00,0.000000000000000000e+00,1.570796326794896558e+00,-1.570796326794896558e+00,-8.234004974865650084e+00
4.780000000000000249e+00,0.000000000000000000e+00,1.570796326794896558e+00,-1.570796326794896558e+00,-8.263137574786540540e+00
4.790000000000000036e+00,0.000000000000000000e+00,1.570796326794896558e+00,-1.570796326794896558e+00,-8.292270174707430996e+00
4.799999999999999822e+00,0.000000000000000000e+00,1.570796326794896558e+00,-1.570796326794896558e+00,-8.321402774628321453e+00
4.810000000000000497e+00,0.000000000000000000e+00,1.570796326794896558e+00,-1.570796326794896558e+00,-8.350535374549211909e+00
4.820000000000000284e+00,0.000000000000000000e+00,1.570796326794896558e+00,-1.570796326794896558e+00,-8.379667974470102365e+00
4.830000000000000071e+00,0.000000000000000000e+00,1.570796326794896558e+00,-1.570796326794896558e+00,-8.408800574390992821e+00
4.839999999999999858e+00,0.000000000000000000e+00,1.570796326794896558e+00,-1.570796326794896558e+00,-8.437933174311883278e+00
4.850000000000000533e+00,0.000000000000000000e+00,1.570796326794896558e+00,-1.570796326794896558e+00,-8.467065774232773734e+00
4.860000000000000320e+00,0.000000000000000000e+00,1.570796326794896558e+00,-1.570796326794896558e+00,-8.496198374153664190e+00
4.870000000000000107e+00,0.000000000000000000e+00,1.570796326794896558e+00,-1.570796326794896558e+00,-8.525330974074554646e+00
4.879999999999999893e+00,0.000000000000000000e+00,1.570796326794896558e+00,-1.570796326794896558e+00,-8.554463573995445103e+00
4.889999999999999680e+00,0.000000000000000000e+00,1.570796326794896558e+00,-1.570796326794896558e+00,-8.583596173916335559e+00
4.900000000000000355e+00,0.000000000000000000e+00,1.570796326794896558e+00,-1.570796326794896558e+00,-8.612728773837226015e+00
4.910000000000000142e+00,0.000000000000000000e+00,1.570796326794896558e+00,-1.570796326794896558e+00,-8.641861373758116471e+00
4.919999999999999929e+00,0.000000000000000000e+00,1.570796326794896558e+00,-1.570796326794896558e+00,-8.670993973679006928e+00
4.929999999999999716e+00,0.000000000000000000e+00,1.570796326794896558e+00,-1.570796326794896558e+00,-8.700126573599897384e+00
4.940000000000000391e+00,0.000000000000000000e+00,1.570796326794896558e+00,-1.570796326794896558e+00,-8.729259173520787840e+00
4.950000000000000178e+00,0.000000000000000000e+00,1.570796326794896558e+00,-1.570796326794896558e+00,-8.758391773441678296e+00
4.959999999999999964e+00,0.000000000000000000e+00,1.570796326794896558e+00,-1.570796326794896558e+00,-8.787524373362570529e+00
4.969999999999999751e+00,0.000000000000000000e+00,1.570796326794896558e+00,-1.570796326794896558e+00,-8.816656973283460985e+00
4.980000000000000426e+00,0.000000000000000000e+00,1.570796326794896558e+00,-1.570796326794896558e+00,-8.845789573204351441e+00
4.990000000000000213e+00,0.000000000000000000e+00,1.570796326794896558e+00,-1.570796326794896558e+00,-8.874922173125241898e+00
5.000000000000000000e+00,0.000000000000000000e+00,1.570796326794896558e+00,-1.570796326794896558e+00,-8.904054773046132354e+00
5.009999999999999787e+00,0.000000000000000000e+00,1.570796326794896558e+00,-1.570796326794896558e+00,-8.933187372967022810e+00
5.020000000000000462e+00,0.000000000000000000e+00,1.570796326794896558e+00,-1.570796326794896558e+00,-8.962319972887913266e+00
5.030000000000000249e+00,0.000000000000000000e+00,1.570796326794896558e+00,-1.570796326794896558e+00,-8.991452572808803723e+00
5.040000000000000036e+00,0.000000000000000000e+00,1.570796326794896558e+00,-1.570796326794896558e+00,-9.020585172729694179e+00
5.049999999999999822e+00,0.000000000000000000e+00,1.570796326794896558e+00,-1.570796326794896558e+00,-9.049717772650584635e+00
5.060000000000000497e+00,0.000000000000000000e+00,1.570796326794896558e+00,-1.570796326794896558e+00,-9.078850372571475091e+00
5.070000000000000284e+00,0.000000000000000000e+00,1.570796326794896558e+00,-1.570796326794896558e+00,-9.107982972492365548e+00
5.080000000000000071e+00,0.000000000000000000e+00,1.570796326794896558e+00,-1.570796326794896558e+00,-9.137115572413256004e+00
5.089999999999999858e+00,0.000000000000000000e+00,1.570796326794896558e+00,-1.570796326794896558e+00,-9.166248172334146460e+00
5.100000000000000533e+00,0.000000000000000000e+00,1.570796326794896558e+00,-1.570796326794896558e+00,-9.195380772255036916e+00
5.110000000000000320e+00,0.000000000000000000e+00,1.570796326794896558e+00,-1.570796326794896558e+00,-9.224513372175927373e+00
5.120000000000000107e+00,0.000000000000000000e+00,1.570796326794896558e+00,-1.570796326794896558e+00,-9.253645972096817829e+00
5.129999999999999893e+00,0.000000000000000000e+00,1.570796326794896558e+00,-1.570796326794896558e+00,-9.282778572017708285e+00
5.139999999999999680e+00,0.000000000000000000e+00,1.570796326794896558e+00,-1.570796326794896558e+00,-9.311911171938598741e+00
5.150000000000000355e+00,0.000000000000000000e+00,1.570796326794896558e+00,-1.570796326794896558e+00,-9.341043771859490974e+00
5.160000000000000142e+00,0.000000000000000000e+00,1.570796326794896558e+00,-1.570796326794896558e+00,-9.370176371780381430e+00
5.169999999999999929e+00,0.000000000000000000e+00,1.570796326794896558e+00,-1.570796326794896558e+00,-9.399308971701271886e+00
5.179999999999999716e+00,0.000000000000000000e+00,1.570796326794896558e+00,-1.570796326794896558e+00,-9.428441571622162343e+00
5.190000000000000391e+00,0.000000000000000000e+00,1.570796326794896558e+00,-1.570796326794896558e+00,-9.457574171543052799e+00
5.200000000000000178e+00,0.000000000000000000e+00,1.570796326794896558e+00,-1.570796326794896558e+00,-9.486706771463943255e+00
5.209999999999999964e+00,0.000000000000000000e+00,1.570796326794896558e+00,-1.570796326794896558e+00,-9.515839371384833711e+00
5.219999999999999751e+00,0.000000000000000000e+00,1.570796326794896558e+00,-1.570796326794896558e+00,-9.544971971305724168e+00
5.230000000000000426e+00,0.000000000000000000e+00,1.570796326794896558e+00,-1.570796326794896558e+00,-9.574104571226614624e+00
5.240000000000000213e+00,0.000000000000000000e+00,1.570796326794896558e+00,-1.570796326794896558e+00,-9.603237171147505080e+00
5.250000000000000000e+00,0.000000000000000000e+00,1.570796326794896558e+00,-1.570796326794896558e+00,-9.632369771068395536e+00
5.259999999999999787e+00,0.000000000000000000e+00,1.570796326794896558e+00,-1.570796326794896558e+00,-9.661502370989285993e+00
5.270000000000000462e+00,0.000000000000000000e+00,1.570796326794896558e+00,-1.570796326794896558e+00,-9.690634970910176449e+00
5.280000000000000249e+00,0.000000000000000000e+00,1.570796326794896558e+00,-1.570796326794896558e+00,-9.719767570831066905e+00
5.290000000000000036e+00,0.000000000000000000e+00,1.570796326794896558e+00,-1.570796326794896558e+00,-9.748900170751957361e+00
5.299999999999999822e+00,0.000000000000000000e+00,1.570796326794896558e+00,-1.570796326794896558e+00,-9.778032770672847818e+00
5.310000000000000497e+00,0.000000000000000000e+00,1.570796326794896558e+00,-1.570796326794896558e+00,-9.807165370593738274e+00
5.320000000000000284e+00,0.000000000000000000e+00,1.570796326794896558e+00,-1.570796326794896558e+00,-9.836297970514628730e+00
5.330000000000000071e+00,0.000000000000000000e+00,1.570796326794896558e+00,-1.570796326794896558e+00,-9.865430570435519186e+00
5.339999999999999858e+00,0.000000000000000000e+00,1.570796326794896558e+00,-1.570796326794896558e+00,-9.894563170356409643e+00
5.350000000000000533e+00,0.000000000000000000e+00,1.570796326794896558e+00,-1.570796326794896558e+00,-9.923695770277300099e+00
5.360000000000000320e+00,0.000000000000000000e+00,1.570796326794896558e+00,-1.570796326794896558e+00,-9.952828370198190555e+00
5.370000000000000107e+00,0.000000000000000000e+00,1.570796326794896558e+00,-1.570796326794896558e+00,-9.981960970119081011e+00
5.379999999999999893e+00,0.000000000000000000e+00,1.570796326794896558e+00,-1.570796326794896558e+00,-1.001109357003997147e+01
5.389999999999999680e+00,0.000000000000000000e+00,1.570796326794896558e+00,-1.570796326794896558e+00,-1.004022616996086370e+01
5.400000000000000355e+00,0.000000000000000000e+00,1.570796326794896558e+00,-1.570796326794896558e+00,-1.006935876988175416e+01
5.410000000000000142e+00,0.000000000000000000e+00,1.570796326794896558e+00,-1.570796326794896558e+00,-1.009849136980264461e+01
5.419999999999999929e+00,0.000000000000000000e+00,1.570796326794896558e+00,-1.570796326794896558e+00,-1.012762396972353507e+01
5.429999999999999716e+00,0.000000000000000000e+00,1.570796326794896558e+00,-1.570796326794896558e+00,-1.015675656964442553e+01
5.440000000000000391e+00,0.000000000000000000e+00,1.570796326794896558e+00,-1.570796326794896558e+00,-1.018588916956531598e+01
5.450000000000000178e+00,0.000000000000000000e+00,1.570796326794896558e+00,-1.570796326794896558e+00,-1.021502176948620644e+01
5.459999999999999964e+00,0.000000000000000000e+00,1.570796326794896558e+00,-1.570796326794896558e+00,-1.024415436940709689e+01
5.469999999999999751e+00,0.000000000000000000e+00,1.570796326794896558e+00,-1.570796326794896558e+00,-1.027328696932798735e+01
5.480000000000000426e+00,0.000000000000000000e+00,1.570796326794896558e+00,-1.570796326794896558e+00,-1.030241956924887781e+01
5.490000000000000213e+00,0.000000000000000000e+00,1.570796326794896558e+00,-1.570796326794896558e+00,-1.033155216916976826e+01
5.500000000000000000e+00,0.000000000000000000e+00,1.570796326794896558e+00,-1.570796326794896558e+00,-1.036068476909065872e+01
5.509999999999999787e+00,0.000000000000000000e+00,1.570796326794896558e+00,-1.570796326794896558e+00,-1.038981736901154918e+01
5.520000000000000462e+00,0.000000000000000000e+00,1.570796326794896558e+00,-1.570796326794896558e+00,-1.041894996893243963e+01
5.530000000000000249e+00,0.000000000000000000e+00,1.570796326794896558e+00,-1.570796326794896558e+00,-1.044808256885333009e+01
5.540000000000000036e+00,0.000000000000000000e+00,1.570796326794896558e+00,-1.570796326794896558e+00,-1.047721516877422054e+01
5.549999999999999822e+00,0.000000000000000000e+00,1.570796326794896558e+00,-1.570796326794896558e+00,-1.050634776869511100e+01
5.560000000000000497e+00,0.000000000000000000e+00,1.570796326794896558e+00,-1.570796326794896558e+00,-1.053548036861600146e+01
5.570000000000000284e+00,0.000000000000000000e+00,1.570796326794896558e+00,-1.570796326794896558e+00,-1.056461296853689191e+01
5.580000000000000071e+00,0.000000000000000000e+00,1.570796326794896558e+00,-1.570796326794896558e+00,-1.059374556845778415e+01
5.589999999999999858e+00,0.000000000000000000e+00,1.570796326794896558e+00,-1.570796326794896558e+00,-1.062287816837867460e+01
5.600000000000000533e+00,0.000000000000000000e+00,1.570796326794896558e+00,-1.570796326794896558e+00,-1.065201076829956506e+01
5.610000000000000320e+00,0.000000000000000000e+00,1.570796326794896558e+00,-1.570796326794896558e+00,-1.068114336822045551e+01
5.620000000000000107e+00,0.000000000000000000e+00,1.570796326794896558e+00,-1.570796326794896558e+00,-1.071027596814134597e+01
5.629999999999999893e+00,0.000000000000000000e+00,1.570796326794896558e+00,-1.570796326794896558e+00,-1.073940856806223643e+01
5.639999999999999680e+00,0.000000000000000000e+00,1.570796326794896558e+00,-1.570796326794896558e+00,-1.076854116798312688e+01
5.650000000000000355e+00,0.000000000000000000e+00,1.570796326794896558e+00,-1.570796326794896558e+00,-1.079767376790401734e+01
5.660000000000000142e+00,0.000000000000000000e+00,1.570796326794896558e+00,-1.570796326794896558e+00,-1.082680636782490780e+01
5.669999999999999929e+00,0.000000000000000000e+00,1.570796326794896558e+00,-1.570796326794896558e+00,-1.085593896774579825e+01
5.679999999999999716e+00,0.000000000000000000e+00,1.570796326794896558e+00,-1.570796326794896558e+00,-1.088507156766668871e+01
5.690000000000000391e+00,0.000000000000000000e+00,1.570796326794896558e+00,-1.570796326794896558e+00,-1.091420416758757916e+01
5.700000000000000178e+00,0.000000000000000000e+00,1.570796326794896558e+00,-1.570796326794896558e+00,-1.094333676750846962e+01
5.709999999999999964e+00,0.000000000000000000e+00,1.570796326794896558e+00,-1.570796326794896558e+00,-1.097246936742936008e+01
5.719999999999999751e+00,0.000000000000000000e+00,1.570796326794896558e+00,-1.570796326794896558e+00,-1.100160196735025053e+01
5.730000000000000426e+00,0.000000000000000000e+00,1.570796326794896558e+00,-1.570796326794896558e+00,-1.103073456727114099e+01
5.740000000000000213e+00,0.000000000000000000e+00,1.570796326794896558e+00,-1.570796326794896558e+00,-1.105986716719203145e+01
5.750000000000000000e+00,0.000000000000000000e+00,1.570796326794896558e+00,-1.570796326794896558e+00,-1.108899976711292190e+01
5.759999999999999787e+00,0.000000000000000000e+00,1.570796326794896558e+00,-1.570796326794896558e+00,-1.111813236703381236e+01
5.770000000000000462e+00,0.000000000000000000e+00,1.570796326794896558e+00,-1.570796326794896558e+00,-1.114726496695470459e+01
5.780000000000000249e+00,0.000000000000000000e+00,1.570796326794896558e+00,-1.570796326794896558e+00,-1.117639756687559505e+01
5.790000000000000036e+00,0.000000000000000000e+00,1.570796326794896558e+00,-1.570796326794896558e+00,-1.120553016679648550e+01
5.799999999999999822e+00,0.000000000000000000e+00,1.570796326794896558e+00,-1.570796326794896558e+00,-1.123466276671737596e+01
5.810000000000000497e+00,0.000000000000000000e+00,1.570796326794896558e+00,-1.570796326794896558e+00,-1.126379536663826642e+01
5.820000000000000284e+00,0.000000000000000000e+00,1.570796326794896558e+00,-1.570796326794896558e+00,-1.129292796655915687e+01
5.830000000000000071e+00,0.000000000000000000e+00,1.570796326794896558e+00,-1.570796326794896558e+00,-1.132206056648004733e+01
5.839999999999999858e+00,0.000000000000000000e+00,1.570796326794896558e+00,-1.570796326794896558e+00,-1.135119316640093778e+01
5.850000000000000533e+00,0.000000000000000000e+00,1.570796326794896558e+00,-1.570796326794896558e+00,-1.138032576632182824e+01
5.860000000000000320e+00,0.000000000000000000e+00,1.570796326794896558e+00,-1.570796326794896558e+00,-1.140945836624271870e+01
5.870000000000000107e+00,0.000000000000000000e+00,1.570796326794896558e+00,-1.570796326794896558e+00,-1.143859096616360915e+01
5.879999999999999893e+00,0.000000000000000000e+00,1.570796326794896558e+00,-1.570796326794896558e+00,-1.146772356608449961e+01
5.889999999999999680e+00,0.000000000000000000e+00,1.570796326794896558e+00,-1.570796326794896558e+00,-1.149685616600539007e+01
5.900000000000000355e+00,0.000000000000000000e+00,1.570796326794896558e+00,-1.570796326794896558e+00,-1.152598876592628052e+01
5.910000000000000142e+00,0.000000000000000000e+00,1.570796326794896558e+00,-1.570796326794896558e+00,-1.155512136584717098e+01
5.919999999999999929e+00,0.000000000000000000e+00,1.570796326794896558e+00,-1.570796326794896558e+00,-1.158425396576806143e+01
5.929999999999999716e+00,0.000000000000000000e+00,1.570796326794896558e+00,-1.570796326794896558e+00,-1.161338656568895189e+01
5.940000000000000391e+00,0.000000000000000000e+00,1.570796326794896558e+00,-1.570796326794896558e+00,-1.164251916560984235e+01
5.950000000000000178e+00,0.000000000000000000e+00,1.570796326794896558e+00,-1.570796326794896558e+00,-1.167165176553073280e+01
5.959999999999999964e+00,0.000000000000000000e+00,1.570796326794896558e+00,-1.570796326794896558e+00,-1.170078436545162504e+01
5.969999999999999751e+00,0.000000000000000000e+00,1.570796326794896558e+00,-1.570796326794896558e+00,-1.172991696537251549e+01
5.980000000000000426e+00,0.000000000000000000e+00,1.570796326794896558e+00,-1.570796326794896558e+00,-1.175904956529340595e+01
5.990000000000000213e+00,0.000000000000000000e+00,1.570796326794896558e+00,-1.570796326794896558e+00,-1.178818216521429640e+01
6.000000000000000000e+00,0.000000000000000000e+00,1.570796326794896558e+00,-1.570796326794896558e+00,-1.181731476513518686e+01
6.009999999999999787e+00,0.000000000000000000e+00,1.570796326794896558e+00,-1.570796326794896558e+00,-1.184644736505607732e+01
6.020000000000000462e+00,0.000000000000000000e+00,1.570796326794896558e+00,-1.570796326794896558e+00,-1.187557996497696777e+01
6.030000000000000249e+00,0.000000000000000000e+00,1.570796326794896558e+00,-1.570796326794896558e+00,-1.190471256489785823e+01
6.040000000000000036e+00,0.000000000000000000e+00,1.570796326794896558e+00,-1.570796326794896558e+00,-1.193384516481874869e+01
6.049999999999999822e+00,0.000000000000000000e+00,1.570796326794896558e+00,-1.570796326794896558e+00,-1.196297776473963914e+01
6.060000000000000497e+00,0.000000000000000000e+00,1.570796326794896558e+00,-1.570796326794896558e+00,-1.199211036466052960e+01
6.070000000000000284e+00,0.000000000000000000e+00,1.570796326794896558e+00,-1.570796326794896558e+00,-1.202124296458142005e+01
6.080000000000000071e+00,0.000000000000000000e+00,1.570796326794896558e+00,-1.570796326794896558e+00,-1.205037556450231051e+01
6.089999999999999858e+00,0.000000000000000000e+00,1.570796326794896558e+00,-1.570796326794896558e+00,-1.207950816442320097e+01
6.100000000000000533e+00,0.000000000000000000e+00,1.570796326794896558e+00,-1.570796326794896558e+00,-1.210864076434409142e+01
6.110000000000000320e+00,0.000000000000000000e+00,1.570796326794896558e+00,-1.570796326794896558e+00,-1.213777336426498188e+01
6.120000000000000107e+00,0.000000000000000000e+00,1.570796326794896558e+00,-1.570796326794896558e+00,-1.216690596418587234e+01
6.129999999999999893e+00,0.000000000000000000e+00,1.570796326794896558e+00,-1.570796326794896558e+00,-1.219603856410676279e+01
6.140000000000000568e+00,0.000000000000000000e+00,1.570796326794896558e+00,-1.570796326794896558e+00,-1.222517116402765325e+01
6.150000000000000355e+00,0.000000000000000000e+00,1.570796326794896558e+00,-1.570796326794896558e+00,-1.225430376394854548e+01
6.160000000000000142e+00,0.000000000000000000e+00,1.570796326794896558e+00,-1.570796326794896558e+00,-1.228343636386943594e+01
6.169999999999999929e+00,0.000000000000000000e+00,1.570796326794896558e+00,-1.570796326794896558e+00,-1.231256896379032639e+01
6.179999999999999716e+00,0.000000000000000000e+00,1.570796326794896558e+00,-1.570796326794896558e+00,-1.234170156371121685e+01
6.190000000000000391e+00,0.000000000000000000e+00,1.570796326794896558e+00,-1.570796326794896558e+00,-1.237083416363210731e+01
6.200000000000000178e+00,0.000000000000000000e+00,1.570796326794896558e+00,-1.570796326794896558e+00,-1.239996676355299776e+01
6.209999999999999964e+00,0.000000000000000000e+00,1.570796326794896558e+00,-1.570796326794896558e+00,-1.242909936347388822e+01
6.219999999999999751e+00,0.000000000000000000e+00,1.570796326794896558e+00,-1.570796326794896558e+00,-1.245823196339477867e+01
6.230000000000000426e+00,0.000000000000000000e+00,1.570796326794896558e+00,-1.570796326794896558e+00,-1.248736456331566913e+01
6.240000000000000213e+00,0.000000000000000000e+00,1.570796326794896558e+00,-1.570796326794896558e+00,-1.251649716323655959e+01
6.250000000000000000e+00,0.000000000000000000e+00,1.570796326794896558e+00,-1.570796326794896558e+00,-1.254562976315745004e+01
6.259999999999999787e+00,0.000000000000000000e+00,1.570796326794896558e+00,-1.570796326794896558e+00,-1.257476236307834050e+01
6.270000000000000462e+00,0.000000000000000000e+00,1.570796326794896558e+00,-1.570796326794896558e+00,-1.260389496299923096e+01
6.280000000000000249e+00,0.000000000000000000e+00,1.570796326794896558e+00,-1.570796326794896558e+00,-1.263302756292012141e+01
6.290000000000000036e+00,0.000000000000000000e+00,1.570796326794896558e+00,-1.570796326794896558e+00,-1.266216016284101187e+01
6.299999999999999822e+00,0.000000000000000000e+00,1.570796326794896558e+00,-1.570796326794896558e+00,-1.269129276276190232e+01
6.310000000000000497e+00,0.000000000000000000e+00,1.570796326794896558e+00,-1.570796326794896558e+00,-1.272042536268279278e+01
6.320000000000000284e+00,0.000000000000000000e+00,1.570796326794896558e+00,-1.570796326794896558e+00,-1.274955796260368324e+01
6.330000000000000071e+00,0.000000000000000000e+00,1.570796326794896558e+00,-1.570796326794896558e+00,-1.277869056252457369e+01
6.339999999999999858e+00,0.000000000000000000e+00,1.570796326794896558e+00,-1.570796326794896558e+00,-1.280782316244546593e+01
6.350000000000000533e+00,0.000000000000000000e+00,1.570796326794896558e+00,-1.570796326794896558e+00,-1.283695576236635638e+01
6.360000000000000320e+00,0.000000000000000000e+00,1.570796326794896558e+00,-1.570796326794896558e+00,-1.286608836228724684e+01
6.370000000000000107e+00,0.000000000000000000e+00,1.570796326794896558e+00,-1.570796326794896558e+00,-1.289522096220813729e+01
6.379999999999999893e+00,0.000000000000000000e+00,1.570796326794896558e+00,-1.570796326794896558e+00,-1.292435356212902775e+01
6.390000000000000568e+00,0.000000000000000000e+00,1.570796326794896558e+00,-1.570796326794896558e+00,-1.295348616204991821e+01
6.400000000000000355e+00,0.000000000000000000e+00,1.570796326794896558e+00,-1.570796326794896558e+00,-1.298261876197080866e+01
6.410000000000000142e+00,0.000000000000000000e+00,1.570796326794896558e+00,-1.570796326794896558e+00,-1.301175136189169912e+01
6.419999999999999929e+00,0.000000000000000000e+00,1.570796326794896558e+00,-1.570796326794896558e+00,-1.304088396181258958e+01
6.429999999999999716e+00,0.000000000000000000e+00,1.570796326794896558e+00,-1.570796326794896558e+00,-1.307001656173348003e+01
6.440000000000000391e+00,0.000000000000000000e+00,1.570796326794896558e+00,-1.570796326794896558e+00,-1.309914916165437049e+01
6.450000000000000178e+00,0.000000000000000000e+00,1.570796326794896558e+00,-1.570796326794896558e+00,-1.312828176157526094e+01
6.459999999999999964e+00,0.000000000000000000e+00,1.570796326794896558e+00,-1.570796326794896558e+00,-1.315741436149615140e+01
6.469999999999999751e+00,0.000000000000000000e+00,1.570796326794896558e+00,-1.570796326794896558e+00,-1.318654696141704186e+01
6.480000000000000426e+00,0.000000000000000000e+00,1.570796326794896558e+00,-1.570796326794896558e+00,-1.321567956133793231e+01
6.490000000000000213e+00,0.000000000000000000e+00,1.570796326794896558e+00,-1.570796326794896558e+00,-1.324481216125882277e+01
6.500000000000000000e+00,0.000000000000000000e+00,1.570796326794896558e+00,-1.570796326794896558e+00,-1.327394476117971323e+01
6.509999999999999787e+00,0.000000000000000000e+00,1.570796326794896558e+00,-1.570796326794896558e+00,-1.330307736110060368e+01
6.520000000000000462e+00,0.000000000000000000e+00,1.570796326794896558e+00,-1.570796326794896558e+00,-1.333220996102149414e+01
6.530000000000000249e+00,0.000000000000000000e+00,1.570796326794896558e+00,-1.570796326794896558e+00,-1.336134256094238637e+01
6.540000000000000036e+00,0.000000000000000000e+00,1.570796326794896558e+00,-1.570796326794896558e+00,-1.339047516086327683e+01
6.549999999999999822e+00,0.000000000000000000e+00,1.570796326794896558e+00,-1.570796326794896558e+00,-1.341960776078416728e+01
6.560000000000000497e+00,0.000000000000000000e+00,1.570796326794896558e+00,-1.570796326794896558e+00,-1.344874036070505774e+01
6.570000000000000284e+00,0.000000000000000000e+00,1.570796326794896558e+00,-1.570796326794896558e+00,-1.347787296062594820e+01
6.580000000000000071e+00,0.000000000000000000e+00,1.570796326794896558e+00,-1.570796326794896558e+00,-1.350700556054683865e+01
6.589999999999999858e+00,0.000000000000000000e+00,1.570796326794896558e+00,-1.570796326794896558e+00,-1.353613816046772911e+01
6.600000000000000533e+00,0.000000000000000000e+00,1.570796326794896558e+00,-1.570796326794896558e+00,-1.356527076038861956e+01
6.610000000000000320e+00,0.000000000000000000e+00,1.570796326794896558e+00,-1.570796326794896558e+00,-1.359440336030951002e+01
6.620000000000000107e+00,0.000000000000000000e+00,1.570796326794896558e+00,-1.570796326794896558e+00,-1.362353596023040048e+01
6.629999999999999893e+00,0.000000000000000000e+00,1.570796326794896558e+00,-1.570796326794896558e+00,-1.365266856015129093e+01
6.640000000000000568e+00,0.000000000000000000e+00,1.570796326794896558e+00,-1.570796326794896558e+00,-1.368180116007218139e+01
6.650000000000000355e+00,0.000000000000000000e+00,1.570796326794896558e+00,-1.570796326794896558e+00,-1.371093375999307185e+01
6.660000000000000142e+00,0.000000000000000000e+00,1.570796326794896558e+00,-1.570796326794896558e+00,-1.374006635991396230e+01
6.669999999999999929e+00,0.000000000000000000e+00,1.570796326794896558e+00,-1.570796326794896558e+00,-1.376919895983485276e+01
6.679999999999999716e+00,0.000000000000000000e+00,1.570796326794896558e+00,-1.570796326794896558e+00,-1.379833155975574321e+01
6.690000000000000391e+00,0.000000000000000000e+00,1.570796326794896558e+00,-1.570796326794896558e+00,-1.382746415967663367e+01
6.700000000000000178e+00,0.000000000000000000e+00,1.570796326794896558e+00,-1.570796326794896558e+00,-1.385659675959752413e+01
6.709999999999999964e+00,0.000000000000000000e+00,1.570796326794896558e+00,-1.570796326794896558e+00,-1.388572935951841458e+01
6.719999999999999751e+00,0.000000000000000000e+00,1.570796326794896558e+00,-1.570796326794896558e+00,-1.391486195943930682e+01
6.730000000000000426e+00,0.000000000000000000e+00,1.570796326794896558e+00,-1.570796326794896558e+00,-1.394399455936019727e+01
6.740000000000000213e+00,0.000000000000000000e+00,1.570796326794896558e+00,-1.570796326794896558e+00,-1.397312715928108773e+01
6.750000000000000000e+00,0.000000000000000000e+00,1.570796326794896558e+00,-1.570796326794896558e+00,-1.400225975920197818e+01
6.759999999999999787e+00,0.000000000000000000e+00,1.570796326794896558e+00,-1.570796326794896558e+00,-1.403139235912286864e+01
6.770000000000000462e+00,0.000000000000000000e+00,1.570796326794896558e+00,-1.570796326794896558e+00,-1.406052495904375910e+01
6.780000000000000249e+00,0.000000000000000000e+00,1.570796326794896558e+00,-1.570796326794896558e+00,-1.408965755896464955e+01
6.790000000000000036e+00,0.000000000000000000e+00,1.570796326794896558e+00,-1.570796326794896558e+00,-1.411879015888554001e+01
6.799999999999999822e+00,0.000000000000000000e+00,1.570796326794896558e+00,-1.570796326794896558e+00,-1.414792275880643047e+01
6.810000000000000497e+00,0.000000000000000000e+00,1.570796326794896558e+00,-1.570796326794896558e+00,-1.417705535872732092e+01
6.820000000000000284e+00,0.000000000000000000e+00,1.570796326794896558e+00,-1.570796326794896558e+00,-1.420618795864821138e+01
6.830000000000000071e+00,0.000000000000000000e+00,1.570796326794896558e+00,-1.570796326794896558e+00,-1.423532055856910183e+01
6.839999999999999858e+00,0.000000000000000000e+00,1.570796326794896558e+00,-1.570796326794896558e+00,-1.426445315848999229e+01
6.850000000000000533e+00,0.000000000000000000e+00,1.570796326794896558e+00,-1.570796326794896558e+00,-1.429358575841088275e+01
6.860000000000000320e+00,0.000000000000000000e+00,1.570796326794896558e+00,-1.570796326794896558e+00,-1.432271835833177320e+01
6.870000000000000107e+00,0.000000000000000000e+00,1.570796326794896558e+00,-1.570796326794896558e+00,-1.435185095825266366e+01
6.879999999999999893e+00,0.000000000000000000e+00,1.570796326794896558e+00,-1.570796326794896558e+00,-1.438098355817355412e+01
6.890000000000000568e+00,0.000000000000000000e+00,1.570796326794896558e+00,-1.570796326794896558e+00,-1.441011615809444457e+01
6.900000000000000355e+00,0.000000000000000000e+00,1.570796326794896558e+00,-1.570796326794896558e+00,-1.443924875801533503e+01
6.910000000000000142e+00,0.000000000000000000e+00,1.570796326794896558e+00,-1.570796326794896558e+00,-1.446838135793622726e+01
6.919999999999999929e+00,0.000000000000000000e+00,1.570796326794896558e+00,-1.570796326794896558e+00,-1.449751395785711772e+01
6.929999999999999716e+00,0.000000000000000000e+00,1.570796326794896558e+00,-1.570796326794896558e+00,-1.452664655777800817e+01
6.940000000000000391e+00,0.000000000000000000e+00,1.570796326794896558e+00,-1.570796326794896558e+00,-1.455577915769889863e+01
6.950000000000000178e+00,0.000000000000000000e+00,1.570796326794896558e+00,-1.570796326794896558e+00,-1.458491175761978909e+01
6.959999999999999964e+00,0.000000000000000000e+00,1.570796326794896558e+00,-1.570796326794896558e+00,-1.461404435754067954e+01
6.969999999999999751e+00,0.000000000000000000e+00,1.570796326794896558e+00,-1.570796326794896558e+00,-1.464317695746157000e+01
6.980000000000000426e+00,0.000000000000000000e+00,1.570796326794896558e+00,-1.570796326794896558e+00,-1.467230955738246045e+01
6.990000000000000213e+00,0.000000000000000000e+00,1.570796326794896558e+00,-1.570796326794896558e+00,-1.470144215730335091e+01
7.000000000000000000e+00,0.000000000000000000e+00,1.570796326794896558e+00,-1.570796326794896558e+00,-1.473057475722424137e+01
7.009999999999999787e+00,0.000000000000000000e+00,1.570796326794896558e+00,-1.570796326794896558e+00,-1.475970735714513182e+01
7.020000000000000462e+00,0.000000000000000000e+00,1.570796326794896558e+00,-1.570796326794896558e+00,-1.478883995706602228e+01
7.030000000000000249e+00,0.000000000000000000e+00,1.570796326794896558e+00,-1.570796326794896558e+00,-1.481797255698691274e+01
7.040000000000000036e+00,0.000000000000000000e+00,1.570796326794896558e+00,-1.570796326794896558e+00,-1.484710515690780319e+01
7.049999999999999822e+00,0.000000000000000000e+00,1.570796326794896558e+00,-1.570796326794896558e+00,-1.487623775682869365e+01
7.060000000000000497e+00,0.000000000000000000e+00,1.570796326794896558e+00,-1.570796326794896558e+00,-1.490537035674958410e+01
7.070000000000000284e+00,0.000000000000000000e+00,1.570796326794896558e+00,-1.570796326794896558e+00,-1.493450295667047456e+01
7.080000000000000071e+00,0.000000000000000000e+00,1.570796326794896558e+00,-1.570796326794896558e+00,-1.496363555659136502e+01
7.089999999999999858e+00,0.000000000000000000e+00,1.570796326794896558e+00,-1.570796326794896558e+00,-1.499276815651225547e+01
7.100000000000000533e+00,0.000000000000000000e+00,1.570796326794896558e+00,-1.570796326794896558e+00,-1.502190075643314771e+01
7.110000000000000320e+00,0.000000000000000000e+00,1.570796326794896558e+00,-1.570796326794896558e+00,-1.505103335635403816e+01
7.120000000000000107e+00,0.000000000000000000e+00,1.570796326794896558e+00,-1.570796326794896558e+00,-1.508016595627492862e+01
7.129999999999999893e+00,0.000000000000000000e+00,1.570796326794896558e+00,-1.570796326794896558e+00,-1.510929855619581907e+01
7.140000000000000568e+00,0.000000000000000000e+00,1.570796326794896558e+00,-1.570796326794896558e+00,-1.513843115611670953e+01
7.150000000000000355e+00,0.000000000000000000e+00,1.570796326794896558e+00,-1.570796326794896558e+00,-1.516756375603759999e+01
7.160000000000000142e+00,0.000000000000000000e+00,1.570796326794896558e+00,-1.570796326794896558e+00,-1.519669635595849044e+01
7.169999999999999929e+00,0.000000000000000000e+00,1.570796326794896558e+00,-1.570796326794896558e+00,-1.522582895587938090e+01
7.179999999999999716e+00,0.000000000000000000e+00,1.570796326794896558e+00,-1.570796326794896558e+00,-1.525496155580027136e+01
7.190000000000000391e+00,0.000000000000000000e+00,1.570796326794896558e+00,-1.570796326794896558e+00,-1.528409415572116181e+01
7.200000000000000178e+00,0.000000000000000000e+00,1.570796326794896558e+00,-1.570796326794896558e+00,-1.531322675564205227e+01
7.209999999999999964e+00,0.000000000000000000e+00,1.570796326794896558e+00,-1.570796326794896558e+00,-1.534235935556294272e+01
7.219999999999999751e+00,0.000000000000000000e+00,1.570796326794896558e+00,-1.570796326794896558e+00,-1.537149195548383318e+01
7.230000000000000426e+00,0.000000000000000000e+00,1.570796326794896558e+00,-1.570796326794896558e+00,-1.540062455540472364e+01
7.240000000000000213e+00,0.000000000000000000e+00,1.570796326794896558e+00,-1.570796326794896558e+00,-1.542975715532561409e+01
7.250000000000000000e+00,0.000000000000000000e+00,1.570796326794896558e+00,-1.570796326794896558e+00,-1.545888975524650455e+01
7.259999999999999787e+00,0.000000000000000000e+00,1.570796326794896558e+00,-1.570796326794896558e+00,-1.548802235516739501e+01
7.270000000000000462e+00,0.000000000000000000e+00,1.570796326794896558e+00,-1.570796326794896558e+00,-1.551715495508828546e+01
7.280000000000000249e+00,0.000000000000000000e+00,1.570796326794896558e+00,-1.570796326794896558e+00,-1.554628755500917592e+01
7.290000000000000036e+00,0.000000000000000000e+00,1.570796326794896558e+00,-1.570796326794896558e+00,-1.557542015493006815e+01
7.299999999999999822e+00,0.000000000000000000e+00,1.570796326794896558e+00,-1.570796326794896558e+00,-1.560455275485095861e+01
7.310000000000000497e+00,0.000000000000000000e+00,1.570796326794896558e+00,-1.570796326794896558e+00,-1.563368535477184906e+01
7.320000000000000284e+00,0.000000000000000000e+00,1.570796326794896558e+00,-1.570796326794896558e+00,-1.566281795469273952e+01
7.330000000000000071e+00,0.000000000000000000e+00,1.570796326794896558e+00,-1.570796326794896558e+00,-1.569195055461362998e+01
7.339999999999999858e+00,0.000000000000000000e+00,1.570796326794896558e+00,-1.570796326794896558e+00,-1.572108315453452043e+01
7.350000000000000533e+00,0.000000000000000000e+00,1.570796326794896558e+00,-1.570796326794896558e+00,-1.575021575445541089e+01
7.360000000000000320e+00,0.000000000000000000e+00,1.570796326794896558e+00,-1.570796326794896558e+00,-1.577934835437630134e+01
7.370000000000000107e+00,0.000000000000000000e+00,1.570796326794896558e+00,-1.570796326794896558e+00,-1.580848095429719180e+01
7.379999999999999893e+00,0.000000000000000000e+00,1.570796326794896558e+00,-1.570796326794896558e+00,-1.583761355421808226e+01
7.390000000000000568e+00,0.000000000000000000e+00,1.570796326794896558e+00,-1.570796326794896558e+00,-1.586674615413897271e+01
7.400000000000000355e+00,0.000000000000000000e+00,1.570796326794896558e+00,-1.570796326794896558e+00,-1.589587875405986317e+01
7.410000000000000142e+00,0.000000000000000000e+00,1.570796326794896558e+00,-1.570796326794896558e+00,-1.592501135398075363e+01
7.419999999999999929e+00,0.000000000000000000e+00,1.570796326794896558e+00,-1.570796326794896558e+00,-1.595414395390164408e+01
7.429999999999999716e+00,0.000000000000000000e+00,1.570796326794896558e+00,-1.570796326794896558e+00,-1.598327655382253454e+01
7.440000000000000391e+00,0.000000000000000000e+00,1.570796326794896558e+00,-1.570796326794896558e+00,-1.601240915374342677e+01
7.450000000000000178e+00,0.000000000000000000e+00,1.570796326794896558e+00,-1.570796326794896558e+00,-1.604154175366431545e+01
7.459999999999999964e+00,0.000000000000000000e+00,1.570796326794896558e+00,-1.570796326794896558e+00,-1.607067435358520768e+01
7.469999999999999751e+00,0.000000000000000000e+00,1.570796326794896558e+00,-1.570796326794896558e+00,-1.609980695350609636e+01
7.480000000000000426e+00,0.000000000000000000e+00,1.570796326794896558e+00,-1.570796326794896558e+00,-1.612893955342698860e+01
7.490000000000000213e+00,0.000000000000000000e+00,1.570796326794896558e+00,-1.570796326794896558e+00,-1.615807215334788083e+01
7.500000000000000000e+00,0.000000000000000000e+00,1.570796326794896558e+00,-1.570796326794896558e+00,-1.618720475326876951e+01
7.509999999999999787e+00,0.000000000000000000e+00,1.570796326794896558e+00,-1.570796326794896558e+00,-1.621633735318966174e+01
7.520000000000000462e+00,0.000000000000000000e+00,1.570796326794896558e+00,-1.570796326794896558e+00,-1.624546995311055042e+01
7.530000000000000249e+00,0.000000000000000000e+00,1.570796326794896558e+00,-1.570796326794896558e+00,-1.627460255303144265e+01
7.540000000000000036e+00,0.000000000000000000e+00,1.570796326794896558e+00,-1.570796326794896558e+00,-1.630373515295233133e+01
7.549999999999999822e+00,0.000000000000000000e+00,1.570796326794896558e+00,-1.570796326794896558e+00,-1.633286775287322357e+01
7.560000000000000497e+00,0.000000000000000000e+00,1.570796326794896558e+00,-1.570796326794896558e+00,-1.636200035279411225e+01
7.570000000000000284e+00,0.000000000000000000e+00,1.570796326794896558e+00,-1.570796326794896558e+00,-1.639113295271500448e+01
7.580000000000000071e+00,0.000000000000000000e+00,1.570796326794896558e+00,-1.570796326794896558e+00,-1.642026555263589316e+01
7.589999999999999858e+00,0.000000000000000000e+00,1.570796326794896558e+00,-1.570796326794896558e+00,-1.644939815255678539e+01
7.600000000000000533e+00,0.000000000000000000e+00,1.570796326794896558e+00,-1.570796326794896558e+00,-1.647853075247767407e+01
7.610000000000000320e+00,0.000000000000000000e+00,1.570796326794896558e+00,-1.570796326794896558e+00,-1.650766335239856630e+01
7.620000000000000107e+00,0.000000000000000000e+00,1.570796326794896558e+00,-1.570796326794896558e+00,-1.653679595231945498e+01
7.629999999999999893e+00,0.000000000000000000e+00,1.570796326794896558e+00,-1.570796326794896558e+00,-1.656592855224034722e+01
7.640000000000000568e+00,0.000000000000000000e+00,1.570796326794896558e+00,-1.570796326794896558e+00,-1.659506115216123945e+01
7.650000000000000355e+00,0.000000000000000000e+00,1.570796326794896558e+00,-1.570796326794896558e+00,-1.662419375208213168e+01
7.660000000000000142e+00,0.000000000000000000e+00,1.570796326794896558e+00,-1.570796326794896558e+00,-1.665332635200302391e+01
7.669999999999999929e+00,0.000000000000000000e+00,1.570796326794896558e+00,-1.570796326794896558e+00,-1.668245895192391615e+01
7.679999999999999716e+00,0.000000000000000000e+00,1.570796326794896558e+00,-1.570796326794896558e+00,-1.671159155184480838e+01
7.690000000000000391e+00,0.000000000000000000e+00,1.570796326794896558e+00,-1.570796326794896558e+00,-1.674072415176570061e+01
7.700000000000000178e+00,0.000000000000000000e+00,1.570796326794896558e+00,-1.570796326794896558e+00,-1.676985675168659284e+01
7.709999999999999964e+00,0.000000000000000000e+00,1.570796326794896558e+00,-1.570796326794896558e+00,-1.679898935160748508e+01
7.719999999999999751e+00,0.000000000000000000e+00,1.570796326794896558e+00,-1.570796326794896558e+00,-1.682812195152837731e+01
7.730000000000000426e+00,0.000000000000000000e+00,1.570796326794896558e+00,-1.570796326794896558e+00,-1.685725455144926954e+01
7.740000000000000213e+00,0.000000000000000000e+00,1.570796326794896558e+00,-1.570796326794896558e+00,-1.688638715137016177e+01
7.750000000000000000e+00,0.000000000000000000e+00,1.570796326794896558e+00,-1.570796326794896558e+00,-1.691551975129105401e+01
7.759999999999999787e+00,0.000000000000000000e+00,1.570796326794896558e+00,-1.570796326794896558e+00,-1.694465235121194624e+01
7.770000000000000462e+00,0.000000000000000000e+00,1.570796326794896558e+00,-1.570796326794896558e+00,-1.697378495113283847e+01
7.780000000000000249e+00,0.000000000000000000e+00,1.570796326794896558e+00,-1.570796326794896558e+00,-1.700291755105373070e+01
7.790000000000000036e+00,0.000000000000000000e+00,1.570796326794896558e+00,-1.570796326794896558e+00,-1.703205015097462294e+01
7.799999999999999822e+00,0.000000000000000000e+00,1.570796326794896558e+00,-1.570796326794896558e+00,-1.706118275089551517e+01
7.810000000000000497e+00,0.000000000000000000e+00,1.570796326794896558e+00,-1.570796326794896558e+00,-1.709031535081640740e+01
7.820000000000000284e+00,0.000000000000000000e+00,1.570796326794896558e+00,-1.570796326794896558e+00,-1.711944795073729964e+01
7.830000000000000071e+00,0.000000000000000000e+00,1.570796326794896558e+00,-1.570796326794896558e+00,-1.714858055065819187e+01
7.839999999999999858e+00,0.000000000000000000e+00,1.570796326794896558e+00,-1.570796326794896558e+00,-1.717771315057908410e+01
7.850000000000000533e+00,0.000000000000000000e+00,1.570796326794896558e+00,-1.570796326794896558e+00,-1.720684575049997633e+01
7.860000000000000320e+00,0.000000000000000000e+00,1.570796326794896558e+00,-1.570796326794896558e+00,-1.723597835042086857e+01
7.870000000000000107e+00,0.000000000000000000e+00,1.570796326794896558e+00,-1.570796326794896558e+00,-1.726511095034176080e+01
7.879999999999999893e+00,0.000000000000000000e+00,1.570796326794896558e+00,-1.570796326794896558e+00,-1.729424355026265303e+01
7.890000000000000568e+00,0.000000000000000000e+00,1.570796326794896558e+00,-1.570796326794896558e+00,-1.732337615018354526e+01
7.900000000000000355e+00,0.000000000000000000e+00,1.570796326794896558e+00,-1.570796326794896558e+00,-1.735250875010443750e+01
7.910000000000000142e+00,0.000000000000000000e+00,1.570796326794896558e+00,-1.570796326794896558e+00,-1.738164135002532973e+01
7.919999999999999929e+00,0.000000000000000000e+00,1.570796326794896558e+00,-1.570796326794896558e+00,-1.741077394994622196e+01
7.930000000000000604e+00,0.000000000000000000e+00,1.570796326794896558e+00,-1.570796326794896558e+00,-1.743990654986711419e+01
7.940000000000000391e+00,0.000000000000000000e+00,1.570796326794896558e+00,-1.570796326794896558e+00,-1.746903914978800643e+01
7.950000000000000178e+00,0.000000000000000000e+00,1.570796326794896558e+00,-1.570796326794896558e+00,-1.749817174970889866e+01
7.959999999999999964e+00,0.000000000000000000e+00,1.570796326794896558e+00,-1.570796326794896558e+00,-1.752730434962979089e+01
7.969999999999999751e+00,0.000000000000000000e+00,1.570796326794896558e+00,-1.570796326794896558e+00,-1.755643694955068312e+01
7.980000000000000426e+00,0.000000000000000000e+00,1.570796326794896558e+00,-1.570796326794896558e+00,-1.758556954947157536e+01
7.990000000000000213e+00,0.000000000000000000e+00,1.570796326794896558e+00,-1.570796326794896558e+00,-1.761470214939246759e+01
8.000000000000000000e+00,0.000000000000000000e+00,1.570796326794896558e+00,-1.570796326794896558e+00,-1.764383474931335982e+01
8.009999999999999787e+00,0.000000000000000000e+00,1.570796326794896558e+00,-1.570796326794896558e+00,-1.767296734923425205e+01
8.019999999999999574e+00,0.000000000000000000e+00,1.570796326794896558e+00,-1.570796326794896558e+00,-1.770209994915514429e+01
8.029999999999999361e+00,0.000000000000000000e+00,1.570796326794896558e+00,-1.570796326794896558e+00,-1.773123254907603297e+01
8.040000000000000924e+00,0.000000000000000000e+00,1.570796326794896558e+00,-1.570796326794896558e+00,-1.776036514899692875e+01
8.050000000000000711e+00,0.000000000000000000e+00,1.570796326794896558e+00,-1.570796326794896558e+00,-1.778949774891782099e+01
8.060000000000000497e+00,0.000000000000000000e+00,1.570796326794896558e+00,-1.570796326794896558e+00,-1.781863034883871322e+01
8.070000000000000284e+00,0.000000000000000000e+00,1.570796326794896558e+00,-1.570796326794896558e+00,-1.784776294875960545e+01
8.080000000000000071e+00,0.000000000000000000e+00,1.570796326794896558e+00,-1.570796326794896558e+00,-1.787689554868049768e+01
8.089999999999999858e+00,0.000000000000000000e+00,1.570796326794896558e+00,-1.570796326794896558e+00,-1.790602814860138992e+01
8.099999999999999645e+00,0.000000000000000000e+00,1.570796326794896558e+00,-1.570796326794896558e+00,-1.793516074852228215e+01
8.109999999999999432e+00,0.000000000000000000e+00,1.570796326794896558e+00,-1.570796326794896558e+00,-1.796429334844317438e+01
8.120000000000000995e+00,0.000000000000000000e+00,1.570796326794896558e+00,-1.570796326794896558e+00,-1.799342594836406661e+01
8.130000000000000782e+00,0.000000000000000000e+00,1.570796326794896558e+00,-1.570796326794896558e+00,-1.802255854828495885e+01
8.140000000000000568e+00,0.000000000000000000e+00,1.570796326794896558e+00,-1.570796326794896558e+00,-1.805169114820585108e+01
8.150000000000000355e+00,0.000000000000000000e+00,1.570796326794896558e+00,-1.570796326794896558e+00,-1.808082374812674331e+01
8.160000000000000142e+00,0.000000000000000000e+00,1.570796326794896558e+00,-1.570796326794896558e+00,-1.810995634804763554e+01
8.169999999999999929e+00,0.000000000000000000e+00,1.570796326794896558e+00,-1.570796326794896558e+00,-1.813908894796852778e+01
8.179999999999999716e+00,0.000000000000000000e+00,1.570796326794896558e+00,-1.570796326794896558e+00,-1.816822154788942001e+01
8.189999999999999503e+00,0.000000000000000000e+00,1.570796326794896558e+00,-1.570796326794896558e+00,-1.819735414781031224e+01
8.199999999999999289e+00,0.000000000000000000e+00,1.570796326794896558e+00,-1.570796326794896558e+00,-1.822648674773120447e+01
8.210000000000000853e+00,0.000000000000000000e+00,1.570796326794896558e+00,-1.570796326794896558e+00,-1.825561934765209671e+01
8.220000000000000639e+00,0.000000000000000000e+00,1.570796326794896558e+00,-1.570796326794896558e+00,-1.828475194757298894e+01
8.230000000000000426e+00,0.000000000000000000e+00,1.570796326794896558e+00,-1.570796326794896558e+00,-1.831388454749388117e+01
8.240000000000000213e+00,0.000000000000000000e+00,1.570796326794896558e+00,-1.570796326794896558e+00,-1.834301714741477340e+01
8.250000000000000000e+00,0.000000000000000000e+00,1.570796326794896558e+00,-1.570796326794896558e+00,-1.837214974733566564e+01
8.259999999999999787e+00,0.000000000000000000e+00,1.570796326794896558e+00,-1.570796326794896558e+00,-1.840128234725655787e+01
8.269999999999999574e+00,0.000000000000000000e+00,1.570796326794896558e+00,-1.570796326794896558e+00,-1.843041494717745010e+01
8.279999999999999361e+00,0.000000000000000000e+00,1.570796326794896558e+00,-1.570796326794896558e+00,-1.845954754709833878e+01
8.290000000000000924e+00,0.000000000000000000e+00,1.570796326794896558e+00,-1.570796326794896558e+00,-1.848868014701923101e+01
8.300000000000000711e+00,0.000000000000000000e+00,1.570796326794896558e+00,-1.570796326794896558e+00,-1.851781274694012325e+01
8.310000000000000497e+00,0.000000000000000000e+00,1.570796326794896558e+00,-1.570796326794896558e+00,-1.854694534686101548e+01
8.320000000000000284e+00,0.000000000000000000e+00,1.570796326794896558e+00,-1.570796326794896558e+00,-1.857607794678190771e+01
8.330000000000000071e+00,0.000000000000000000e+00,1.570796326794896558e+00,-1.570796326794896558e+00,-1.860521054670279995e+01
8.339999999999999858e+00,0.000000000000000000e+00,1.570796326794896558e+00,-1.570796326794896558e+00,-1.863434314662369218e+01
8.349999999999999645e+00,0.000000000000000000e+00,1.570796326794896558e+00,-1.570796326794896558e+00,-1.866347574654458441e+01
8.359999999999999432e+00,0.000000000000000000e+00,1.570796326794896558e+00,-1.570796326794896558e+00,-1.869260834646547664e+01
8.370000000000000995e+00,0.000000000000000000e+00,1.570796326794896558e+00,-1.570796326794896558e+00,-1.872174094638636888e+01
8.380000000000000782e+00,0.000000000000000000e+00,1.570796326794896558e+00,-1.570796326794896558e+00,-1.875087354630726111e+01
8.390000000000000568e+00,0.000000000000000000e+00,1.570796326794896558e+00,-1.570796326794896558e+00,-1.878000614622815334e+01
8.400000000000000355e+00,0.000000000000000000e+00,1.570796326794896558e+00,-1.570796326794896558e+00,-1.880913874614904557e+01
8.410000000000000142e+00,0.000000000000000000e+00,1.570796326794896558e+00,-1.570796326794896558e+00,-1.883827134606993781e+01
8.419999999999999929e+00,0.000000000000000000e+00,1.570796326794896558e+00,-1.570796326794896558e+00,-1.886740394599083004e+01
8.429999999999999716e+00,0.000000000000000000e+00,1.570796326794896558e+00,-1.570796326794896558e+00,-1.889653654591172227e+01
8.439999999999999503e+00,0.000000000000000000e+00,1.570796326794896558e+00,-1.570796326794896558e+00,-1.892566914583261450e+01
8.449999999999999289e+00,0.000000000000000000e+00,1.570796326794896558e+00,-1.570796326794896558e+00,-1.895480174575350674e+01
8.460000000000000853e+00,0.000000000000000000e+00,1.570796326794896558e+00,-1.570796326794896558e+00,-1.898393434567439897e+01
8.470000000000000639e+00,0.000000000000000000e+00,1.570796326794896558e+00,-1.570796326794896558e+00,-1.901306694559529120e+01
8.480000000000000426e+00,0.000000000000000000e+00,1.570796326794896558e+00,-1.570796326794896558e+00,-1.904219954551618343e+01
8.490000000000000213e+00,0.000000000000000000e+00,1.570796326794896558e+00,-1.570796326794896558e+00,-1.907133214543707567e+01
8.500000000000000000e+00,0.000000000000000000e+00,1.570796326794896558e+00,-1.570796326794896558e+00,-1.910046474535796790e+01
8.509999999999999787e+00,0.000000000000000000e+00,1.570796326794896558e+00,-1.570796326794896558e+00,-1.912959734527886013e+01
8.519999999999999574e+00,0.000000000000000000e+00,1.570796326794896558e+00,-1.570796326794896558e+00,-1.915872994519975236e+01
8.529999999999999361e+00,0.000000000000000000e+00,1.570796326794896558e+00,-1.570796326794896558e+00,-1.918786254512064460e+01
8.540000000000000924e+00,0.000000000000000000e+00,1.570796326794896558e+00,-1.570796326794896558e+00,-1.921699514504153683e+01
8.550000000000000711e+00,0.000000000000000000e+00,1.570796326794896558e+00,-1.570796326794896558e+00,-1.924612774496242906e+01
8.560000000000000497e+00,0.000000000000000000e+00,1.570796326794896558e+00,-1.570796326794896558e+00,-1.927526034488332130e+01
8.570000000000000284e+00,0.000000000000000000e+00,1.570796326794896558e+00,-1.570796326794896558e+00,-1.930439294480421353e+01
8.580000000000000071e+00,0.000000000000000000e+00,1.570796326794896558e+00,-1.570796326794896558e+00,-1.933352554472510576e+01
8.589999999999999858e+00,0.000000000000000000e+00,1.570796326794896558e+00,-1.570796326794896558e+00,-1.936265814464599799e+01
8.599999999999999645e+00,0.000000000000000000e+00,1.570796326794896558e+00,-1.570796326794896558e+00,-1.939179074456689023e+01
8.609999999999999432e+00,0.000000000000000000e+00,1.570796326794896558e+00,-1.570796326794896558e+00,-1.942092334448778246e+01
8.620000000000000995e+00,0.000000000000000000e+00,1.570796326794896558e+00,-1.570796326794896558e+00,-1.945005594440867469e+01
8.630000000000000782e+00,0.000000000000000000e+00,1.570796326794896558e+00,-1.570796326794896558e+00,-1.947918854432956692e+01
8.640000000000000568e+00,0.000000000000000000e+00,1.570796326794896558e+00,-1.570796326794896558e+00,-1.950832114425045916e+01
8.650000000000000355e+00,0.000000000000000000e+00,1.570796326794896558e+00,-1.570796326794896558e+00,-1.953745374417135139e+01
8.660000000000000142e+00,0.000000000000000000e+00,1.570796326794896558e+00,-1.570796326794896558e+00,-1.956658634409224362e+01
8.669999999999999929e+00,0.000000000000000000e+00,1.570796326794896558e+00,-1.570796326794896558e+00,-1.959571894401313585e+01
8.679999999999999716e+00,0.000000000000000000e+00,1.570796326794896558e+00,-1.570796326794896558e+00,-1.962485154393402809e+01
8.689999999999999503e+00,0.000000000000000000e+00,1.570796326794896558e+00,-1.570796326794896558e+00,-1.965398414385492032e+01
8.700000000000001066e+00,0.000000000000000000e+00,1.570796326794896558e+00,-1.570796326794896558e+00,-1.968311674377581255e+01
8.710000000000000853e+00,0.000000000000000000e+00,1.570796326794896558e+00,-1.570796326794896558e+00,-1.971224934369670478e+01
8.720000000000000639e+00,0.000000000000000000e+00,1.570796326794896558e+00,-1.570796326794896558e+00,-1.974138194361759702e+01
8.730000000000000426e+00,0.000000000000000000e+00,1.570796326794896558e+00,-1.570796326794896558e+00,-1.977051454353848925e+01
8.740000000000000213e+00,0.000000000000000000e+00,1.570796326794896558e+00,-1.570796326794896558e+00,-1.979964714345938148e+01
8.750000000000000000e+00,0.000000000000000000e+00,1.570796326794896558e+00,-1.570796326794896558e+00,-1.982877974338027371e+01
8.759999999999999787e+00,0.000000000000000000e+00,1.570796326794896558e+00,-1.570796326794896558e+00,-1.985791234330116595e+01
8.769999999999999574e+00,0.000000000000000000e+00,1.570796326794896558e+00,-1.570796326794896558e+00,-1.988704494322205818e+01
8.779999999999999361e+00,0.000000000000000000e+00,1.570796326794896558e+00,-1.570796326794896558e+00,-1.991617754314295041e+01
8.790000000000000924e+00,0.000000000000000000e+00,1.570796326794896558e+00,-1.570796326794896558e+00,-1.994531014306384265e+01
8.800000000000000711e+00,0.000000000000000000e+00,1.570796326794896558e+00,-1.570796326794896558e+00,-1.997444274298473488e+01
8.810000000000000497e+00,0.000000000000000000e+00,1.570796326794896558e+00,-1.570796326794896558e+00,-2.000357534290562711e+01
8.820000000000000284e+00,0.000000000000000000e+00,1.570796326794896558e+00,-1.570796326794896558e+00,-2.003270794282651934e+01
8.830000000000000071e+00,0.000000000000000000e+00,1.570796326794896558e+00,-1.570796326794896558e+00,-2.006184054274741158e+01
8.839999999999999858e+00,0.000000000000000000e+00,1.570796326794896558e+00,-1.570796326794896558e+00,-2.009097314266830381e+01
8.849999999999999645e+00,0.000000000000000000e+00,1.570796326794896558e+00,-1.570796326794896558e+00,-2.012010574258919604e+01
8.859999999999999432e+00,0.000000000000000000e+00,1.570796326794896558e+00,-1.570796326794896558e+00,-2.014923834251008827e+01
8.870000000000000995e+00,0.000000000000000000e+00,1.570796326794896558e+00,-1.570796326794896558e+00,-2.017837094243098051e+01
8.880000000000000782e+00,0.000000000000000000e+00,1.570796326794896558e+00,-1.570796326794896558e+00,-2.020750354235187274e+01
8.890000000000000568e+00,0.000000000000000000e+00,1.570796326794896558e+00,-1.570796326794896558e+00,-2.023663614227276497e+01
8.900000000000000355e+00,0.000000000000000000e+00,1.570796326794896558e+00,-1.570796326794896558e+00,-2.026576874219365720e+01
8.910000000000000142e+00,0.000000000000000000e+00,1.570796326794896558e+00,-1.570796326794896558e+00,-2.029490134211454944e+01
8.919999999999999929e+00,0.000000000000000000e+00,1.570796326794896558e+00,-1.570796326794896558e+00,-2.032403394203544167e+01
8.929999999999999716e+00,0.000000000000000000e+00,1.570796326794896558e+00,-1.570796326794896558e+00,-2.035316654195633390e+01
8.939999999999999503e+00,0.000000000000000000e+00,1.570796326794896558e+00,-1.570796326794896558e+00,-2.038229914187722613e+01
8.950000000000001066e+00,0.000000000000000000e+00,1.570796326794896558e+00,-1.570796326794896558e+00,-2.041143174179811837e+01
8.960000000000000853e+00,0.000000000000000000e+00,1.570796326794896558e+00,-1.570796326794896558e+00,-2.044056434171901060e+01
8.970000000000000639e+00,0.000000000000000000e+00,1.570796326794896558e+00,-1.570796326794896558e+00,-2.046969694163990283e+01
8.980000000000000426e+00,0.000000000000000000e+00,1.570796326794896558e+00,-1.570796326794896558e+00,-2.049882954156079506e+01
8.990000000000000213e+00,0.000000000000000000e+00,1.570796326794896558e+00,-1.570796326794896558e+00,-2.052796214148168730e+01
9.000000000000000000e+00,0.000000000000000000e+00,1.570796326794896558e+00,-1.570796326794896558e+00,-2.055709474140257953e+01
9.009999999999999787e+00,0.000000000000000000e+00,1.570796326794896558e+00,-1.570796326794896558e+00,-2.058622734132347176e+01
9.019999999999999574e+00,0.000000000000000000e+00,1.570796326794896558e+00,-1.570796326794896558e+00,-2.061535994124436399e+01
9.029999999999999361e+00,0.000000000000000000e+00,1.570796326794896558e+00,-1.570796326794896558e+00,-2.064449254116525623e+01
9.040000000000000924e+00,0.000000000000000000e+00,1.570796326794896558e+00,-1.570796326794896558e+00,-2.067362514108614846e+01
9.050000000000000711e+00,0.000000000000000000e+00,1.570796326794896558e+00,-1.570796326794896558e+00,-2.070275774100704069e+01
9.060000000000000497e+00,0.000000000000000000e+00,1.570796326794896558e+00,-1.570796326794896558e+00,-2.073189034092793293e+01
9.070000000000000284e+00,0.000000000000000000e+00,1.570796326794896558e+00,-1.570796326794896558e+00,-2.076102294084882516e+01
9.080000000000000071e+00,0.000000000000000000e+00,1.570796326794896558e+00,-1.570796326794896558e+00,-2.079015554076971739e+01
9.089999999999999858e+00,0.000000000000000000e+00,1.570796326794896558e+00,-1.570796326794896558e+00,-2.081928814069060962e+01
9.099999999999999645e+00,0.000000000000000000e+00,1.570796326794896558e+00,-1.570796326794896558e+00,-2.084842074061150186e+01
9.109999999999999432e+00,0.000000000000000000e+00,1.570796326794896558e+00,-1.570796326794896558e+00,-2.087755334053239409e+01
9.120000000000000995e+00,0.000000000000000000e+00,1.570796326794896558e+00,-1.570796326794896558e+00,-2.090668594045328632e+01
9.130000000000000782e+00,0.000000000000000000e+00,1.570796326794896558e+00,-1.570796326794896558e+00,-2.093581854037417855e+01
9.140000000000000568e+00,0.000000000000000000e+00,1.570796326794896558e+00,-1.570796326794896558e+00,-2.096495114029507079e+01
9.150000000000000355e+00,0.000000000000000000e+00,1.570796326794896558e+00,-1.570796326794896558e+00,-2.099408374021596302e+01
9.160000000000000142e+00,0.000000000000000000e+00,1.570796326794896558e+00,-1.570796326794896558e+00,-2.102321634013685525e+01
9.169999999999999929e+00,0.000000000000000000e+00,1.570796326794896558e+00,-1.570796326794896558e+00,-2.105234894005774748e+01
9.179999999999999716e+00,0.000000000000000000e+00,1.570796326794896558e+00,-1.570796326794896558e+00,-2.108148153997863972e+01
9.189999999999999503e+00,0.000000000000000000e+00,1.570796326794896558e+00,-1.570796326794896558e+00,-2.111061413989953195e+01
9.200000000000001066e+00,0.000000000000000000e+00,1.570796326794896558e+00,-1.570796326794896558e+00,-2.113974673982042418e+01
9.210000000000000853e+00,0.000000000000000000e+00,1.570796326794896558e+00,-1.570796326794896558e+00,-2.116887933974131641e+01
9.220000000000000639e+00,0.000000000000000000e+00,1.570796326794896558e+00,-1.570796326794896558e+00,-2.119801193966220865e+01
9.230000000000000426e+00,0.000000000000000000e+00,1.570796326794896558e+00,-1.570796326794896558e+00,-2.122714453958310088e+01
9.240000000000000213e+00,0.000000000000000000e+00,1.570796326794896558e+00,-1.570796326794896558e+00,-2.125627713950399311e+01
9.250000000000000000e+00,0.000000000000000000e+00,1.570796326794896558e+00,-1.570796326794896558e+00,-2.128540973942488534e+01
9.259999999999999787e+00,0.000000000000000000e+00,1.570796326794896558e+00,-1.570796326794896558e+00,-2.131454233934577758e+01
9.269999999999999574e+00,0.000000000000000000e+00,1.570796326794896558e+00,-1.570796326794896558e+00,-2.134367493926666626e+01
9.279999999999999361e+00,0.000000000000000000e+00,1.570796326794896558e+00,-1.570796326794896558e+00,-2.137280753918755849e+01
9.290000000000000924e+00,0.000000000000000000e+00,1.570796326794896558e+00,-1.570796326794896558e+00,-2.140194013910845072e+01
9.300000000000000711e+00,0.000000000000000000e+00,1.570796326794896558e+00,-1.570796326794896558e+00,-2.143107273902934296e+01
9.310000000000000497e+00,0.000000000000000000e+00,1.570796326794896558e+00,-1.570796326794896558e+00,-2.146020533895023519e+01
9.320000000000000284e+00,0.000000000000000000e+00,1.570796326794896558e+00,-1.570796326794896558e+00,-2.148933793887112742e+01
9.330000000000000071e+00,0.000000000000000000e+00,1.570796326794896558e+00,-1.570796326794896558e+00,-2.151847053879201965e+01
9.339999999999999858e+00,0.000000000000000000e+00,1.570796326794896558e+00,-1.570796326794896558e+00,-2.154760313871291189e+01
9.349999999999999645e+00,0.000000000000000000e+00,1.570796326794896558e+00,-1.570796326794896558e+00,-2.157673573863380412e+01
9.359999999999999432e+00,0.000000000000000000e+00,1.570796326794896558e+00,-1.570796326794896558e+00,-2.160586833855469635e+01
9.370000000000000995e+00,0.000000000000000000e+00,1.570796326794896558e+00,-1.570796326794896558e+00,-2.163500093847558858e+01
9.380000000000000782e+00,0.000000000000000000e+00,1.570796326794896558e+00,-1.570796326794896558e+00,-2.166413353839648082e+01
9.390000000000000568e+00,0.000000000000000000e+00,1.570796326794896558e+00,-1.570796326794896558e+00,-2.169326613831737305e+01
9.400000000000000355e+00,0.000000000000000000e+00,1.570796326794896558e+00,-1.570796326794896558e+00,-2.172239873823826528e+01
9.410000000000000142e+00,0.000000000000000000e+00,1.570796326794896558e+00,-1.570796326794896558e+00,-2.175153133815915751e+01
9.419999999999999929e+00,0.000000000000000000e+00,1.570796326794896558e+00,-1.570796326794896558e+00,-2.178066393808004975e+01
9.429999999999999716e+00,0.000000000000000000e+00,1.570796326794896558e+00,-1.570796326794896558e+00,-2.180979653800094198e+01
9.439999999999999503e+00,0.000000000000000000e+00,1.570796326794896558e+00,-1.570796326794896558e+00,-2.183892913792183421e+01
9.450000000000001066e+00,0.000000000000000000e+00,1.570796326794896558e+00,-1.570796326794896558e+00,-2.186806173784272644e+01
9.460000000000000853e+00,0.000000000000000000e+00,1.570796326794896558e+00,-1.570796326794896558e+00,-2.189719433776361868e+01
9.470000000000000639e+00,0.000000000000000000e+00,1.570796326794896558e+00,-1.570796326794896558e+00,-2.192632693768451091e+01
9.480000000000000426e+00,0.000000000000000000e+00,1.570796326794896558e+00,-1.570796326794896558e+00,-2.195545953760540314e+01
9.490000000000000213e+00,0.000000000000000000e+00,1.570796326794896558e+00,-1.570796326794896558e+00,-2.198459213752629537e+01
9.500000000000000000e+00,0.000000000000000000e+00,1.570796326794896558e+00,-1.570796326794896558e+00,-2.201372473744718761e+01
9.509999999999999787e+00,0.000000000000000000e+00,1.570796326794896558e+00,-1.570796326794896558e+00,-2.204285733736807984e+01
9.519999999999999574e+00,0.000000000000000000e+00,1.570796326794896558e+00,-1.570796326794896558e+00,-2.207198993728897207e+01
9.529999999999999361e+00,0.000000000000000000e+00,1.570796326794896558e+00,-1.570796326794896558e+00,-2.210112253720986430e+01
9.540000000000000924e+00,0.000000000000000000e+00,1.570796326794896558e+00,-1.570796326794896558e+00,-2.213025513713075654e+01
9.550000000000000711e+00,0.000000000000000000e+00,1.570796326794896558e+00,-1.570796326794896558e+00,-2.215938773705164877e+01
9.560000000000000497e+00,0.000000000000000000e+00,1.570796326794896558e+00,-1.570796326794896558e+00,-2.218852033697254100e+01
9.570000000000000284e+00,0.000000000000000000e+00,1.570796326794896558e+00,-1.570796326794896558e+00,-2.221765293689343324e+01
9.580000000000000071e+00,0.000000000000000000e+00,1.570796326794896558e+00,-1.570796326794896558e+00,-2.224678553681432547e+01
9.589999999999999858e+00,0.000000000000000000e+00,1.570796326794896558e+00,-1.570796326794896558e+00,-2.227591813673521770e+01
9.599999999999999645e+00,0.000000000000000000e+00,1.570796326794896558e+00,-1.570796326794896558e+00,-2.230505073665610993e+01
9.609999999999999432e+00,0.000000000000000000e+00,1.570796326794896558e+00,-1.570796326794896558e+00,-2.233418333657700217e+01
9.620000000000000995e+00,0.000000000000000000e+00,1.570796326794896558e+00,-1.570796326794896558e+00,-2.236331593649789440e+01
9.630000000000000782e+00,0.000000000000000000e+00,1.570796326794896558e+00,-1.570796326794896558e+00,-2.239244853641878663e+01
9.640000000000000568e+00,0.000000000000000000e+00,1.570796326794896558e+00,-1.570796326794896558e+00,-2.242158113633967886e+01
9.650000000000000355e+00,0.000000000000000000e+00,1.570796326794896558e+00,-1.570796326794896558e+00,-2.245071373626057110e+01
9.660000000000000142e+00,0.000000000000000000e+00,1.570796326794896558e+00,-1.570796326794896558e+00,-2.247984633618146333e+01
9.669999999999999929e+00,0.000000000000000000e+00,1.570796326794896558e+00,-1.570796326794896558e+00,-2.250897893610235556e+01
9.679999999999999716e+00,0.000000000000000000e+00,1.570796326794896558e+00,-1.570796326794896558e+00,-2.253811153602324779e+01
9.689999999999999503e+00,0.000000000000000000e+00,1.570796326794896558e+00,-1.570796326794896558e+00,-2.256724413594414003e+01
9.700000000000001066e+00,0.000000000000000000e+00,1.570796326794896558e+00,-1.570796326794896558e+00,-2.259637673586503226e+01
9.710000000000000853e+00,0.000000000000000000e+00,1.570796326794896558e+00,-1.570796326794896558e+00,-2.262550933578592449e+01
9.720000000000000639e+00,0.000000000000000000e+00,1.570796326794896558e+00,-1.570796326794896558e+00,-2.265464193570681672e+01
9.730000000000000426e+00,0.000000000000000000e+00,1.570796326794896558e+00,-1.570796326794896558e+00,-2.268377453562770896e+01
9.740000000000000213e+00,0.000000000000000000e+00,1.570796326794896558e+00,-1.570796326794896558e+00,-2.271290713554860119e+01
9.750000000000000000e+00,0.000000000000000000e+00,1.570796326794896558e+00,-1.570796326794896558e+00,-2.274203973546949342e+01
9.759999999999999787e+00,0.000000000000000000e+00,1.570796326794896558e+00,-1.570796326794896558e+00,-2.277117233539038565e+01
9.769999999999999574e+00,0.000000000000000000e+00,1.570796326794896558e+00,-1.570796326794896558e+00,-2.280030493531127789e+01
9.779999999999999361e+00,0.000000000000000000e+00,1.570796326794896558e+00,-1.570796326794896558e+00,-2.282943753523217012e+01
9.790000000000000924e+00,0.000000000000000000e+00,1.570796326794896558e+00,-1.570796326794896558e+00,-2.285857013515306235e+01
9.800000000000000711e+00,0.000000000000000000e+00,1.570796326794896558e+00,-1.570796326794896558e+00,-2.288770273507395459e+01
9.810000000000000497e+00,0.000000000000000000e+00,1.570796326794896558e+00,-1.570796326794896558e+00,-2.291683533499484682e+01
9.820000000000000284e+00,0.000000000000000000e+00,1.570796326794896558e+00,-1.570796326794896558e+00,-2.294596793491573905e+01
9.830000000000000071e+00,0.000000000000000000e+00,1.570796326794896558e+00,-1.570796326794896558e+00,-2.297510053483663128e+01
9.839999999999999858e+00,0.000000000000000000e+00,1.570796326794896558e+00,-1.570796326794896558e+00,-2.300423313475752352e+01
9.849999999999999645e+00,0.000000000000000000e+00,1.570796326794896558e+00,-1.570796326794896558e+00,-2.303336573467841575e+01
9.859999999999999432e+00,0.000000000000000000e+00,1.570796326794896558e+00,-1.570796326794896558e+00,-2.306249833459930798e+01
9.870000000000000995e+00,0.000000000000000000e+00,1.570796326794896558e+00,-1.570796326794896558e+00,-2.309163093452020021e+01
9.880000000000000782e+00,0.000000000000000000e+00,1.570796326794896558e+00,-1.570796326794896558e+00,-2.312076353444109245e+01
9.890000000000000568e+00,0.000000000000000000e+00,1.570796326794896558e+00,-1.570796326794896558e+00,-2.314989613436198468e+01
9.900000000000000355e+00,0.000000000000000000e+00,1.570796326794896558e+00,-1.570796326794896558e+00,-2.317902873428287691e+01
9.910000000000000142e+00,0.000000000000000000e+00,1.570796326794896558e+00,-1.570796326794896558e+00,-2.320816133420376914e+01
9.919999999999999929e+00,0.000000000000000000e+00,1.570796326794896558e+00,-1.570796326794896558e+00,-2.323729393412466138e+01
9.929999999999999716e+00,0.000000000000000000e+00,1.570796326794896558e+00,-1.570796326794896558e+00,-2.326642653404555361e+01
9.939999999999999503e+00,0.000000000000000000e+00,1.570796326794896558e+00,-1.570796326794896558e+00,-2.329555913396644584e+01
9.950000000000001066e+00,0.000000000000000000e+00,1.570796326794896558e+00,-1.570796326794896558e+00,-2.332469173388733807e+01
9.960000000000000853e+00,0.000000000000000000e+00,1.570796326794896558e+00,-1.570796326794896558e+00,-2.335382433380823031e+01
9.970000000000000639e+00,0.000000000000000000e+00,1.570796326794896558e+00,-1.570796326794896558e+00,-2.338295693372912254e+01
9.980000000000000426e+00,0.000000000000000000e+00,1.570796326794896558e+00,-1.570796326794896558e+00,-2.341208953365001477e+01
9.990000000000000213e+00,0.000000000000000000e+00,1.570796326794896558e+00,-1.570796326794896558e+00,-2.344122213357090700e+01
